Workbook

Sheet Nuclides
B2: n | C2: z | D2: halflife/s | F2: halflife/s
A3: 1001 | B3: 1 | C3: 0 | D3: 613.9 | F3: 613.9
A4: 1002 | B4: 1 | C4: 1 | D4: STABLE | E4: H2 | F4: STABLE
A5: 1003 | B5: 2 | C5: 1 | D5: 388789632 | E5: H3 | F5: 388789632
A6: 1005 | B6: 4 | C6: 1 | D6: 7.9947368e-23 | E6: H5 | F6: 7.9947368e-23
A7: 1006 | B7: 5 | C7: 1 | D7: 2.848125e-22 | E7: H6 | F7: 2.848125e-22
A8: 2003 | B8: 1 | C8: 2 | D8: STABLE | E8: He3 | F8: STABLE
A9: 2004 | B9: 2 | C9: 2 | D9: STABLE | E9: He4 | F9: STABLE
A10: 2005 | B10: 3 | C10: 2 | D10: 7.595e-22 | E10: He5 | F10: 7.595e-22
A11: 2006 | B11: 4 | C11: 2 | D11: 0.8067 | E11: He6 | F11: 0.8067
A12: 2007 | B12: 5 | C12: 2 | D12: 3.038e-21 | E12: He7 | F12: 3.038e-21
A13: 2008 | B13: 6 | C13: 2 | D13: 0.1191 | E13: He8 | F13: 0.1191
A14: 2010 | B14: 8 | C14: 2 | D14: 1.519e-21 | E14: He10 | F14: 1.519e-21
A15: 3004 | B15: 1 | C15: 3 | D15: 7.5572139e-23 | E15: Li4 | F15: 7.5572139e-23
A16: 3005 | B16: 2 | C16: 3 | D16: 3.038e-22 | E16: Li5 | F16: 3.038e-22
A17: 3006 | B17: 3 | C17: 3 | D17: STABLE | E17: Li6 | F17: STABLE
A18: 3007 | B18: 4 | C18: 3 | D18: STABLE | E18: Li7 | F18: STABLE
A19: 3008 | B19: 5 | C19: 3 | D19: 0.8399 | E19: Li8 | F19: 0.8399
A20: 3009 | B20: 6 | C20: 3 | D20: 0.1783 | E20: Li9 | F20: 0.1783
A21: 3011 | B21: 8 | C21: 3 | D21: 0.00875 | E21: Li11 | F21: 0.00875
A22: 4006 | B22: 2 | C22: 4 | D22: 4.9532609e-21 | E22: Be6 | F22: 4.9532609e-21
A23: 4007 | B23: 3 | C23: 4 | D23: 4598208 | E23: Be7 | F23: 4598208
A24: 4008 | B24: 4 | C24: 4 | D24: 8.1813285e-17 | E24: Be8 | F24: 8.1813285e-17
A25: 4009 | B25: 5 | C25: 4 | D25: STABLE | E25: Be9 | F25: STABLE
A26: 4010 | B26: 6 | C26: 4 | D26: 47651976000000 | E26: Be10 | F26: 47651976000000
A27: 4011 | B27: 7 | C27: 4 | D27: 13.76 | E27: Be11 | F27: 13.76
A28: 4012 | B28: 8 | C28: 4 | D28: 0.02147 | E28: Be12 | F28: 0.02147
A29: 4013 | B29: 9 | C29: 4 | D29: 2.7e-21 | E29: Be13 | F29: 2.7e-21
A30: 4014 | B30: 10 | C30: 4 | D30: 0.00435 | E30: Be14 | F30: 0.00435
A31: 4015 | B31: 11 | C31: 4 | D31: 7.8568966e-22 | E31: Be15 | F31: 7.8568966e-22
A32: 4016 | B32: 12 | C32: 4 | D32: 5.69625e-22 | E32: Be16 | F32: 5.69625e-22
A33: 5007 | B33: 2 | C33: 5 | D33: 3.255e-22 | E33: B7 | F33: 3.255e-22
A34: 5008 | B34: 3 | C34: 5 | D34: 0.77 | E34: B8 | F34: 0.77
A35: 5009 | B35: 4 | C35: 5 | D35: 8.4388889e-19 | E35: B9 | F35: 8.4388889e-19
A36: 5010 | B36: 5 | C36: 5 | D36: STABLE | E36: B10 | F36: STABLE
A37: 5011 | B37: 6 | C37: 5 | D37: STABLE | E37: B11 | F37: STABLE
A38: 5012 | B38: 7 | C38: 5 | D38: 0.0202 | E38: B12 | F38: 0.0202
A39: 5013 | B39: 8 | C39: 5 | D39: 0.01733 | E39: B13 | F39: 0.01733
A40: 5014 | B40: 9 | C40: 5 | D40: 0.01236 | E40: B14 | F40: 0.01236
A41: 5015 | B41: 10 | C41: 5 | D41: 0.01018 | E41: B15 | F41: 0.01018
A42: 5017 | B42: 12 | C42: 5 | D42: 0.00508 | E42: B17 | F42: 0.00508
A43: 5019 | B43: 14 | C43: 5 | D43: 0.00292 | E43: B19 | F43: 0.00292
A44: 6008 | B44: 2 | C44: 6 | D44: 1.9813043e-21 | E44: C8 | F44: 1.9813043e-21
A45: 6009 | B45: 3 | C45: 6 | D45: 0.1265 | E45: C9 | F45: 0.1265
A46: 6010 | B46: 4 | C46: 6 | D46: 19.308 | E46: C10 | F46: 19.308
A47: 6011 | B47: 5 | C47: 6 | D47: 1221.84 | E47: C11 | F47: 1221.84
A48: 6012 | B48: 6 | C48: 6 | D48: STABLE | E48: C12 | F48: STABLE
A49: 6013 | B49: 7 | C49: 6 | D49: STABLE | E49: C13 | F49: STABLE
A50: 6014 | B50: 8 | C50: 6 | D50: 179878320000 | E50: C14 | F50: 179878320000
A51: 6015 | B51: 9 | C51: 6 | D51: 2.449 | E51: C15 | F51: 2.449
A52: 6016 | B52: 10 | C52: 6 | D52: 0.747 | E52: C16 | F52: 0.747
A53: 6017 | B53: 11 | C53: 6 | D53: 0.191 | E53: C17 | F53: 0.191
A54: 6018 | B54: 12 | C54: 6 | D54: 0.092 | E54: C18 | F54: 0.092
A55: 6019 | B55: 13 | C55: 6 | D55: 0.0462 | E55: C19 | F55: 0.0462
A56: 6020 | B56: 14 | C56: 6 | D56: 0.0162 | E56: C20 | F56: 0.0162
A57: 6022 | B57: 16 | C57: 6 | D57: 0.0061 | E57: C22 | F57: 0.0061
A58: 7011 | B58: 4 | C58: 7 | D58: 5.4903614e-22 | E58: N11 | F58: 5.4903614e-22
A59: 7012 | B59: 5 | C59: 7 | D59: 0.011 | E59: N12 | F59: 0.011
A60: 7013 | B60: 6 | C60: 7 | D60: 597.9 | E60: N13 | F60: 597.9
A61: 7014 | B61: 7 | C61: 7 | D61: STABLE | E61: N14 | F61: STABLE
A62: 7015 | B62: 8 | C62: 7 | D62: STABLE | E62: N15 | F62: STABLE
A63: 7016 | B63: 9 | C63: 7 | D63: 7.13 | E63: N16 | F63: 7.13
A64: 7017 | B64: 10 | C64: 7 | D64: 4.171 | E64: N17 | F64: 4.171
A65: 7018 | B65: 11 | C65: 7 | D65: 0.619 | E65: N18 | F65: 0.619
A66: 7019 | B66: 12 | C66: 7 | D66: 0.336 | E66: N19 | F66: 0.336
A67: 7020 | B67: 13 | C67: 7 | D67: 0.136 | E67: N20 | F67: 0.136
A68: 7021 | B68: 14 | C68: 7 | D68: 0.0848 | E68: N21 | F68: 0.0848
A69: 7022 | B69: 15 | C69: 7 | D69: 0.0195 | E69: N22 | F69: 0.0195
A70: 7023 | B70: 16 | C70: 7 | D70: 0.0141 | E70: N23 | F70: 0.0141
A71: 8012 | B71: 4 | C71: 8 | D71: 1.13925e-21 | E71: O12 | F71: 1.13925e-21
A72: 8013 | B72: 5 | C72: 8 | D72: 0.00858 | E72: O13 | F72: 0.00858
A73: 8014 | B73: 6 | C73: 8 | D73: 70.62 | E73: O14 | F73: 70.62
A74: 8015 | B74: 7 | C74: 8 | D74: 122.24 | E74: O15 | F74: 122.24
A75: 8016 | B75: 8 | C75: 8 | D75: STABLE | E75: O16 | F75: STABLE
A76: 8017 | B76: 9 | C76: 8 | D76: STABLE | E76: O17 | F76: STABLE
A77: 8018 | B77: 10 | C77: 8 | D77: STABLE | E77: O18 | F77: STABLE
A78: 8019 | B78: 11 | C78: 8 | D78: 26.88 | E78: O19 | F78: 26.88
A79: 8020 | B79: 12 | C79: 8 | D79: 13.51 | E79: O20 | F79: 13.51
A80: 8021 | B80: 13 | C80: 8 | D80: 3.42 | E80: O21 | F80: 3.42
A81: 8022 | B81: 14 | C81: 8 | D81: 2.25 | E81: O22 | F81: 2.25
A82: 8023 | B82: 15 | C82: 8 | D82: 0.097 | E82: O23 | F82: 0.097
A83: 8024 | B83: 16 | C83: 8 | D83: 0.072 | E83: O24 | F83: 0.072
A84: 8025 | B84: 17 | C84: 8 | D84: 6.3e-21 | E84: O25 | F84: 6.3e-21
A85: 8026 | B85: 18 | C85: 8 | D85: 4.5e-12 | E85: O26 | F85: 4.5e-12
A86: 9014 | B86: 5 | C86: 9 | D86: 5.0076923e-22 | E86: F14 | F86: 5.0076923e-22
A87: 9015 | B87: 6 | C87: 9 | D87: 6.9045455e-22 | E87: F15 | F87: 6.9045455e-22
A88: 9016 | B88: 7 | C88: 9 | D88: 1.13925e-20 | E88: F16 | F88: 1.13925e-20
A89: 9017 | B89: 8 | C89: 9 | D89: 64.49 | E89: F17 | F89: 64.49
A90: 9018 | B90: 9 | C90: 9 | D90: 6586.2 | E90: F18 | F90: 6586.2
A91: 9019 | B91: 10 | C91: 9 | D91: STABLE | E91: F19 | F91: STABLE
A92: 9020 | B92: 11 | C92: 9 | D92: 11.07 | E92: F20 | F92: 11.07
A93: 9021 | B93: 12 | C93: 9 | D93: 4.158 | E93: F21 | F93: 4.158
A94: 9022 | B94: 13 | C94: 9 | D94: 4.23 | E94: F22 | F94: 4.23
A95: 9023 | B95: 14 | C95: 9 | D95: 2.23 | E95: F23 | F95: 2.23
A96: 9024 | B96: 15 | C96: 9 | D96: 0.382 | E96: F24 | F96: 0.382
A97: 9025 | B97: 16 | C97: 9 | D97: 0.08 | E97: F25 | F97: 0.08
A98: 9026 | B98: 17 | C98: 9 | D98: 0.0082 | E98: F26 | F98: 0.0082
A99: 9027 | B99: 18 | C99: 9 | D99: 0.005 | E99: F27 | F99: 0.005
A100: 9028 | B100: 19 | C100: 9 | D100: 4.6e-20 | E100: F28 | F100: 4.6e-20
A101: 9029 | B101: 20 | C101: 9 | D101: 0.00267 | E101: F29 | F101: 0.00267
...

Sheet Havar2
B1: Nuclides | C1: w | D1: Error | E1: Nuclides | F1: T1/2 | G1: T1/2 | H1: λ | I1: 60μA-2h | J1: cool-6h | K1: Nuclides
B4: 3006 | C4: 9e-08 | D4: 0.3333 | E4: =VLOOKUP(B4,[1]Nuclides!A:E,5,FALSE) -> Li6 | F4: =VLOOKUP(B4,[1]Nuclides!A:E,4,FALSE) -> STABLE | G4: =IF(F4="STABLE", "STABLE", IF(F4<60, F4&"s", IF(F4<3600, ROUND(F4/60,2)&"min", IF(F4<86400, ROUND(F4/3600,2)&"h", IF(F4<31536000, ROUND(F4/86400,2)&"d", ROUND(F4/31536000,2)&"y"))))) -> STABLE | H4: =LN(2)/F4 -> #VALUE! | I4: =60*6240000000000*C4*(1-EXP(-H4*2*3600)) -> #VALUE! | J4: =I4*EXP(-H4*96*3600) -> #VALUE! | K4: =E4 -> Li6
B5: 3007 | C5: 1e-07 | D5: 0.3162 | E5: =VLOOKUP(B5,[1]Nuclides!A:E,5,FALSE) -> Li7 | F5: =VLOOKUP(B5,[1]Nuclides!A:E,4,FALSE) -> STABLE | G5: =IF(F5="STABLE", "STABLE", IF(F5<60, F5&"s", IF(F5<3600, ROUND(F5/60,2)&"min", IF(F5<86400, ROUND(F5/3600,2)&"h", IF(F5<31536000, ROUND(F5/86400,2)&"d", ROUND(F5/31536000,2)&"y"))))) -> STABLE | H5: =LN(2)/F5 -> #VALUE! | I5: =60*6240000000000*C5*(1-EXP(-H5*2*3600)) -> #VALUE! | J5: =I5*EXP(-H5*96*3600) -> #VALUE! | K5: =E5 -> Li7
B6: 3008 | C6: 0 | D6: 0 | E6: =VLOOKUP(B6,[1]Nuclides!A:E,5,FALSE) -> Li8 | F6: =VLOOKUP(B6,[1]Nuclides!A:E,4,FALSE) -> 0.8399 | G6: =IF(F6="STABLE", "STABLE", IF(F6<60, F6&"s", IF(F6<3600, ROUND(F6/60,2)&"min", IF(F6<86400, ROUND(F6/3600,2)&"h", IF(F6<31536000, ROUND(F6/86400,2)&"d", ROUND(F6/31536000,2)&"y"))))) -> 0.8399s | H6: =LN(2)/F6 -> 0.82527346 | I6: =60*6240000000000*C6*(1-EXP(-H6*2*3600)) -> 0 | J6: =I6*EXP(-H6*96*3600) -> 0 | K6: =E6 -> Li8
B7: 3009 | C7: 0 | D7: 0 | E7: =VLOOKUP(B7,[1]Nuclides!A:E,5,FALSE) -> Li9 | F7: =VLOOKUP(B7,[1]Nuclides!A:E,4,FALSE) -> 0.1783 | G7: =IF(F7="STABLE", "STABLE", IF(F7<60, F7&"s", IF(F7<3600, ROUND(F7/60,2)&"min", IF(F7<86400, ROUND(F7/3600,2)&"h", IF(F7<31536000, ROUND(F7/86400,2)&"d", ROUND(F7/31536000,2)&"y"))))) -> 0.1783s | H7: =LN(2)/F7 -> 3.8875333 | I7: =60*6240000000000*C7*(1-EXP(-H7*2*3600)) -> 0 | J7: =I7*EXP(-H7*96*3600) -> 0 | K7: =E7 -> Li9
B8: 3010 | C8: 0 | D8: 0 | E8: =VLOOKUP(B8,[1]Nuclides!A:E,5,FALSE) -> #N/A | F8: =VLOOKUP(B8,[1]Nuclides!A:E,4,FALSE) -> #N/A | G8: =IF(F8="STABLE", "STABLE", IF(F8<60, F8&"s", IF(F8<3600, ROUND(F8/60,2)&"min", IF(F8<86400, ROUND(F8/3600,2)&"h", IF(F8<31536000, ROUND(F8/86400,2)&"d", ROUND(F8/31536000,2)&"y"))))) -> #N/A | H8: =LN(2)/F8 -> #N/A | I8: =60*6240000000000*C8*(1-EXP(-H8*2*3600)) -> #N/A | J8: =I8*EXP(-H8*96*3600) -> #N/A | K8: =E8 -> #N/A
B9: 3011 | C9: 0 | D9: 0 | E9: =VLOOKUP(B9,[1]Nuclides!A:E,5,FALSE) -> Li11 | F9: =VLOOKUP(B9,[1]Nuclides!A:E,4,FALSE) -> 0.00875 | G9: =IF(F9="STABLE", "STABLE", IF(F9<60, F9&"s", IF(F9<3600, ROUND(F9/60,2)&"min", IF(F9<86400, ROUND(F9/3600,2)&"h", IF(F9<31536000, ROUND(F9/86400,2)&"d", ROUND(F9/31536000,2)&"y"))))) -> 0.00875s | H9: =LN(2)/F9 -> 79.216821 | I9: =60*6240000000000*C9*(1-EXP(-H9*2*3600)) -> 0 | J9: =I9*EXP(-H9*96*3600) -> 0 | K9: =E9 -> Li11
B10: 4006 | C10: 0 | D10: 0 | E10: =VLOOKUP(B10,[1]Nuclides!A:E,5,FALSE) -> Be6 | F10: =VLOOKUP(B10,[1]Nuclides!A:E,4,FALSE) -> 4.9532609e-21 | G10: =IF(F10="STABLE", "STABLE", IF(F10<60, F10&"s", IF(F10<3600, ROUND(F10/60,2)&"min", IF(F10<86400, ROUND(F10/3600,2)&"h", IF(F10<31536000, ROUND(F10/86400,2)&"d", ROUND(F10/31536000,2)&"y"))))) -> 4.95326086956521E-21s | H10: =LN(2)/F10 -> 1.3993755e+20 | I10: =60*6240000000000*C10*(1-EXP(-H10*2*3600)) -> 0 | J10: =I10*EXP(-H10*96*3600) -> 0 | K10: =E10 -> Be6
B11: 4007 | C11: 6e-08 | D11: 0.4082 | E11: =VLOOKUP(B11,[1]Nuclides!A:E,5,FALSE) -> Be7 | F11: =VLOOKUP(B11,[1]Nuclides!A:E,4,FALSE) -> 4598208 | G11: =IF(F11="STABLE", "STABLE", IF(F11<60, F11&"s", IF(F11<3600, ROUND(F11/60,2)&"min", IF(F11<86400, ROUND(F11/3600,2)&"h", IF(F11<31536000, ROUND(F11/86400,2)&"d", ROUND(F11/31536000,2)&"y"))))) -> 53.22d | H11: =LN(2)/F11 -> 1.5074289e-07 | I11: =60*6240000000000*C11*(1-EXP(-H11*2*3600)) -> 24368.05 | J11: =I11*EXP(-H11*24*30*3600) -> 16486.589 | K11: =E11 -> Be7 | M11: =K11 -> Be7 | N11: =J11 -> 16486.589 | O11: =0 -> 0
B12: 4008 | C12: 0 | D12: 0 | E12: =VLOOKUP(B12,[1]Nuclides!A:E,5,FALSE) -> Be8 | F12: =VLOOKUP(B12,[1]Nuclides!A:E,4,FALSE) -> 8.1813285e-17 | G12: =IF(F12="STABLE", "STABLE", IF(F12<60, F12&"s", IF(F12<3600, ROUND(F12/60,2)&"min", IF(F12<86400, ROUND(F12/3600,2)&"h", IF(F12<31536000, ROUND(F12/86400,2)&"d", ROUND(F12/31536000,2)&"y"))))) -> 8.18132854578096E-17s | H12: =LN(2)/F12 -> 8.4723059e+15 | I12: =60*6240000000000*C12*(1-EXP(-H12*2*3600)) -> 0 | J12: =I12*EXP(-H12*96*3600) -> 0 | K12: =E12 -> Be8
B13: 4009 | C13: 8.1e-07 | D13: 0.1111 | E13: =VLOOKUP(B13,[1]Nuclides!A:E,5,FALSE) -> Be9 | F13: =VLOOKUP(B13,[1]Nuclides!A:E,4,FALSE) -> STABLE | G13: =IF(F13="STABLE", "STABLE", IF(F13<60, F13&"s", IF(F13<3600, ROUND(F13/60,2)&"min", IF(F13<86400, ROUND(F13/3600,2)&"h", IF(F13<31536000, ROUND(F13/86400,2)&"d", ROUND(F13/31536000,2)&"y"))))) -> STABLE | H13: =LN(2)/F13 -> #VALUE! | I13: =60*6240000000000*C13*(1-EXP(-H13*2*3600)) -> #VALUE! | J13: =I13*EXP(-H13*96*3600) -> #VALUE! | K13: =E13 -> Be9
B14: 4010 | C14: 0 | D14: 0 | E14: =VLOOKUP(B14,[1]Nuclides!A:E,5,FALSE) -> Be10 | F14: =VLOOKUP(B14,[1]Nuclides!A:E,4,FALSE) -> 47651976000000 | G14: =IF(F14="STABLE", "STABLE", IF(F14<60, F14&"s", IF(F14<3600, ROUND(F14/60,2)&"min", IF(F14<86400, ROUND(F14/3600,2)&"h", IF(F14<31536000, ROUND(F14/86400,2)&"d", ROUND(F14/31536000,2)&"y"))))) -> 1511034.25y | H14: =LN(2)/F14 -> 1.4546032e-14 | I14: =60*6240000000000*C14*(1-EXP(-H14*2*3600)) -> 0 | J14: =I14*EXP(-H14*96*3600) -> 0 | K14: =E14 -> Be10
B15: 4011 | C15: 0 | D15: 0 | E15: =VLOOKUP(B15,[1]Nuclides!A:E,5,FALSE) -> Be11 | F15: =VLOOKUP(B15,[1]Nuclides!A:E,4,FALSE) -> 13.76 | G15: =IF(F15="STABLE", "STABLE", IF(F15<60, F15&"s", IF(F15<3600, ROUND(F15/60,2)&"min", IF(F15<86400, ROUND(F15/3600,2)&"h", IF(F15<31536000, ROUND(F15/86400,2)&"d", ROUND(F15/31536000,2)&"y"))))) -> 13.76s | H15: =LN(2)/F15 -> 0.050374068 | I15: =60*6240000000000*C15*(1-EXP(-H15*2*3600)) -> 0 | J15: =I15*EXP(-H15*96*3600) -> 0 | K15: =E15 -> Be11
B16: 4012 | C16: 0 | D16: 0 | E16: =VLOOKUP(B16,[1]Nuclides!A:E,5,FALSE) -> Be12 | F16: =VLOOKUP(B16,[1]Nuclides!A:E,4,FALSE) -> 0.02147 | G16: =IF(F16="STABLE", "STABLE", IF(F16<60, F16&"s", IF(F16<3600, ROUND(F16/60,2)&"min", IF(F16<86400, ROUND(F16/3600,2)&"h", IF(F16<31536000, ROUND(F16/86400,2)&"d", ROUND(F16/31536000,2)&"y"))))) -> 0.02147s | H16: =LN(2)/F16 -> 32.284452 | I16: =60*6240000000000*C16*(1-EXP(-H16*2*3600)) -> 0 | J16: =I16*EXP(-H16*96*3600) -> 0 | K16: =E16 -> Be12
B17: 4013 | C17: 0 | D17: 0 | E17: =VLOOKUP(B17,[1]Nuclides!A:E,5,FALSE) -> Be13 | F17: =VLOOKUP(B17,[1]Nuclides!A:E,4,FALSE) -> 2.7e-21 | G17: =IF(F17="STABLE", "STABLE", IF(F17<60, F17&"s", IF(F17<3600, ROUND(F17/60,2)&"min", IF(F17<86400, ROUND(F17/3600,2)&"h", IF(F17<31536000, ROUND(F17/86400,2)&"d", ROUND(F17/31536000,2)&"y"))))) -> 2.7E-21s | H17: =LN(2)/F17 -> 2.5672118e+20 | I17: =60*6240000000000*C17*(1-EXP(-H17*2*3600)) -> 0 | J17: =I17*EXP(-H17*96*3600) -> 0 | K17: =E17 -> Be13
B18: 4014 | C18: 0 | D18: 0 | E18: =VLOOKUP(B18,[1]Nuclides!A:E,5,FALSE) -> Be14 | F18: =VLOOKUP(B18,[1]Nuclides!A:E,4,FALSE) -> 0.00435 | G18: =IF(F18="STABLE", "STABLE", IF(F18<60, F18&"s", IF(F18<3600, ROUND(F18/60,2)&"min", IF(F18<86400, ROUND(F18/3600,2)&"h", IF(F18<31536000, ROUND(F18/86400,2)&"d", ROUND(F18/31536000,2)&"y"))))) -> 0.00435s | H18: =LN(2)/F18 -> 159.34418 | I18: =60*6240000000000*C18*(1-EXP(-H18*2*3600)) -> 0 | J18: =I18*EXP(-H18*96*3600) -> 0 | K18: =E18 -> Be14
B19: 5008 | C19: 0 | D19: 0 | E19: =VLOOKUP(B19,[1]Nuclides!A:E,5,FALSE) -> B8 | F19: =VLOOKUP(B19,[1]Nuclides!A:E,4,FALSE) -> 0.77 | G19: =IF(F19="STABLE", "STABLE", IF(F19<60, F19&"s", IF(F19<3600, ROUND(F19/60,2)&"min", IF(F19<86400, ROUND(F19/3600,2)&"h", IF(F19<31536000, ROUND(F19/86400,2)&"d", ROUND(F19/31536000,2)&"y"))))) -> 0.77s | H19: =LN(2)/F19 -> 0.90019114 | I19: =60*6240000000000*C19*(1-EXP(-H19*2*3600)) -> 0 | J19: =I19*EXP(-H19*96*3600) -> 0 | K19: =E19 -> B8
B20: 5009 | C20: 0 | D20: 0 | E20: =VLOOKUP(B20,[1]Nuclides!A:E,5,FALSE) -> B9 | F20: =VLOOKUP(B20,[1]Nuclides!A:E,4,FALSE) -> 8.4388889e-19 | G20: =IF(F20="STABLE", "STABLE", IF(F20<60, F20&"s", IF(F20<3600, ROUND(F20/60,2)&"min", IF(F20<86400, ROUND(F20/3600,2)&"h", IF(F20<31536000, ROUND(F20/86400,2)&"d", ROUND(F20/31536000,2)&"y"))))) -> 8.43888888888888E-19s | H20: =LN(2)/F20 -> 8.2137256e+17 | I20: =60*6240000000000*C20*(1-EXP(-H20*2*3600)) -> 0 | J20: =I20*EXP(-H20*96*3600) -> 0 | K20: =E20 -> B9
B21: 5010 | C21: 0 | D21: 0 | E21: =VLOOKUP(B21,[1]Nuclides!A:E,5,FALSE) -> B10 | F21: =VLOOKUP(B21,[1]Nuclides!A:E,4,FALSE) -> STABLE | G21: =IF(F21="STABLE", "STABLE", IF(F21<60, F21&"s", IF(F21<3600, ROUND(F21/60,2)&"min", IF(F21<86400, ROUND(F21/3600,2)&"h", IF(F21<31536000, ROUND(F21/86400,2)&"d", ROUND(F21/31536000,2)&"y"))))) -> STABLE | H21: =LN(2)/F21 -> #VALUE! | I21: =60*6240000000000*C21*(1-EXP(-H21*2*3600)) -> #VALUE! | J21: =I21*EXP(-H21*96*3600) -> #VALUE! | K21: =E21 -> B10
B22: 5011 | C22: 0 | D22: 0 | E22: =VLOOKUP(B22,[1]Nuclides!A:E,5,FALSE) -> B11 | F22: =VLOOKUP(B22,[1]Nuclides!A:E,4,FALSE) -> STABLE | G22: =IF(F22="STABLE", "STABLE", IF(F22<60, F22&"s", IF(F22<3600, ROUND(F22/60,2)&"min", IF(F22<86400, ROUND(F22/3600,2)&"h", IF(F22<31536000, ROUND(F22/86400,2)&"d", ROUND(F22/31536000,2)&"y"))))) -> STABLE | H22: =LN(2)/F22 -> #VALUE! | I22: =60*6240000000000*C22*(1-EXP(-H22*2*3600)) -> #VALUE! | J22: =I22*EXP(-H22*96*3600) -> #VALUE! | K22: =E22 -> B11
B23: 5012 | C23: 0 | D23: 0 | E23: =VLOOKUP(B23,[1]Nuclides!A:E,5,FALSE) -> B12 | F23: =VLOOKUP(B23,[1]Nuclides!A:E,4,FALSE) -> 0.0202 | G23: =IF(F23="STABLE", "STABLE", IF(F23<60, F23&"s", IF(F23<3600, ROUND(F23/60,2)&"min", IF(F23<86400, ROUND(F23/3600,2)&"h", IF(F23<31536000, ROUND(F23/86400,2)&"d", ROUND(F23/31536000,2)&"y"))))) -> 0.0202s | H23: =LN(2)/F23 -> 34.314217 | I23: =60*6240000000000*C23*(1-EXP(-H23*2*3600)) -> 0 | J23: =I23*EXP(-H23*96*3600) -> 0 | K23: =E23 -> B12
... B280: 23048 | C280: 0 | D280: 0 | E280: =VLOOKUP(B280,[1]Nuclides!A:E,5,FALSE) -> V48 | F280: =VLOOKUP(B280,[1]Nuclides!A:E,4,FALSE) -> 1380110.4 | G280: =IF(F280="STABLE", "STABLE", IF(F280<60, F280&"s", IF(F280<3600, ROUND(F280/60,2)&"min", IF(F280<86400, ROUND(F280/3600,2)&"h", IF(F280<31536000, ROUND(F280/86400,2)&"d", ROUND(F280/31536000,2)&"y"))))) -> 15.97d | H280: =LN(2)/F280 -> 5.0224039e-07 | I280: =60*6240000000000*C280*(1-EXP(-H280*2*3600)) -> 0 | J280: =I280*EXP(-H280*96*3600) -> 0 | K280: =E280 -> V48
B281: 23049 | C281: 5.2e-07 | D281: 0.1387 | E281: =VLOOKUP(B281,[1]Nuclides!A:E,5,FALSE) -> V49 | F281: =VLOOKUP(B281,[1]Nuclides!A:E,4,FALSE) -> 28512000 | G281: =IF(F281="STABLE", "STABLE", IF(F281<60, F281&"s", IF(F281<3600, ROUND(F281/60,2)&"min", IF(F281<86400, ROUND(F281/3600,2)&"h", IF(F281<31536000, ROUND(F281/86400,2)&"d", ROUND(F281/31536000,2)&"y"))))) -> 330d | H281: =LN(2)/F281 -> 2.4310718e-08 | I281: =60*6240000000000*C281*(1-EXP(-H281*2*3600)) -> 34074.654 | J281: =I281*EXP(-H281*24*30*3600) -> 31993.746 | K281: =E281 -> V49 | M281: =K281 -> V49 | N281: =J281 -> 31993.746 | O281: =0 -> 0
B282: 23050 | C282: 1.4e-07 | D282: 0.2673 | E282: =VLOOKUP(B282,[1]Nuclides!A:E,5,FALSE) -> V50 | F282: =VLOOKUP(B282,[1]Nuclides!A:E,4,FALSE) -> 6.627096e+24 | G282: =IF(F282="STABLE", "STABLE", IF(F282<60, F282&"s", IF(F282<3600, ROUND(F282/60,2)&"min", IF(F282<86400, ROUND(F282/3600,2)&"h", IF(F282<31536000, ROUND(F282/86400,2)&"d", ROUND(F282/31536000,2)&"y"))))) -> 210143835616438000y | H282: =LN(2)/F282 -> 1.045929e-25 | I282: =60*6240000000000*C282*(1-EXP(-H282*2*3600)) -> 0 | J282: =I282*EXP(-H282*96*3600) -> 0 | K282: =E282 -> V50
B283: 23051 | C283: 3e-08 | D283: 0.5774 | E283: =VLOOKUP(B283,[1]Nuclides!A:E,5,FALSE) -> V51 | F283: =VLOOKUP(B283,[1]Nuclides!A:E,4,FALSE) -> STABLE | G283: =IF(F283="STABLE", "STABLE", IF(F283<60, F283&"s", IF(F283<3600, ROUND(F283/60,2)&"min", IF(F283<86400, ROUND(F283/3600,2)&"h", IF(F283<31536000, ROUND(F283/86400,2)&"d", ROUND(F283/31536000,2)&"y"))))) -> STABLE | H283: =LN(2)/F283 -> #VALUE! | I283: =60*6240000000000*C283*(1-EXP(-H283*2*3600)) -> #VALUE! | J283: =I283*EXP(-H283*96*3600) -> #VALUE! | K283: =E283 -> V51
B284: 23052 | C284: 0 | D284: 0 | E284: =VLOOKUP(B284,[1]Nuclides!A:E,5,FALSE) -> V52 | F284: =VLOOKUP(B284,[1]Nuclides!A:E,4,FALSE) -> 224.58 | G284: =IF(F284="STABLE", "STABLE", IF(F284<60, F284&"s", IF(F284<3600, ROUND(F284/60,2)&"min", IF(F284<86400, ROUND(F284/3600,2)&"h", IF(F284<31536000, ROUND(F284/86400,2)&"d", ROUND(F284/31536000,2)&"y"))))) -> 3.74min | H284: =LN(2)/F284 -> 0.0030864154 | I284: =60*6240000000000*C284*(1-EXP(-H284*2*3600)) -> 0 | J284: =I284*EXP(-H284*96*3600) -> 0 | K284: =E284 -> V52
B285: 23053 | C285: 0 | D285: 0 | E285: =VLOOKUP(B285,[1]Nuclides!A:E,5,FALSE) -> V53 | F285: =VLOOKUP(B285,[1]Nuclides!A:E,4,FALSE) -> 92.58 | G285: =IF(F285="STABLE", "STABLE", IF(F285<60, F285&"s", IF(F285<3600, ROUND(F285/60,2)&"min", IF(F285<86400, ROUND(F285/3600,2)&"h", IF(F285<31536000, ROUND(F285/86400,2)&"d", ROUND(F285/31536000,2)&"y"))))) -> 1.54min | H285: =LN(2)/F285 -> 0.0074870078 | I285: =60*6240000000000*C285*(1-EXP(-H285*2*3600)) -> 0 | J285: =I285*EXP(-H285*96*3600) -> 0 | K285: =E285 -> V53
B286: 23054 | C286: 0 | D286: 0 | E286: =VLOOKUP(B286,[1]Nuclides!A:E,5,FALSE) -> V54 | F286: =VLOOKUP(B286,[1]Nuclides!A:E,4,FALSE) -> 49.8 | G286: =IF(F286="STABLE", "STABLE", IF(F286<60, F286&"s", IF(F286<3600, ROUND(F286/60,2)&"min", IF(F286<86400, ROUND(F286/3600,2)&"h", IF(F286<31536000, ROUND(F286/86400,2)&"d", ROUND(F286/31536000,2)&"y"))))) -> 49.8s | H286: =LN(2)/F286 -> 0.013918618 | I286: =60*6240000000000*C286*(1-EXP(-H286*2*3600)) -> 0 | J286: =I286*EXP(-H286*96*3600) -> 0 | K286: =E286 -> V54
B287: 23055 | C287: 0 | D287: 0 | E287: =VLOOKUP(B287,[1]Nuclides!A:E,5,FALSE) -> V55 | F287: =VLOOKUP(B287,[1]Nuclides!A:E,4,FALSE) -> 6.54 | G287: =IF(F287="STABLE", "STABLE", IF(F287<60, F287&"s", IF(F287<3600, ROUND(F287/60,2)&"min", IF(F287<86400, ROUND(F287/3600,2)&"h", IF(F287<31536000, ROUND(F287/86400,2)&"d", ROUND(F287/31536000,2)&"y"))))) -> 6.54s | H287: =LN(2)/F287 -> 0.10598581 | I287: =60*6240000000000*C287*(1-EXP(-H287*2*3600)) -> 0 | J287: =I287*EXP(-H287*96*3600) -> 0 | K287: =E287 -> V55
B288: 23056 | C288: 0 | D288: 0 | E288: =VLOOKUP(B288,[1]Nuclides!A:E,5,FALSE) -> V56 | F288: =VLOOKUP(B288,[1]Nuclides!A:E,4,FALSE) -> 0.216 | G288: =IF(F288="STABLE", "STABLE", IF(F288<60, F288&"s", IF(F288<3600, ROUND(F288/60,2)&"min", IF(F288<86400, ROUND(F288/3600,2)&"h", IF(F288<31536000, ROUND(F288/86400,2)&"d", ROUND(F288/31536000,2)&"y"))))) -> 0.216s | H288: =LN(2)/F288 -> 3.2090147 | I288: =60*6240000000000*C288*(1-EXP(-H288*2*3600)) -> 0 | J288: =I288*EXP(-H288*96*3600) -> 0 | K288: =E288 -> V56
B289: 24045 | C289: 0 | D289: 0 | E289: =VLOOKUP(B289,[1]Nuclides!A:E,5,FALSE) -> Cr45 | F289: =VLOOKUP(B289,[1]Nuclides!A:E,4,FALSE) -> 0.0609 | G289: =IF(F289="STABLE", "STABLE", IF(F289<60, F289&"s", IF(F289<3600, ROUND(F289/60,2)&"min", IF(F289<86400, ROUND(F289/3600,2)&"h", IF(F289<31536000, ROUND(F289/86400,2)&"d", ROUND(F289/31536000,2)&"y"))))) -> 0.0609s | H289: =LN(2)/F289 -> 11.381727 | I289: =60*6240000000000*C289*(1-EXP(-H289*2*3600)) -> 0 | J289: =I289*EXP(-H289*96*3600) -> 0 | K289: =E289 -> Cr45
B290: 24046 | C290: 0 | D290: 0 | E290: =VLOOKUP(B290,[1]Nuclides!A:E,5,FALSE) -> Cr46 | F290: =VLOOKUP(B290,[1]Nuclides!A:E,4,FALSE) -> 0.26 | G290: =IF(F290="STABLE", "STABLE", IF(F290<60, F290&"s", IF(F290<3600, ROUND(F290/60,2)&"min", IF(F290<86400, ROUND(F290/3600,2)&"h", IF(F290<31536000, ROUND(F290/86400,2)&"d", ROUND(F290/31536000,2)&"y"))))) -> 0.26s | H290: =LN(2)/F290 -> 2.6659507 | I290: =60*6240000000000*C290*(1-EXP(-H290*2*3600)) -> 0 | J290: =I290*EXP(-H290*96*3600) -> 0 | K290: =E290 -> Cr46
B291: 24047 | C291: 0 | D291: 0 | E291: =VLOOKUP(B291,[1]Nuclides!A:E,5,FALSE) -> Cr47 | F291: =VLOOKUP(B291,[1]Nuclides!A:E,4,FALSE) -> 0.5 | G291: =IF(F291="STABLE", "STABLE", IF(F291<60, F291&"s", IF(F291<3600, ROUND(F291/60,2)&"min", IF(F291<86400, ROUND(F291/3600,2)&"h", IF(F291<31536000, ROUND(F291/86400,2)&"d", ROUND(F291/31536000,2)&"y"))))) -> 0.5s | H291: =LN(2)/F291 -> 1.3862944 | I291: =60*6240000000000*C291*(1-EXP(-H291*2*3600)) -> 0 | J291: =I291*EXP(-H291*96*3600) -> 0 | K291: =E291 -> Cr47
B292: 24048 | C292: 0 | D292: 0 | E292: =VLOOKUP(B292,[1]Nuclides!A:E,5,FALSE) -> Cr48 | F292: =VLOOKUP(B292,[1]Nuclides!A:E,4,FALSE) -> 77616 | G292: =IF(F292="STABLE", "STABLE", IF(F292<60, F292&"s", IF(F292<3600, ROUND(F292/60,2)&"min", IF(F292<86400, ROUND(F292/3600,2)&"h", IF(F292<31536000, ROUND(F292/86400,2)&"d", ROUND(F292/31536000,2)&"y"))))) -> 21.56h | H292: =LN(2)/F292 -> 8.9304677e-06 | I292: =60*6240000000000*C292*(1-EXP(-H292*2*3600)) -> 0 | J292: =I292*EXP(-H292*96*3600) -> 0 | K292: =E292 -> Cr48
B293: 24049 | C293: 0 | D293: 0 | E293: =VLOOKUP(B293,[1]Nuclides!A:E,5,FALSE) -> Cr49 | F293: =VLOOKUP(B293,[1]Nuclides!A:E,4,FALSE) -> 2538 | G293: =IF(F293="STABLE", "STABLE", IF(F293<60, F293&"s", IF(F293<3600, ROUND(F293/60,2)&"min", IF(F293<86400, ROUND(F293/3600,2)&"h", IF(F293<31536000, ROUND(F293/86400,2)&"d", ROUND(F293/31536000,2)&"y"))))) -> 42.3min | H293: =LN(2)/F293 -> 0.00027310764 | I293: =60*6240000000000*C293*(1-EXP(-H293*2*3600)) -> 0 | J293: =I293*EXP(-H293*96*3600) -> 0 | K293: =E293 -> Cr49
B294: 24050 | C294: 5.04e-06 | D294: 0.0445 | E294: =VLOOKUP(B294,[1]Nuclides!A:E,5,FALSE) -> Cr50 | F294: =VLOOKUP(B294,[1]Nuclides!A:E,4,FALSE) -> 4.102488e+25 | G294: =IF(F294="STABLE", "STABLE", IF(F294<60, F294&"s", IF(F294<3600, ROUND(F294/60,2)&"min", IF(F294<86400, ROUND(F294/3600,2)&"h", IF(F294<31536000, ROUND(F294/86400,2)&"d", ROUND(F294/31536000,2)&"y"))))) -> 1300890410958900000y | H294: =LN(2)/F294 -> 1.6895776e-26 | I294: =60*6240000000000*C294*(1-EXP(-H294*2*3600)) -> 0 | J294: =I294*EXP(-H294*96*3600) -> 0 | K294: =E294 -> Cr50
B295: 24051 | C295: 1e-08 | D295: 1 | E295: =VLOOKUP(B295,[1]Nuclides!A:E,5,FALSE) -> Cr51 | F295: =VLOOKUP(B295,[1]Nuclides!A:E,4,FALSE) -> 2393496 | G295: =IF(F295="STABLE", "STABLE", IF(F295<60, F295&"s", IF(F295<3600, ROUND(F295/60,2)&"min", IF(F295<86400, ROUND(F295/3600,2)&"h", IF(F295<31536000, ROUND(F295/86400,2)&"d", ROUND(F295/31536000,2)&"y"))))) -> 27.7d | H295: =LN(2)/F295 -> 2.8959613e-07 | I295: =60*6240000000000*C295*(1-EXP(-H295*2*3600)) -> 7798.4519 | J295: =I295*EXP(-H295*24*30*3600) -> 3681.3962 | K295: =E295 -> Cr51 | M295: =K295 -> Cr51 | N295: =J295 -> 3681.3962 | O295: =0 -> 0
B296: 24052 | C296: 7.898e-05 | D296: 0.0113 | E296: =VLOOKUP(B296,[1]Nuclides!A:E,5,FALSE) -> Cr52 | F296: =VLOOKUP(B296,[1]Nuclides!A:E,4,FALSE) -> STABLE | G296: =IF(F296="STABLE", "STABLE", IF(F296<60, F296&"s", IF(F296<3600, ROUND(F296/60,2)&"min", IF(F296<86400, ROUND(F296/3600,2)&"h", IF(F296<31536000, ROUND(F296/86400,2)&"d", ROUND(F296/31536000,2)&"y"))))) -> STABLE | H296: =LN(2)/F296 -> #VALUE! | I296: =60*6240000000000*C296*(1-EXP(-H296*2*3600)) -> #VALUE! | J296: =I296*EXP(-H296*96*3600) -> #VALUE! | K296: =E296 -> Cr52
B297: 24053 | C297: 6.58e-06 | D297: 0.039 | E297: =VLOOKUP(B297,[1]Nuclides!A:E,5,FALSE) -> Cr53 | F297: =VLOOKUP(B297,[1]Nuclides!A:E,4,FALSE) -> STABLE | G297: =IF(F297="STABLE", "STABLE", IF(F297<60, F297&"s", IF(F297<3600, ROUND(F297/60,2)&"min", IF(F297<86400, ROUND(F297/3600,2)&"h", IF(F297<31536000, ROUND(F297/86400,2)&"d", ROUND(F297/31536000,2)&"y"))))) -> STABLE | H297: =LN(2)/F297 -> #VALUE! | I297: =60*6240000000000*C297*(1-EXP(-H297*2*3600)) -> #VALUE! | J297: =I297*EXP(-H297*96*3600) -> #VALUE! | K297: =E297 -> Cr53
B298: 24054 | C298: 1.87e-06 | D298: 0.0731 | E298: =VLOOKUP(B298,[1]Nuclides!A:E,5,FALSE) -> Cr54 | F298: =VLOOKUP(B298,[1]Nuclides!A:E,4,FALSE) -> STABLE | G298: =IF(F298="STABLE", "STABLE", IF(F298<60, F298&"s", IF(F298<3600, ROUND(F298/60,2)&"min", IF(F298<86400, ROUND(F298/3600,2)&"h", IF(F298<31536000, ROUND(F298/86400,2)&"d", ROUND(F298/31536000,2)&"y"))))) -> STABLE | H298: =LN(2)/F298 -> #VALUE! | I298: =60*6240000000000*C298*(1-EXP(-H298*2*3600)) -> #VALUE! | J298: =I298*EXP(-H298*96*3600) -> #VALUE! | K298: =E298 -> Cr54
B299: 24055 | C299: 0 | D299: 0 | E299: =VLOOKUP(B299,[1]Nuclides!A:E,5,FALSE) -> Cr55 | F299: =VLOOKUP(B299,[1]Nuclides!A:E,4,FALSE) -> 209.82 | G299: =IF(F299="STABLE", "STABLE", IF(F299<60, F299&"s", IF(F299<3600, ROUND(F299/60,2)&"min", IF(F299<86400, ROUND(F299/3600,2)&"h", IF(F299<31536000, ROUND(F299/86400,2)&"d", ROUND(F299/31536000,2)&"y"))))) -> 3.5min | H299: =LN(2)/F299 -> 0.0033035325 | I299: =60*6240000000000*C299*(1-EXP(-H299*2*3600)) -> 0 | J299: =I299*EXP(-H299*96*3600) -> 0 | K299: =E299 -> Cr55
B300: 24056 | C300: 0 | D300: 0 | E300: =VLOOKUP(B300,[1]Nuclides!A:E,5,FALSE) -> Cr56 | F300: =VLOOKUP(B300,[1]Nuclides!A:E,4,FALSE) -> 356.4 | G300: =IF(F300="STABLE", "STABLE", IF(F300<60, F300&"s", IF(F300<3600, ROUND(F300/60,2)&"min", IF(F300<86400, ROUND(F300/3600,2)&"h", IF(F300<31536000, ROUND(F300/86400,2)&"d", ROUND(F300/31536000,2)&"y"))))) -> 5.94min | H300: =LN(2)/F300 -> 0.0019448574 | I300: =60*6240000000000*C300*(1-EXP(-H300*2*3600)) -> 0 | J300: =I300*EXP(-H300*96*3600) -> 0 | K300: =E300 -> Cr56
B301: 24057 | C301: 0 | D301: 0 | E301: =VLOOKUP(B301,[1]Nuclides!A:E,5,FALSE) -> Cr57 | F301: =VLOOKUP(B301,[1]Nuclides!A:E,4,FALSE) -> 21.1 | G301: =IF(F301="STABLE", "STABLE", IF(F301<60, F301&"s", IF(F301<3600, ROUND(F301/60,2)&"min", IF(F301<86400, ROUND(F301/3600,2)&"h", IF(F301<31536000, ROUND(F301/86400,2)&"d", ROUND(F301/31536000,2)&"y"))))) -> 21.1s | H301: =LN(2)/F301 -> 0.032850577 | I301: =60*6240000000000*C301*(1-EXP(-H301*2*3600)) -> 0 | J301: =I301*EXP(-H301*96*3600) -> 0 | K301: =E301 -> Cr57
B302: 24058 | C302: 0 | D302: 0 | E302: =VLOOKUP(B302,[1]Nuclides!A:E,5,FALSE) -> Cr58 | F302: =VLOOKUP(B302,[1]Nuclides!A:E,4,FALSE) -> 7 | G302: =IF(F302="STABLE", "STABLE", IF(F302<60, F302&"s", IF(F302<3600, ROUND(F302/60,2)&"min", IF(F302<86400, ROUND(F302/3600,2)&"h", IF(F302<31536000, ROUND(F302/86400,2)&"d", ROUND(F302/31536000,2)&"y"))))) -> 7s | H302: =LN(2)/F302 -> 0.099021026 | I302: =60*6240000000000*C302*(1-EXP(-H302*2*3600)) -> 0 | J302: =I302*EXP(-H302*96*3600) -> 0 | K302: =E302 -> Cr58
B303: 24059 | C303: 0 | D303: 0 | E303: =VLOOKUP(B303,[1]Nuclides!A:E,5,FALSE) -> Cr59 | F303: =VLOOKUP(B303,[1]Nuclides!A:E,4,FALSE) -> 1.05 | G303: =IF(F303="STABLE", "STABLE", IF(F303<60, F303&"s", IF(F303<3600, ROUND(F303/60,2)&"min", IF(F303<86400, ROUND(F303/3600,2)&"h", IF(F303<31536000, ROUND(F303/86400,2)&"d", ROUND(F303/31536000,2)&"y"))))) -> 1.05s | H303: =LN(2)/F303 -> 0.66014017 | I303: =60*6240000000000*C303*(1-EXP(-H303*2*3600)) -> 0 | J303: =I303*EXP(-H303*96*3600) -> 0 | K303: =E303 -> Cr59
B304: 25049 | C304: 0 | D304: 0 | E304: =VLOOKUP(B304,[1]Nuclides!A:E,5,FALSE) -> Mn49 | F304: =VLOOKUP(B304,[1]Nuclides!A:E,4,FALSE) -> 0.382 | G304: =IF(F304="STABLE", "STABLE", IF(F304<60, F304&"s", IF(F304<3600, ROUND(F304/60,2)&"min", IF(F304<86400, ROUND(F304/3600,2)&"h", IF(F304<31536000, ROUND(F304/86400,2)&"d", ROUND(F304/31536000,2)&"y"))))) -> 0.382s | H304: =LN(2)/F304 -> 1.8145214 | I304: =60*6240000000000*C304*(1-EXP(-H304*2*3600)) -> 0 | J304: =I304*EXP(-H304*96*3600) -> 0 | K304: =E304 -> Mn49
B305: 25050 | C305: 4e-07 | D305: 0.1581 | E305: =VLOOKUP(B305,[1]Nuclides!A:E,5,FALSE) -> Mn50 | F305: =VLOOKUP(B305,[1]Nuclides!A:E,4,FALSE) -> 0.28319 | G305: =IF(F305="STABLE", "STABLE", IF(F305<60, F305&"s", IF(F305<3600, ROUND(F305/60,2)&"min", IF(F305<86400, ROUND(F305/3600,2)&"h", IF(F305<31536000, ROUND(F305/86400,2)&"d", ROUND(F305/31536000,2)&"y"))))) -> 0.28319s | H305: =LN(2)/F305 -> 2.44764 | I305: =60*6240000000000*C305*(1-EXP(-H305*2*3600)) -> 149760000 | J305: =I305*EXP(-H305*96*3600) -> 0 | K305: =E305 -> Mn50
B306: 25051 | C306: 4e-08 | D306: 0.5 | E306: =VLOOKUP(B306,[1]Nuclides!A:E,5,FALSE) -> Mn51 | F306: =VLOOKUP(B306,[1]Nuclides!A:E,4,FALSE) -> 2772 | G306: =IF(F306="STABLE", "STABLE", IF(F306<60, F306&"s", IF(F306<3600, ROUND(F306/60,2)&"min", IF(F306<86400, ROUND(F306/3600,2)&"h", IF(F306<31536000, ROUND(F306/86400,2)&"d", ROUND(F306/31536000,2)&"y"))))) -> 46.2min | H306: =LN(2)/F306 -> 0.0002500531 | I306: =60*6240000000000*C306*(1-EXP(-H306*2*3600)) -> 12501430 | J306: =I306*EXP(-H306*96*3600) -> 3.6808426e-31 | K306: =E306 -> Mn51
B307: 25052 | C307: 2.92e-05 | D307: 0.0185 | E307: =VLOOKUP(B307,[1]Nuclides!A:E,5,FALSE) -> Mn52 | F307: =VLOOKUP(B307,[1]Nuclides!A:E,4,FALSE) -> 483062.4 | G307: =IF(F307="STABLE", "STABLE", IF(F307<60, F307&"s", IF(F307<3600, ROUND(F307/60,2)&"min", IF(F307<86400, ROUND(F307/3600,2)&"h", IF(F307<31536000, ROUND(F307/86400,2)&"d", ROUND(F307/31536000,2)&"y"))))) -> 5.59d | H307: =LN(2)/F307 -> 1.434902e-06 | I307: =60*6240000000000*C307*(1-EXP(-H307*2*3600)) -> 1.1236523e+08 | J307: =I307*EXP(-H307*24*30*3600) -> 2725055.1 | K307: =E307 -> Mn52 | M307: =K307 -> Mn52 | N307: =J307 -> 2725055.1 | O307: =0 -> 0
B308: 25053 | C308: 3.55e-06 | D308: 0.0531 | E308: =VLOOKUP(B308,[1]Nuclides!A:E,5,FALSE) -> Mn53 | F308: =VLOOKUP(B308,[1]Nuclides!A:E,4,FALSE) -> 118025424000000 | G308: =IF(F308="STABLE", "STABLE", IF(F308<60, F308&"s", IF(F308<3600, ROUND(F308/60,2)&"min", IF(F308<86400, ROUND(F308/3600,2)&"h", IF(F308<31536000, ROUND(F308/86400,2)&"d", ROUND(F308/31536000,2)&"y"))))) -> 3742561.64y | H308: =LN(2)/F308 -> 5.8728633e-15 | I308: =60*6240000000000*C308*(1-EXP(-H308*2*3600)) -> 0.056201334 | J308: =I308*EXP(-H308*96*3600) -> 0.056201334 | K308: =E308 -> Mn53
B309: 25054 | C309: 8.5e-07 | D309: 0.1085 | E309: =VLOOKUP(B309,[1]Nuclides!A:E,5,FALSE) -> Mn54 | F309: =VLOOKUP(B309,[1]Nuclides!A:E,4,FALSE) -> 26974080 | G309: =IF(F309="STABLE", "STABLE", IF(F309<60, F309&"s", IF(F309<3600, ROUND(F309/60,2)&"min", IF(F309<86400, ROUND(F309/3600,2)&"h", IF(F309<31536000, ROUND(F309/86400,2)&"d", ROUND(F309/31536000,2)&"y"))))) -> 312.2d | H309: =LN(2)/F309 -> 2.5696787e-08 | I309: =60*6240000000000*C309*(1-EXP(-H309*2*3600)) -> 58874.32 | J309: =I309*EXP(-H309*24*30*3600) -> 55080.675 | K309: =E309 -> Mn54 | M309: =K309 -> Mn54 | N309: =J309 -> 55080.675 | O309: =0 -> 0
B310: 25055 | C310: 5.87e-06 | D310: 0.0413 | E310: =VLOOKUP(B310,[1]Nuclides!A:E,5,FALSE) -> Mn55 | F310: =VLOOKUP(B310,[1]Nuclides!A:E,4,FALSE) -> STABLE | G310: =IF(F310="STABLE", "STABLE", IF(F310<60, F310&"s", IF(F310<3600, ROUND(F310/60,2)&"min", IF(F310<86400, ROUND(F310/3600,2)&"h", IF(F310<31536000, ROUND(F310/86400,2)&"d", ROUND(F310/31536000,2)&"y"))))) -> STABLE | H310: =LN(2)/F310 -> #VALUE! | I310: =60*6240000000000*C310*(1-EXP(-H310*2*3600)) -> #VALUE! | J310: =I310*EXP(-H310*96*3600) -> #VALUE! | K310: =E310 -> Mn55
B311: 25056 | C311: 0 | D311: 0 | E311: =VLOOKUP(B311,[1]Nuclides!A:E,5,FALSE) -> Mn56 | F311: =VLOOKUP(B311,[1]Nuclides!A:E,4,FALSE) -> 9284.04 | G311: =IF(F311="STABLE", "STABLE", IF(F311<60, F311&"s", IF(F311<3600, ROUND(F311/60,2)&"min", IF(F311<86400, ROUND(F311/3600,2)&"h", IF(F311<31536000, ROUND(F311/86400,2)&"d", ROUND(F311/31536000,2)&"y"))))) -> 2.58h | H311: =LN(2)/F311 -> 7.4660081e-05 | I311: =60*6240000000000*C311*(1-EXP(-H311*2*3600)) -> 0 | J311: =I311*EXP(-H311*96*3600) -> 0 | K311: =E311 -> Mn56
B312: 25057 | C312: 0 | D312: 0 | E312: =VLOOKUP(B312,[1]Nuclides!A:E,5,FALSE) -> Mn57 | F312: =VLOOKUP(B312,[1]Nuclides!A:E,4,FALSE) -> 85.4 | G312: =IF(F312="STABLE", "STABLE", IF(F312<60, F312&"s", IF(F312<3600, ROUND(F312/60,2)&"min", IF(F312<86400, ROUND(F312/3600,2)&"h", IF(F312<31536000, ROUND(F312/86400,2)&"d", ROUND(F312/31536000,2)&"y"))))) -> 1.42min | H312: =LN(2)/F312 -> 0.0081164775 | I312: =60*6240000000000*C312*(1-EXP(-H312*2*3600)) -> 0 | J312: =I312*EXP(-H312*96*3600) -> 0 | K312: =E312 -> Mn57
B313: 25058 | C313: 0 | D313: 0 | E313: =VLOOKUP(B313,[1]Nuclides!A:E,5,FALSE) -> Mn58 | F313: =VLOOKUP(B313,[1]Nuclides!A:E,4,FALSE) -> 3 | G313: =IF(F313="STABLE", "STABLE", IF(F313<60, F313&"s", IF(F313<3600, ROUND(F313/60,2)&"min", IF(F313<86400, ROUND(F313/3600,2)&"h", IF(F313<31536000, ROUND(F313/86400,2)&"d", ROUND(F313/31536000,2)&"y"))))) -> 3s | H313: =LN(2)/F313 -> 0.23104906 | I313: =60*6240000000000*C313*(1-EXP(-H313*2*3600)) -> 0 | J313: =I313*EXP(-H313*96*3600) -> 0 | K313: =E313 -> Mn58
B314: 25059 | C314: 0 | D314: 0 | E314: =VLOOKUP(B314,[1]Nuclides!A:E,5,FALSE) -> Mn59 | F314: =VLOOKUP(B314,[1]Nuclides!A:E,4,FALSE) -> 4.59 | G314: =IF(F314="STABLE", "STABLE", IF(F314<60, F314&"s", IF(F314<3600, ROUND(F314/60,2)&"min", IF(F314<86400, ROUND(F314/3600,2)&"h", IF(F314<31536000, ROUND(F314/86400,2)&"d", ROUND(F314/31536000,2)&"y"))))) -> 4.59s | H314: =LN(2)/F314 -> 0.15101246 | I314: =60*6240000000000*C314*(1-EXP(-H314*2*3600)) -> 0 | J314: =I314*EXP(-H314*96*3600) -> 0 | K314: =E314 -> Mn59
B315: 25060 | C315: 0 | D315: 0 | E315: =VLOOKUP(B315,[1]Nuclides!A:E,5,FALSE) -> Mn60 | F315: =VLOOKUP(B315,[1]Nuclides!A:E,4,FALSE) -> 0.28 | G315: =IF(F315="STABLE", "STABLE", IF(F315<60, F315&"s", IF(F315<3600, ROUND(F315/60,2)&"min", IF(F315<86400, ROUND(F315/3600,2)&"h", IF(F315<31536000, ROUND(F315/86400,2)&"d", ROUND(F315/31536000,2)&"y"))))) -> 0.28s | H315: =LN(2)/F315 -> 2.4755256 | I315: =60*6240000000000*C315*(1-EXP(-H315*2*3600)) -> 0 | J315: =I315*EXP(-H315*96*3600) -> 0 | K315: =E315 -> Mn60
B316: 25061 | C316: 0 | D316: 0 | E316: =VLOOKUP(B316,[1]Nuclides!A:E,5,FALSE) -> Mn61 | F316: =VLOOKUP(B316,[1]Nuclides!A:E,4,FALSE) -> 0.709 | G316: =IF(F316="STABLE", "STABLE", IF(F316<60, F316&"s", IF(F316<3600, ROUND(F316/60,2)&"min", IF(F316<86400, ROUND(F316/3600,2)&"h", IF(F316<31536000, ROUND(F316/86400,2)&"d", ROUND(F316/31536000,2)&"y"))))) -> 0.709s | H316: =LN(2)/F316 -> 0.97764059 | I316: =60*6240000000000*C316*(1-EXP(-H316*2*3600)) -> 0 | J316: =I316*EXP(-H316*96*3600) -> 0 | K316: =E316 -> Mn61
B317: 25062 | C317: 0 | D317: 0 | E317: =VLOOKUP(B317,[1]Nuclides!A:E,5,FALSE) -> Mn62 | F317: =VLOOKUP(B317,[1]Nuclides!A:E,4,FALSE) -> 0.092 | G317: =IF(F317="STABLE", "STABLE", IF(F317<60, F317&"s", IF(F317<3600, ROUND(F317/60,2)&"min", IF(F317<86400, ROUND(F317/3600,2)&"h", IF(F317<31536000, ROUND(F317/86400,2)&"d", ROUND(F317/31536000,2)&"y"))))) -> 0.092s | H317: =LN(2)/F317 -> 7.5342085 | I317: =60*6240000000000*C317*(1-EXP(-H317*2*3600)) -> 0 | J317: =I317*EXP(-H317*96*3600) -> 0 | K317: =E317 -> Mn62
B318: 26049 | C318: 0 | D318: 0 | E318: =VLOOKUP(B318,[1]Nuclides!A:E,5,FALSE) -> Fe49 | F318: =VLOOKUP(B318,[1]Nuclides!A:E,4,FALSE) -> 0.0647 | G318: =IF(F318="STABLE", "STABLE", IF(F318<60, F318&"s", IF(F318<3600, ROUND(F318/60,2)&"min", IF(F318<86400, ROUND(F318/3600,2)&"h", IF(F318<31536000, ROUND(F318/86400,2)&"d", ROUND(F318/31536000,2)&"y"))))) -> 0.0647s | H318: =LN(2)/F318 -> 10.713249 | I318: =60*6240000000000*C318*(1-EXP(-H318*2*3600)) -> 0 | J318: =I318*EXP(-H318*96*3600) -> 0 | K318: =E318 -> Fe49
B319: 26050 | C319: 0 | D319: 0 | E319: =VLOOKUP(B319,[1]Nuclides!A:E,5,FALSE) -> Fe50 | F319: =VLOOKUP(B319,[1]Nuclides!A:E,4,FALSE) -> 0.155 | G319: =IF(F319="STABLE", "STABLE", IF(F319<60, F319&"s", IF(F319<3600, ROUND(F319/60,2)&"min", IF(F319<86400, ROUND(F319/3600,2)&"h", IF(F319<31536000, ROUND(F319/86400,2)&"d", ROUND(F319/31536000,2)&"y"))))) -> 0.155s | H319: =LN(2)/F319 -> 4.4719173 | I319: =60*6240000000000*C319*(1-EXP(-H319*2*3600)) -> 0 | J319: =I319*EXP(-H319*96*3600) -> 0 | K319: =E319 -> Fe50
B320: 26051 | C320: 0 | D320: 0 | E320: =VLOOKUP(B320,[1]Nuclides!A:E,5,FALSE) -> Fe51 | F320: =VLOOKUP(B320,[1]Nuclides!A:E,4,FALSE) -> 0.305 | G320: =IF(F320="STABLE", "STABLE", IF(F320<60, F320&"s", IF(F320<3600, ROUND(F320/60,2)&"min", IF(F320<86400, ROUND(F320/3600,2)&"h", IF(F320<31536000, ROUND(F320/86400,2)&"d", ROUND(F320/31536000,2)&"y"))))) -> 0.305s | H320: =LN(2)/F320 -> 2.2726137 | I320: =60*6240000000000*C320*(1-EXP(-H320*2*3600)) -> 0 | J320: =I320*EXP(-H320*96*3600) -> 0 | K320: =E320 -> Fe51
B321: 26052 | C321: 0 | D321: 0 | E321: =VLOOKUP(B321,[1]Nuclides!A:E,5,FALSE) -> Fe52 | F321: =VLOOKUP(B321,[1]Nuclides!A:E,4,FALSE) -> 29790 | G321: =IF(F321="STABLE", "STABLE", IF(F321<60, F321&"s", IF(F321<3600, ROUND(F321/60,2)&"min", IF(F321<86400, ROUND(F321/3600,2)&"h", IF(F321<31536000, ROUND(F321/86400,2)&"d", ROUND(F321/31536000,2)&"y"))))) -> 8.28h | H321: =LN(2)/F321 -> 2.326778e-05 | I321: =60*6240000000000*C321*(1-EXP(-H321*2*3600)) -> 0 | J321: =I321*EXP(-H321*96*3600) -> 0 | K321: =E321 -> Fe52
... B323: 26054 | C323: 6.86e-06 | D323: 0.0382 | E323: =VLOOKUP(B323,[1]Nuclides!A:E,5,FALSE) -> Fe54 | F323: =VLOOKUP(B323,[1]Nuclides!A:E,4,FALSE) -> STABLE | G323: =IF(F323="STABLE", "STABLE", IF(F323<60, F323&"s", IF(F323<3600, ROUND(F323/60,2)&"min", IF(F323<86400, ROUND(F323/3600,2)&"h", IF(F323<31536000, ROUND(F323/86400,2)&"d", ROUND(F323/31536000,2)&"y"))))) -> STABLE | H323: =LN(2)/F323 -> #VALUE! | I323: =60*6240000000000*C323*(1-EXP(-H323*2*3600)) -> #VALUE! | J323: =I323*EXP(-H323*96*3600) -> #VALUE! | K323: =E323 -> Fe54
B324: 26055 | C324: 2.86e-06 | D324: 0.0591 | E324: =VLOOKUP(B324,[1]Nuclides!A:E,5,FALSE) -> Fe55 | F324: =VLOOKUP(B324,[1]Nuclides!A:E,4,FALSE) -> 86594054 | G324: =IF(F324="STABLE", "STABLE", IF(F324<60, F324&"s", IF(F324<3600, ROUND(F324/60,2)&"min", IF(F324<86400, ROUND(F324/3600,2)&"h", IF(F324<31536000, ROUND(F324/86400,2)&"d", ROUND(F324/31536000,2)&"y"))))) -> 2.75y | H324: =LN(2)/F324 -> 8.0045586e-09 | I324: =60*6240000000000*C324*(1-EXP(-H324*2*3600)) -> 61710.525 | J324: =I324*EXP(-H324*24*30*3600) -> 60443.357 | K324: =E324 -> Fe55 | M324: =K324 -> Fe55 | N324: =J324 -> 60443.357 | O324: =0 -> 0
B325: 26056 | C325: 8.463e-05 | D325: 0.0109 | E325: =VLOOKUP(B325,[1]Nuclides!A:E,5,FALSE) -> Fe56 | F325: =VLOOKUP(B325,[1]Nuclides!A:E,4,FALSE) -> STABLE | G325: =IF(F325="STABLE", "STABLE", IF(F325<60, F325&"s", IF(F325<3600, ROUND(F325/60,2)&"min", IF(F325<86400, ROUND(F325/3600,2)&"h", IF(F325<31536000, ROUND(F325/86400,2)&"d", ROUND(F325/31536000,2)&"y"))))) -> STABLE | H325: =LN(2)/F325 -> #VALUE! | I325: =60*6240000000000*C325*(1-EXP(-H325*2*3600)) -> #VALUE! | J325: =I325*EXP(-H325*96*3600) -> #VALUE! | K325: =E325 -> Fe56
B326: 26057 | C326: 1.34e-06 | D326: 0.0864 | E326: =VLOOKUP(B326,[1]Nuclides!A:E,5,FALSE) -> Fe57 | F326: =VLOOKUP(B326,[1]Nuclides!A:E,4,FALSE) -> STABLE | G326: =IF(F326="STABLE", "STABLE", IF(F326<60, F326&"s", IF(F326<3600, ROUND(F326/60,2)&"min", IF(F326<86400, ROUND(F326/3600,2)&"h", IF(F326<31536000, ROUND(F326/86400,2)&"d", ROUND(F326/31536000,2)&"y"))))) -> STABLE | H326: =LN(2)/F326 -> #VALUE! | I326: =60*6240000000000*C326*(1-EXP(-H326*2*3600)) -> #VALUE! | J326: =I326*EXP(-H326*96*3600) -> #VALUE! | K326: =E326 -> Fe57
B327: 26058 | C327: 2.6e-07 | D327: 0.1961 | E327: =VLOOKUP(B327,[1]Nuclides!A:E,5,FALSE) -> Fe58 | F327: =VLOOKUP(B327,[1]Nuclides!A:E,4,FALSE) -> STABLE | G327: =IF(F327="STABLE", "STABLE", IF(F327<60, F327&"s", IF(F327<3600, ROUND(F327/60,2)&"min", IF(F327<86400, ROUND(F327/3600,2)&"h", IF(F327<31536000, ROUND(F327/86400,2)&"d", ROUND(F327/31536000,2)&"y"))))) -> STABLE | H327: =LN(2)/F327 -> #VALUE! | I327: =60*6240000000000*C327*(1-EXP(-H327*2*3600)) -> #VALUE! | J327: =I327*EXP(-H327*96*3600) -> #VALUE! | K327: =E327 -> Fe58
B328: 26059 | C328: 0 | D328: 0 | E328: =VLOOKUP(B328,[1]Nuclides!A:E,5,FALSE) -> Fe59 | F328: =VLOOKUP(B328,[1]Nuclides!A:E,4,FALSE) -> 3844368 | G328: =IF(F328="STABLE", "STABLE", IF(F328<60, F328&"s", IF(F328<3600, ROUND(F328/60,2)&"min", IF(F328<86400, ROUND(F328/3600,2)&"h", IF(F328<31536000, ROUND(F328/86400,2)&"d", ROUND(F328/31536000,2)&"y"))))) -> 44.5d | H328: =LN(2)/F328 -> 1.8030198e-07 | I328: =60*6240000000000*C328*(1-EXP(-H328*2*3600)) -> 0 | J328: =I328*EXP(-H328*96*3600) -> 0 | K328: =E328 -> Fe59
B329: 26060 | C329: 0 | D329: 0 | E329: =VLOOKUP(B329,[1]Nuclides!A:E,5,FALSE) -> Fe60 | F329: =VLOOKUP(B329,[1]Nuclides!A:E,4,FALSE) -> 82680912000000 | G329: =IF(F329="STABLE", "STABLE", IF(F329<60, F329&"s", IF(F329<3600, ROUND(F329/60,2)&"min", IF(F329<86400, ROUND(F329/3600,2)&"h", IF(F329<31536000, ROUND(F329/86400,2)&"d", ROUND(F329/31536000,2)&"y"))))) -> 2621794.52y | H329: =LN(2)/F329 -> 8.3834003e-15 | I329: =60*6240000000000*C329*(1-EXP(-H329*2*3600)) -> 0 | J329: =I329*EXP(-H329*96*3600) -> 0 | K329: =E329 -> Fe60
B330: 26061 | C330: 0 | D330: 0 | E330: =VLOOKUP(B330,[1]Nuclides!A:E,5,FALSE) -> Fe61 | F330: =VLOOKUP(B330,[1]Nuclides!A:E,4,FALSE) -> 358.8 | G330: =IF(F330="STABLE", "STABLE", IF(F330<60, F330&"s", IF(F330<3600, ROUND(F330/60,2)&"min", IF(F330<86400, ROUND(F330/3600,2)&"h", IF(F330<31536000, ROUND(F330/86400,2)&"d", ROUND(F330/31536000,2)&"y"))))) -> 5.98min | H330: =LN(2)/F330 -> 0.0019318483 | I330: =60*6240000000000*C330*(1-EXP(-H330*2*3600)) -> 0 | J330: =I330*EXP(-H330*96*3600) -> 0 | K330: =E330 -> Fe61
B331: 26062 | C331: 0 | D331: 0 | E331: =VLOOKUP(B331,[1]Nuclides!A:E,5,FALSE) -> Fe62 | F331: =VLOOKUP(B331,[1]Nuclides!A:E,4,FALSE) -> 68 | G331: =IF(F331="STABLE", "STABLE", IF(F331<60, F331&"s", IF(F331<3600, ROUND(F331/60,2)&"min", IF(F331<86400, ROUND(F331/3600,2)&"h", IF(F331<31536000, ROUND(F331/86400,2)&"d", ROUND(F331/31536000,2)&"y"))))) -> 1.13min | H331: =LN(2)/F331 -> 0.010193341 | I331: =60*6240000000000*C331*(1-EXP(-H331*2*3600)) -> 0 | J331: =I331*EXP(-H331*96*3600) -> 0 | K331: =E331 -> Fe62
B332: 26063 | C332: 0 | D332: 0 | E332: =VLOOKUP(B332,[1]Nuclides!A:E,5,FALSE) -> Fe63 | F332: =VLOOKUP(B332,[1]Nuclides!A:E,4,FALSE) -> 6.1 | G332: =IF(F332="STABLE", "STABLE", IF(F332<60, F332&"s", IF(F332<3600, ROUND(F332/60,2)&"min", IF(F332<86400, ROUND(F332/3600,2)&"h", IF(F332<31536000, ROUND(F332/86400,2)&"d", ROUND(F332/31536000,2)&"y"))))) -> 6.1s | H332: =LN(2)/F332 -> 0.11363069 | I332: =60*6240000000000*C332*(1-EXP(-H332*2*3600)) -> 0 | J332: =I332*EXP(-H332*96*3600) -> 0 | K332: =E332 -> Fe63
B333: 26064 | C333: 0 | D333: 0 | E333: =VLOOKUP(B333,[1]Nuclides!A:E,5,FALSE) -> Fe64 | F333: =VLOOKUP(B333,[1]Nuclides!A:E,4,FALSE) -> 2 | G333: =IF(F333="STABLE", "STABLE", IF(F333<60, F333&"s", IF(F333<3600, ROUND(F333/60,2)&"min", IF(F333<86400, ROUND(F333/3600,2)&"h", IF(F333<31536000, ROUND(F333/86400,2)&"d", ROUND(F333/31536000,2)&"y"))))) -> 2s | H333: =LN(2)/F333 -> 0.34657359 | I333: =60*6240000000000*C333*(1-EXP(-H333*2*3600)) -> 0 | J333: =I333*EXP(-H333*96*3600) -> 0 | K333: =E333 -> Fe64
B334: 27053 | C334: 0 | D334: 0 | E334: =VLOOKUP(B334,[1]Nuclides!A:E,5,FALSE) -> Co53 | F334: =VLOOKUP(B334,[1]Nuclides!A:E,4,FALSE) -> 0.24 | G334: =IF(F334="STABLE", "STABLE", IF(F334<60, F334&"s", IF(F334<3600, ROUND(F334/60,2)&"min", IF(F334<86400, ROUND(F334/3600,2)&"h", IF(F334<31536000, ROUND(F334/86400,2)&"d", ROUND(F334/31536000,2)&"y"))))) -> 0.24s | H334: =LN(2)/F334 -> 2.8881133 | I334: =60*6240000000000*C334*(1-EXP(-H334*2*3600)) -> 0 | J334: =I334*EXP(-H334*96*3600) -> 0 | K334: =E334 -> Co53
B335: 27054 | C335: 3.4e-07 | D335: 0.1715 | E335: =VLOOKUP(B335,[1]Nuclides!A:E,5,FALSE) -> Co54 | F335: =VLOOKUP(B335,[1]Nuclides!A:E,4,FALSE) -> 0.193 | G335: =IF(F335="STABLE", "STABLE", IF(F335<60, F335&"s", IF(F335<3600, ROUND(F335/60,2)&"min", IF(F335<86400, ROUND(F335/3600,2)&"h", IF(F335<31536000, ROUND(F335/86400,2)&"d", ROUND(F335/31536000,2)&"y"))))) -> 0.193s | H335: =LN(2)/F335 -> 3.5914362 | I335: =60*6240000000000*C335*(1-EXP(-H335*2*3600)) -> 1.27296e+08 | J335: =I335*EXP(-H335*96*3600) -> 0 | K335: =E335 -> Co54
B336: 27055 | C336: 1.02e-06 | D336: 0.099 | E336: =VLOOKUP(B336,[1]Nuclides!A:E,5,FALSE) -> Co55 | F336: =VLOOKUP(B336,[1]Nuclides!A:E,4,FALSE) -> 63108 | G336: =IF(F336="STABLE", "STABLE", IF(F336<60, F336&"s", IF(F336<3600, ROUND(F336/60,2)&"min", IF(F336<86400, ROUND(F336/3600,2)&"h", IF(F336<31536000, ROUND(F336/86400,2)&"d", ROUND(F336/31536000,2)&"y"))))) -> 17.53h | H336: =LN(2)/F336 -> 1.0983507e-05 | I336: =60*6240000000000*C336*(1-EXP(-H336*2*3600)) -> 29036913 | J336: =I336*EXP(-H336*24*30*3600) -> 1.255775e-05 | K336: =E336 -> Co55 | M336: =K336 -> Co55 | N336: =J336 -> 1.255775e-05 | O336: =0 -> 0
B337: 27056 | C337: 2.75e-05 | D337: 0.0191 | E337: =VLOOKUP(B337,[1]Nuclides!A:E,5,FALSE) -> Co56 | F337: =VLOOKUP(B337,[1]Nuclides!A:E,4,FALSE) -> 6673190.4 | G337: =IF(F337="STABLE", "STABLE", IF(F337<60, F337&"s", IF(F337<3600, ROUND(F337/60,2)&"min", IF(F337<86400, ROUND(F337/3600,2)&"h", IF(F337<31536000, ROUND(F337/86400,2)&"d", ROUND(F337/31536000,2)&"y"))))) -> 77.24d | H337: =LN(2)/F337 -> 1.0387043e-07 | I337: =60*6240000000000*C337*(1-EXP(-H337*2*3600)) -> 7697161.3 | J337: =I337*EXP(-H337*24*30*3600) -> 5880368.5 | K337: =E337 -> Co56 | M337: =K337 -> Co56 | N337: =J337 -> 5880368.5 | O337: =0 -> 0
B338: 27057 | C338: 7.9e-07 | D338: 0.1125 | E338: =VLOOKUP(B338,[1]Nuclides!A:E,5,FALSE) -> Co57 | F338: =VLOOKUP(B338,[1]Nuclides!A:E,4,FALSE) -> 23478336 | G338: =IF(F338="STABLE", "STABLE", IF(F338<60, F338&"s", IF(F338<3600, ROUND(F338/60,2)&"min", IF(F338<86400, ROUND(F338/3600,2)&"h", IF(F338<31536000, ROUND(F338/86400,2)&"d", ROUND(F338/31536000,2)&"y"))))) -> 271.74d | H338: =LN(2)/F338 -> 2.9522841e-08 | I338: =60*6240000000000*C338*(1-EXP(-H338*2*3600)) -> 62864.783 | J338: =I338*EXP(-H338*24*30*3600) -> 58233.623 | K338: =E338 -> Co57 | M338: =K338 -> Co57 | N338: =J338 -> 58233.623 | O338: =0 -> 0
B339: 27058 | C339: 4.8e-07 | D339: 0.1443 | E339: =VLOOKUP(B339,[1]Nuclides!A:E,5,FALSE) -> Co58 | F339: =VLOOKUP(B339,[1]Nuclides!A:E,4,FALSE) -> 6122304 | G339: =IF(F339="STABLE", "STABLE", IF(F339<60, F339&"s", IF(F339<3600, ROUND(F339/60,2)&"min", IF(F339<86400, ROUND(F339/3600,2)&"h", IF(F339<31536000, ROUND(F339/86400,2)&"d", ROUND(F339/31536000,2)&"y"))))) -> 70.86d | H339: =LN(2)/F339 -> 1.1321672e-07 | I339: =60*6240000000000*C339*(1-EXP(-H339*2*3600)) -> 146434.41 | J339: =I339*EXP(-H339*24*30*3600) -> 109193.32 | K339: =E339 -> Co58 | M339: =K339 -> Co58 | N339: =J339 -> 109193.32 | O339: =0 -> 0
B340: 27059 | C340: 0.00015808 | D340: 0.008 | E340: =VLOOKUP(B340,[1]Nuclides!A:E,5,FALSE) -> Co59 | F340: =VLOOKUP(B340,[1]Nuclides!A:E,4,FALSE) -> STABLE | G340: =IF(F340="STABLE", "STABLE", IF(F340<60, F340&"s", IF(F340<3600, ROUND(F340/60,2)&"min", IF(F340<86400, ROUND(F340/3600,2)&"h", IF(F340<31536000, ROUND(F340/86400,2)&"d", ROUND(F340/31536000,2)&"y"))))) -> STABLE | H340: =LN(2)/F340 -> #VALUE! | I340: =60*6240000000000*C340*(1-EXP(-H340*2*3600)) -> #VALUE! | J340: =I340*EXP(-H340*96*3600) -> #VALUE! | K340: =E340 -> Co59
B341: 27060 | C341: 1e-08 | D341: 1 | E341: =VLOOKUP(B341,[1]Nuclides!A:E,5,FALSE) -> Co60 | F341: =VLOOKUP(B341,[1]Nuclides!A:E,4,FALSE) -> 166344192 | G341: =IF(F341="STABLE", "STABLE", IF(F341<60, F341&"s", IF(F341<3600, ROUND(F341/60,2)&"min", IF(F341<86400, ROUND(F341/3600,2)&"h", IF(F341<31536000, ROUND(F341/86400,2)&"d", ROUND(F341/31536000,2)&"y"))))) -> 5.27y | H341: =LN(2)/F341 -> 4.1669455e-09 | I341: =60*6240000000000*C341*(1-EXP(-H341*2*3600)) -> 112.32583 | J341: =I341*EXP(-H341*24*30*3600) -> 111.11916 | K341: =E341 -> Co60 | M341: =K341 -> Co60 | N341: =J341 -> 111.11916 | O341: =0 -> 0
B342: 27061 | C342: 0 | D342: 0 | E342: =VLOOKUP(B342,[1]Nuclides!A:E,5,FALSE) -> Co61 | F342: =VLOOKUP(B342,[1]Nuclides!A:E,4,FALSE) -> 5936.4 | G342: =IF(F342="STABLE", "STABLE", IF(F342<60, F342&"s", IF(F342<3600, ROUND(F342/60,2)&"min", IF(F342<86400, ROUND(F342/3600,2)&"h", IF(F342<31536000, ROUND(F342/86400,2)&"d", ROUND(F342/31536000,2)&"y"))))) -> 1.65h | H342: =LN(2)/F342 -> 0.00011676221 | I342: =60*6240000000000*C342*(1-EXP(-H342*2*3600)) -> 0 | J342: =I342*EXP(-H342*96*3600) -> 0 | K342: =E342 -> Co61
B343: 27062 | C343: 0 | D343: 0 | E343: =VLOOKUP(B343,[1]Nuclides!A:E,5,FALSE) -> Co62 | F343: =VLOOKUP(B343,[1]Nuclides!A:E,4,FALSE) -> 90 | G343: =IF(F343="STABLE", "STABLE", IF(F343<60, F343&"s", IF(F343<3600, ROUND(F343/60,2)&"min", IF(F343<86400, ROUND(F343/3600,2)&"h", IF(F343<31536000, ROUND(F343/86400,2)&"d", ROUND(F343/31536000,2)&"y"))))) -> 1.5min | H343: =LN(2)/F343 -> 0.0077016353 | I343: =60*6240000000000*C343*(1-EXP(-H343*2*3600)) -> 0 | J343: =I343*EXP(-H343*96*3600) -> 0 | K343: =E343 -> Co62
B344: 27063 | C344: 0 | D344: 0 | E344: =VLOOKUP(B344,[1]Nuclides!A:E,5,FALSE) -> Co63 | F344: =VLOOKUP(B344,[1]Nuclides!A:E,4,FALSE) -> 27.4 | G344: =IF(F344="STABLE", "STABLE", IF(F344<60, F344&"s", IF(F344<3600, ROUND(F344/60,2)&"min", IF(F344<86400, ROUND(F344/3600,2)&"h", IF(F344<31536000, ROUND(F344/86400,2)&"d", ROUND(F344/31536000,2)&"y"))))) -> 27.4s | H344: =LN(2)/F344 -> 0.025297342 | I344: =60*6240000000000*C344*(1-EXP(-H344*2*3600)) -> 0 | J344: =I344*EXP(-H344*96*3600) -> 0 | K344: =E344 -> Co63
B345: 27064 | C345: 0 | D345: 0 | E345: =VLOOKUP(B345,[1]Nuclides!A:E,5,FALSE) -> Co64 | F345: =VLOOKUP(B345,[1]Nuclides!A:E,4,FALSE) -> 0.3 | G345: =IF(F345="STABLE", "STABLE", IF(F345<60, F345&"s", IF(F345<3600, ROUND(F345/60,2)&"min", IF(F345<86400, ROUND(F345/3600,2)&"h", IF(F345<31536000, ROUND(F345/86400,2)&"d", ROUND(F345/31536000,2)&"y"))))) -> 0.3s | H345: =LN(2)/F345 -> 2.3104906 | I345: =60*6240000000000*C345*(1-EXP(-H345*2*3600)) -> 0 | J345: =I345*EXP(-H345*96*3600) -> 0 | K345: =E345 -> Co64
B346: 28053 | C346: 0 | D346: 0 | E346: =VLOOKUP(B346,[1]Nuclides!A:E,5,FALSE) -> Ni53 | F346: =VLOOKUP(B346,[1]Nuclides!A:E,4,FALSE) -> 0.0552 | G346: =IF(F346="STABLE", "STABLE", IF(F346<60, F346&"s", IF(F346<3600, ROUND(F346/60,2)&"min", IF(F346<86400, ROUND(F346/3600,2)&"h", IF(F346<31536000, ROUND(F346/86400,2)&"d", ROUND(F346/31536000,2)&"y"))))) -> 0.0552s | H346: =LN(2)/F346 -> 12.557014 | I346: =60*6240000000000*C346*(1-EXP(-H346*2*3600)) -> 0 | J346: =I346*EXP(-H346*96*3600) -> 0 | K346: =E346 -> Ni53
B347: 28054 | C347: 0 | D347: 0 | E347: =VLOOKUP(B347,[1]Nuclides!A:E,5,FALSE) -> Ni54 | F347: =VLOOKUP(B347,[1]Nuclides!A:E,4,FALSE) -> 0.1142 | G347: =IF(F347="STABLE", "STABLE", IF(F347<60, F347&"s", IF(F347<3600, ROUND(F347/60,2)&"min", IF(F347<86400, ROUND(F347/3600,2)&"h", IF(F347<31536000, ROUND(F347/86400,2)&"d", ROUND(F347/31536000,2)&"y"))))) -> 0.1142s | H347: =LN(2)/F347 -> 6.06959 | I347: =60*6240000000000*C347*(1-EXP(-H347*2*3600)) -> 0 | J347: =I347*EXP(-H347*96*3600) -> 0 | K347: =E347 -> Ni54
B348: 28055 | C348: 0 | D348: 0 | E348: =VLOOKUP(B348,[1]Nuclides!A:E,5,FALSE) -> Ni55 | F348: =VLOOKUP(B348,[1]Nuclides!A:E,4,FALSE) -> 0.2047 | G348: =IF(F348="STABLE", "STABLE", IF(F348<60, F348&"s", IF(F348<3600, ROUND(F348/60,2)&"min", IF(F348<86400, ROUND(F348/3600,2)&"h", IF(F348<31536000, ROUND(F348/86400,2)&"d", ROUND(F348/31536000,2)&"y"))))) -> 0.2047s | H348: =LN(2)/F348 -> 3.3861611 | I348: =60*6240000000000*C348*(1-EXP(-H348*2*3600)) -> 0 | J348: =I348*EXP(-H348*96*3600) -> 0 | K348: =E348 -> Ni55
B349: 28056 | C349: 0 | D349: 0 | E349: =VLOOKUP(B349,[1]Nuclides!A:E,5,FALSE) -> Ni56 | F349: =VLOOKUP(B349,[1]Nuclides!A:E,4,FALSE) -> 524880 | G349: =IF(F349="STABLE", "STABLE", IF(F349<60, F349&"s", IF(F349<3600, ROUND(F349/60,2)&"min", IF(F349<86400, ROUND(F349/3600,2)&"h", IF(F349<31536000, ROUND(F349/86400,2)&"d", ROUND(F349/31536000,2)&"y"))))) -> 6.08d | H349: =LN(2)/F349 -> 1.3205822e-06 | I349: =60*6240000000000*C349*(1-EXP(-H349*2*3600)) -> 0 | J349: =I349*EXP(-H349*96*3600) -> 0 | K349: =E349 -> Ni56
B350: 28057 | C350: 0 | D350: 0 | E350: =VLOOKUP(B350,[1]Nuclides!A:E,5,FALSE) -> Ni57 | F350: =VLOOKUP(B350,[1]Nuclides!A:E,4,FALSE) -> 128160 | G350: =IF(F350="STABLE", "STABLE", IF(F350<60, F350&"s", IF(F350<3600, ROUND(F350/60,2)&"min", IF(F350<86400, ROUND(F350/3600,2)&"h", IF(F350<31536000, ROUND(F350/86400,2)&"d", ROUND(F350/31536000,2)&"y"))))) -> 1.48d | H350: =LN(2)/F350 -> 5.4084518e-06 | I350: =60*6240000000000*C350*(1-EXP(-H350*2*3600)) -> 0 | J350: =I350*EXP(-H350*96*3600) -> 0 | K350: =E350 -> Ni57
B351: 28058 | C351: 5.841e-05 | D351: 0.0131 | E351: =VLOOKUP(B351,[1]Nuclides!A:E,5,FALSE) -> Ni58 | F351: =VLOOKUP(B351,[1]Nuclides!A:E,4,FALSE) -> STABLE | G351: =IF(F351="STABLE", "STABLE", IF(F351<60, F351&"s", IF(F351<3600, ROUND(F351/60,2)&"min", IF(F351<86400, ROUND(F351/3600,2)&"h", IF(F351<31536000, ROUND(F351/86400,2)&"d", ROUND(F351/31536000,2)&"y"))))) -> STABLE | H351: =LN(2)/F351 -> #VALUE! | I351: =60*6240000000000*C351*(1-EXP(-H351*2*3600)) -> #VALUE! | J351: =I351*EXP(-H351*96*3600) -> #VALUE! | K351: =E351 -> Ni58
B352: 28059 | C352: 7.437e-05 | D352: 0.0116 | E352: =VLOOKUP(B352,[1]Nuclides!A:E,5,FALSE) -> Ni59 | F352: =VLOOKUP(B352,[1]Nuclides!A:E,4,FALSE) -> 2398377600000 | G352: =IF(F352="STABLE", "STABLE", IF(F352<60, F352&"s", IF(F352<3600, ROUND(F352/60,2)&"min", IF(F352<86400, ROUND(F352/3600,2)&"h", IF(F352<31536000, ROUND(F352/86400,2)&"d", ROUND(F352/31536000,2)&"y"))))) -> 76052.05y | H352: =LN(2)/F352 -> 2.8900669e-13 | I352: =60*6240000000000*C352*(1-EXP(-H352*2*3600)) -> 57.939403 | J352: =I352*EXP(-H352*24*30*3600) -> 57.939359 | K352: =E352 -> Ni59 | M352: =K352 -> Ni59 | N352: =J352 -> 57.939359 | O352: =0 -> 0
B353: 28060 | C353: 1.728e-05 | D353: 0.0241 | E353: =VLOOKUP(B353,[1]Nuclides!A:E,5,FALSE) -> Ni60 | F353: =VLOOKUP(B353,[1]Nuclides!A:E,4,FALSE) -> STABLE | G353: =IF(F353="STABLE", "STABLE", IF(F353<60, F353&"s", IF(F353<3600, ROUND(F353/60,2)&"min", IF(F353<86400, ROUND(F353/3600,2)&"h", IF(F353<31536000, ROUND(F353/86400,2)&"d", ROUND(F353/31536000,2)&"y"))))) -> STABLE | H353: =LN(2)/F353 -> #VALUE! | I353: =60*6240000000000*C353*(1-EXP(-H353*2*3600)) -> #VALUE! | J353: =I353*EXP(-H353*96*3600) -> #VALUE! | K353: =E353 -> Ni60
B354: 28061 | C354: 4.4e-07 | D354: 0.1508 | E354: =VLOOKUP(B354,[1]Nuclides!A:E,5,FALSE) -> Ni61 | F354: =VLOOKUP(B354,[1]Nuclides!A:E,4,FALSE) -> STABLE | G354: =IF(F354="STABLE", "STABLE", IF(F354<60, F354&"s", IF(F354<3600, ROUND(F354/60,2)&"min", IF(F354<86400, ROUND(F354/3600,2)&"h", IF(F354<31536000, ROUND(F354/86400,2)&"d", ROUND(F354/31536000,2)&"y"))))) -> STABLE | H354: =LN(2)/F354 -> #VALUE! | I354: =60*6240000000000*C354*(1-EXP(-H354*2*3600)) -> #VALUE! | J354: =I354*EXP(-H354*96*3600) -> #VALUE! | K354: =E354 -> Ni61
B355: 28062 | C355: 1.91e-06 | D355: 0.0724 | E355: =VLOOKUP(B355,[1]Nuclides!A:E,5,FALSE) -> Ni62 | F355: =VLOOKUP(B355,[1]Nuclides!A:E,4,FALSE) -> STABLE | G355: =IF(F355="STABLE", "STABLE", IF(F355<60, F355&"s", IF(F355<3600, ROUND(F355/60,2)&"min", IF(F355<86400, ROUND(F355/3600,2)&"h", IF(F355<31536000, ROUND(F355/86400,2)&"d", ROUND(F355/31536000,2)&"y"))))) -> STABLE | H355: =LN(2)/F355 -> #VALUE! | I355: =60*6240000000000*C355*(1-EXP(-H355*2*3600)) -> #VALUE! | J355: =I355*EXP(-H355*96*3600) -> #VALUE! | K355: =E355 -> Ni62
B356: 28063 | C356: 0 | D356: 0 | E356: =VLOOKUP(B356,[1]Nuclides!A:E,5,FALSE) -> Ni63 | F356: =VLOOKUP(B356,[1]Nuclides!A:E,4,FALSE) -> 3193629120 | G356: =IF(F356="STABLE", "STABLE", IF(F356<60, F356&"s", IF(F356<3600, ROUND(F356/60,2)&"min", IF(F356<86400, ROUND(F356/3600,2)&"h", IF(F356<31536000, ROUND(F356/86400,2)&"d", ROUND(F356/31536000,2)&"y"))))) -> 101.27y | H356: =LN(2)/F356 -> 2.170406e-10 | I356: =60*6240000000000*C356*(1-EXP(-H356*2*3600)) -> 0 | J356: =I356*EXP(-H356*96*3600) -> 0 | K356: =E356 -> Ni63
B357: 28064 | C357: 3.9e-07 | D357: 0.1601 | E357: =VLOOKUP(B357,[1]Nuclides!A:E,5,FALSE) -> Ni64 | F357: =VLOOKUP(B357,[1]Nuclides!A:E,4,FALSE) -> STABLE | G357: =IF(F357="STABLE", "STABLE", IF(F357<60, F357&"s", IF(F357<3600, ROUND(F357/60,2)&"min", IF(F357<86400, ROUND(F357/3600,2)&"h", IF(F357<31536000, ROUND(F357/86400,2)&"d", ROUND(F357/31536000,2)&"y"))))) -> STABLE | H357: =LN(2)/F357 -> #VALUE! | I357: =60*6240000000000*C357*(1-EXP(-H357*2*3600)) -> #VALUE! | J357: =I357*EXP(-H357*96*3600) -> #VALUE! | K357: =E357 -> Ni64
B358: 28065 | C358: 0 | D358: 0 | E358: =VLOOKUP(B358,[1]Nuclides!A:E,5,FALSE) -> Ni65 | F358: =VLOOKUP(B358,[1]Nuclides!A:E,4,FALSE) -> 9063 | G358: =IF(F358="STABLE", "STABLE", IF(F358<60, F358&"s", IF(F358<3600, ROUND(F358/60,2)&"min", IF(F358<86400, ROUND(F358/3600,2)&"h", IF(F358<31536000, ROUND(F358/86400,2)&"d", ROUND(F358/31536000,2)&"y"))))) -> 2.52h | H358: =LN(2)/F358 -> 7.6480986e-05 | I358: =60*6240000000000*C358*(1-EXP(-H358*2*3600)) -> 0 | J358: =I358*EXP(-H358*96*3600) -> 0 | K358: =E358 -> Ni65
B359: 28066 | C359: 0 | D359: 0 | E359: =VLOOKUP(B359,[1]Nuclides!A:E,5,FALSE) -> Ni66 | F359: =VLOOKUP(B359,[1]Nuclides!A:E,4,FALSE) -> 196560 | G359: =IF(F359="STABLE", "STABLE", IF(F359<60, F359&"s", IF(F359<3600, ROUND(F359/60,2)&"min", IF(F359<86400, ROUND(F359/3600,2)&"h", IF(F359<31536000, ROUND(F359/86400,2)&"d", ROUND(F359/31536000,2)&"y"))))) -> 2.28d | H359: =LN(2)/F359 -> 3.5263898e-06 | I359: =60*6240000000000*C359*(1-EXP(-H359*2*3600)) -> 0 | J359: =I359*EXP(-H359*96*3600) -> 0 | K359: =E359 -> Ni66
...

Sheet data
B4: 1次2h辐照后冷却不同时间靶体表面剂量当量
B5: 12h | C5: 12.4mSv/h | F5: 12 | G5: 12.4
B6: 24h | C6: 11.2mSv/h | F6: 24 | G6: 11.2
B7: 48h | C7: 8.65mSv/h | F7: 48 | G7: 8.65
B8: 96h | C8: 6.96mSv/h | F8: 96 | G8: 6.96
G11: Bi214 | H11: 1194 | I11: =IF(H11="STABLE", "STABLE", IF(H11<60, H11&"s", IF(H11<3600, ROUND(H11/60,2)&"min", IF(H11<86400, ROUND(H11/3600,2)&"h", IF(H11<31536000, ROUND(H11/86400,2)&"d", ROUND(H11/31536000,2)&"y"))))) -> 19.9min | J11: =LN(2)/H11 -> 0.00058052528 | K11: =10000000*(1-EXP(-J11*3600)) -> 8762993.8
L12: 1h | M12: 6h | N12: 12h | O12: 24h
G13: F18 | H13: 6586.2 | I13: =IF(H13="STABLE", "STABLE", IF(H13<60, H13&"s", IF(H13<3600, ROUND(H13/60,2)&"min", IF(H13<86400, ROUND(H13/3600,2)&"h", IF(H13<31536000, ROUND(H13/86400,2)&"d", ROUND(H13/31536000,2)&"y"))))) -> 1.83h | J13: =LN(2)/H13 -> 0.00010524235 | K13: =160*37000000 -> 5920000000 | L13: =K13*EXP(-J13*1*3600) -> 4.0530269e+09 | M13: =K13*EXP(-J13*6*3600) -> 6.0963287e+08 | N13: =K13*EXP(-J13*12*3600) -> 62779093 | O13: =K13*EXP(-J13*24*3600) -> 665745.7
L14: 9000 | M14: 2200 | N14: 120 | O14: 1.5
L15: 4.0530269e+09 | M15: 6.0963287e+08 | N15: 62779093 | O15: 665745.7
K16: F18 | L16: 4.0530269e+09 | M16: 0 | N16: =L16*1.94 -> 7.8628722e+09
K17: F18 | L17: 6.0963287e+08 | M17: 0 | N17: =L17*1.94 -> 1.1826878e+09
K18: F18 | L18: 62779093 | M18: 0 | N18: =L18*1.94 -> 1.2179144e+08
K19: F18 | L19: 665745.7 | M19: 0 | N19: =L19*1.94 -> 1291546.7
J23: μ

Sheet New-Havar
B1: Nuclides | C1: w | D1: Error | E1: Nuclides | F1: T1/2 | G1: T1/2 | H1: λ | I1: 60μA-2h | J1: cool-2d | K1: Nuclides
B4: 1001 | C4: 0 | D4: 0 | E4: =VLOOKUP(B4,Nuclides!A:F,5,FALSE) -> 0 | F4: =VLOOKUP(B4,Nuclides!A:F,4,FALSE) -> 613.9 | G4: =IF(F4="STABLE", "STABLE", IF(F4<60, F4&"s", IF(F4<3600, ROUND(F4/60,2)&"min", IF(F4<86400, ROUND(F4/3600,2)&"h", IF(F4<31536000, ROUND(F4/86400,2)&"d", ROUND(F4/31536000,2)&"y"))))) -> 10.23min | H4: =LN(2)/F4 -> 0.0011290881 | I4: =60*6240000000000*C4*(1-EXP(-H4*2*3600)) -> 0 | J4: =I4*EXP(-H4*48*3600) -> 0 | K4: =E4 -> 0
B5: 1002 | C5: 0 | D5: 0 | E5: =VLOOKUP(B5,Nuclides!A:F,5,FALSE) -> H2 | F5: =VLOOKUP(B5,Nuclides!A:F,4,FALSE) -> STABLE | G5: =IF(F5="STABLE", "STABLE", IF(F5<60, F5&"s", IF(F5<3600, ROUND(F5/60,2)&"min", IF(F5<86400, ROUND(F5/3600,2)&"h", IF(F5<31536000, ROUND(F5/86400,2)&"d", ROUND(F5/31536000,2)&"y"))))) -> STABLE | H5: =LN(2)/F5 -> #VALUE! | I5: =60*6240000000000*C5*(1-EXP(-H5*2*3600)) -> #VALUE! | J5: =I5*EXP(-H5*48*3600) -> #VALUE! | K5: =E5 -> H2
B6: 1003 | C6: 0 | D6: 0 | E6: =VLOOKUP(B6,Nuclides!A:F,5,FALSE) -> H3 | F6: =VLOOKUP(B6,Nuclides!A:F,4,FALSE) -> 388789632 | G6: =IF(F6="STABLE", "STABLE", IF(F6<60, F6&"s", IF(F6<3600, ROUND(F6/60,2)&"min", IF(F6<86400, ROUND(F6/3600,2)&"h", IF(F6<31536000, ROUND(F6/86400,2)&"d", ROUND(F6/31536000,2)&"y"))))) -> 12.33y | H6: =LN(2)/F6 -> 1.7828335e-09 | I6: =60*6240000000000*C6*(1-EXP(-H6*2*3600)) -> 0 | J6: =I6*EXP(-H6*48*3600) -> 0 | K6: =E6 -> H3
B7: 2003 | C7: 0 | D7: 0 | E7: =VLOOKUP(B7,Nuclides!A:F,5,FALSE) -> He3 | F7: =VLOOKUP(B7,Nuclides!A:F,4,FALSE) -> STABLE | G7: =IF(F7="STABLE", "STABLE", IF(F7<60, F7&"s", IF(F7<3600, ROUND(F7/60,2)&"min", IF(F7<86400, ROUND(F7/3600,2)&"h", IF(F7<31536000, ROUND(F7/86400,2)&"d", ROUND(F7/31536000,2)&"y"))))) -> STABLE | H7: =LN(2)/F7 -> #VALUE! | I7: =60*6240000000000*C7*(1-EXP(-H7*2*3600)) -> #VALUE! | J7: =I7*EXP(-H7*48*3600) -> #VALUE! | K7: =E7 -> He3
B8: 2004 | C8: 0 | D8: 0 | E8: =VLOOKUP(B8,Nuclides!A:F,5,FALSE) -> He4 | F8: =VLOOKUP(B8,Nuclides!A:F,4,FALSE) -> STABLE | G8: =IF(F8="STABLE", "STABLE", IF(F8<60, F8&"s", IF(F8<3600, ROUND(F8/60,2)&"min", IF(F8<86400, ROUND(F8/3600,2)&"h", IF(F8<31536000, ROUND(F8/86400,2)&"d", ROUND(F8/31536000,2)&"y"))))) -> STABLE | H8: =LN(2)/F8 -> #VALUE! | I8: =60*6240000000000*C8*(1-EXP(-H8*2*3600)) -> #VALUE! | J8: =I8*EXP(-H8*48*3600) -> #VALUE! | K8: =E8 -> He4
B9: 2005 | C9: 0 | D9: 0 | E9: =VLOOKUP(B9,Nuclides!A:F,5,FALSE) -> He5 | F9: =VLOOKUP(B9,Nuclides!A:F,4,FALSE) -> 7.595e-22 | G9: =IF(F9="STABLE", "STABLE", IF(F9<60, F9&"s", IF(F9<3600, ROUND(F9/60,2)&"min", IF(F9<86400, ROUND(F9/3600,2)&"h", IF(F9<31536000, ROUND(F9/86400,2)&"d", ROUND(F9/31536000,2)&"y"))))) -> 7.595E-22s | H9: =LN(2)/F9 -> 9.1263618e+20 | I9: =60*6240000000000*C9*(1-EXP(-H9*2*3600)) -> 0 | J9: =I9*EXP(-H9*48*3600) -> 0 | K9: =E9 -> He5
B10: 2006 | C10: 0 | D10: 0 | E10: =VLOOKUP(B10,Nuclides!A:F,5,FALSE) -> He6 | F10: =VLOOKUP(B10,Nuclides!A:F,4,FALSE) -> 0.8067 | G10: =IF(F10="STABLE", "STABLE", IF(F10<60, F10&"s", IF(F10<3600, ROUND(F10/60,2)&"min", IF(F10<86400, ROUND(F10/3600,2)&"h", IF(F10<31536000, ROUND(F10/86400,2)&"d", ROUND(F10/31536000,2)&"y"))))) -> 0.8067s | H10: =LN(2)/F10 -> 0.85923786 | I10: =60*6240000000000*C10*(1-EXP(-H10*2*3600)) -> 0 | J10: =I10*EXP(-H10*48*3600) -> 0 | K10: =E10 -> He6
B11: 2007 | C11: 0 | D11: 0 | E11: =VLOOKUP(B11,Nuclides!A:F,5,FALSE) -> He7 | F11: =VLOOKUP(B11,Nuclides!A:F,4,FALSE) -> 3.038e-21 | G11: =IF(F11="STABLE", "STABLE", IF(F11<60, F11&"s", IF(F11<3600, ROUND(F11/60,2)&"min", IF(F11<86400, ROUND(F11/3600,2)&"h", IF(F11<31536000, ROUND(F11/86400,2)&"d", ROUND(F11/31536000,2)&"y"))))) -> 3.038E-21s | H11: =LN(2)/F11 -> 2.2815905e+20 | I11: =60*6240000000000*C11*(1-EXP(-H11*2*3600)) -> 0 | J11: =I11*EXP(-H11*48*3600) -> 0 | K11: =E11 -> He7
B12: 2008 | C12: 0 | D12: 0 | E12: =VLOOKUP(B12,Nuclides!A:F,5,FALSE) -> He8 | F12: =VLOOKUP(B12,Nuclides!A:F,4,FALSE) -> 0.1191 | G12: =IF(F12="STABLE", "STABLE", IF(F12<60, F12&"s", IF(F12<3600, ROUND(F12/60,2)&"min", IF(F12<86400, ROUND(F12/3600,2)&"h", IF(F12<31536000, ROUND(F12/86400,2)&"d", ROUND(F12/31536000,2)&"y"))))) -> 0.1191s | H12: =LN(2)/F12 -> 5.8198756 | I12: =60*6240000000000*C12*(1-EXP(-H12*2*3600)) -> 0 | J12: =I12*EXP(-H12*48*3600) -> 0 | K12: =E12 -> He8
B13: 3005 | C13: 0 | D13: 0 | E13: =VLOOKUP(B13,Nuclides!A:F,5,FALSE) -> Li5 | F13: =VLOOKUP(B13,Nuclides!A:F,4,FALSE) -> 3.038e-22 | G13: =IF(F13="STABLE", "STABLE", IF(F13<60, F13&"s", IF(F13<3600, ROUND(F13/60,2)&"min", IF(F13<86400, ROUND(F13/3600,2)&"h", IF(F13<31536000, ROUND(F13/86400,2)&"d", ROUND(F13/31536000,2)&"y"))))) -> 3.038E-22s | H13: =LN(2)/F13 -> 2.2815905e+21 | I13: =60*6240000000000*C13*(1-EXP(-H13*2*3600)) -> 0 | J13: =I13*EXP(-H13*48*3600) -> 0 | K13: =E13 -> Li5
B14: 3006 | C14: 1.02e-07 | D14: 0.099 | E14: =VLOOKUP(B14,Nuclides!A:F,5,FALSE) -> Li6 | F14: =VLOOKUP(B14,Nuclides!A:F,4,FALSE) -> STABLE | G14: =IF(F14="STABLE", "STABLE", IF(F14<60, F14&"s", IF(F14<3600, ROUND(F14/60,2)&"min", IF(F14<86400, ROUND(F14/3600,2)&"h", IF(F14<31536000, ROUND(F14/86400,2)&"d", ROUND(F14/31536000,2)&"y"))))) -> STABLE | H14: =LN(2)/F14 -> #VALUE! | I14: =60*6240000000000*C14*(1-EXP(-H14*2*3600)) -> #VALUE! | J14: =I14*EXP(-H14*48*3600) -> #VALUE! | K14: =E14 -> Li6
B15: 3007 | C15: 1.01e-07 | D15: 0.0995 | E15: =VLOOKUP(B15,Nuclides!A:F,5,FALSE) -> Li7 | F15: =VLOOKUP(B15,Nuclides!A:F,4,FALSE) -> STABLE | G15: =IF(F15="STABLE", "STABLE", IF(F15<60, F15&"s", IF(F15<3600, ROUND(F15/60,2)&"min", IF(F15<86400, ROUND(F15/3600,2)&"h", IF(F15<31536000, ROUND(F15/86400,2)&"d", ROUND(F15/31536000,2)&"y"))))) -> STABLE | H15: =LN(2)/F15 -> #VALUE! | I15: =60*6240000000000*C15*(1-EXP(-H15*2*3600)) -> #VALUE! | J15: =I15*EXP(-H15*48*3600) -> #VALUE! | K15: =E15 -> Li7
... B20: 4006 | C20: 0 | D20: 0 | E20: =VLOOKUP(B20,Nuclides!A:F,5,FALSE) -> Be6 | F20: =VLOOKUP(B20,Nuclides!A:F,4,FALSE) -> 4.9532609e-21 | G20: =IF(F20="STABLE", "STABLE", IF(F20<60, F20&"s", IF(F20<3600, ROUND(F20/60,2)&"min", IF(F20<86400, ROUND(F20/3600,2)&"h", IF(F20<31536000, ROUND(F20/86400,2)&"d", ROUND(F20/31536000,2)&"y"))))) -> 4.95326086956521E-21s | H20: =LN(2)/F20 -> 1.3993755e+20 | I20: =60*6240000000000*C20*(1-EXP(-H20*2*3600)) -> 0 | J20: =I20*EXP(-H20*48*3600) -> 0 | K20: =E20 -> Be6
B21: 4007 | C21: 7.9e-08 | D21: 0.1125 | E21: =VLOOKUP(B21,Nuclides!A:F,5,FALSE) -> Be7 | F21: =VLOOKUP(B21,Nuclides!A:F,4,FALSE) -> 4598208 | G21: =IF(F21="STABLE", "STABLE", IF(F21<60, F21&"s", IF(F21<3600, ROUND(F21/60,2)&"min", IF(F21<86400, ROUND(F21/3600,2)&"h", IF(F21<31536000, ROUND(F21/86400,2)&"d", ROUND(F21/31536000,2)&"y"))))) -> 53.22d | H21: =LN(2)/F21 -> 1.5074289e-07 | I21: =60*6240000000000*C21*(1-EXP(-H21*2*3600)) -> 32084.599 | J21: =I21*EXP(-H21*0.5*3600) -> 32075.895 | K21: =E21 -> Be7 | L21: =J21 -> 32075.895 | M21: 0 | O21: =K21 -> Be7 | P21: =G21 -> 53.22d | Q21: =J21 -> 32075.895
B22: 4008 | C22: 0 | D22: 0 | E22: =VLOOKUP(B22,Nuclides!A:F,5,FALSE) -> Be8 | F22: =VLOOKUP(B22,Nuclides!A:F,4,FALSE) -> 8.1813285e-17 | G22: =IF(F22="STABLE", "STABLE", IF(F22<60, F22&"s", IF(F22<3600, ROUND(F22/60,2)&"min", IF(F22<86400, ROUND(F22/3600,2)&"h", IF(F22<31536000, ROUND(F22/86400,2)&"d", ROUND(F22/31536000,2)&"y"))))) -> 8.18132854578096E-17s | H22: =LN(2)/F22 -> 8.4723059e+15 | I22: =60*6240000000000*C22*(1-EXP(-H22*2*3600)) -> 0 | J22: =I22*EXP(-H22*48*3600) -> 0 | K22: =E22 -> Be8
B23: 4009 | C23: 7.18e-07 | D23: 0.0373 | E23: =VLOOKUP(B23,Nuclides!A:F,5,FALSE) -> Be9 | F23: =VLOOKUP(B23,Nuclides!A:F,4,FALSE) -> STABLE | G23: =IF(F23="STABLE", "STABLE", IF(F23<60, F23&"s", IF(F23<3600, ROUND(F23/60,2)&"min", IF(F23<86400, ROUND(F23/3600,2)&"h", IF(F23<31536000, ROUND(F23/86400,2)&"d", ROUND(F23/31536000,2)&"y"))))) -> STABLE | H23: =LN(2)/F23 -> #VALUE! | I23: =60*6240000000000*C23*(1-EXP(-H23*2*3600)) -> #VALUE! | J23: =I23*EXP(-H23*48*3600) -> #VALUE! | K23: =E23 -> Be9
B24: 4010 | C24: 0 | D24: 0 | E24: =VLOOKUP(B24,Nuclides!A:F,5,FALSE) -> Be10 | F24: =VLOOKUP(B24,Nuclides!A:F,4,FALSE) -> 47651976000000 | G24: =IF(F24="STABLE", "STABLE", IF(F24<60, F24&"s", IF(F24<3600, ROUND(F24/60,2)&"min", IF(F24<86400, ROUND(F24/3600,2)&"h", IF(F24<31536000, ROUND(F24/86400,2)&"d", ROUND(F24/31536000,2)&"y"))))) -> 1511034.25y | H24: =LN(2)/F24 -> 1.4546032e-14 | I24: =60*6240000000000*C24*(1-EXP(-H24*2*3600)) -> 0 | J24: =I24*EXP(-H24*48*3600) -> 0 | K24: =E24 -> Be10
B25: 4011 | C25: 0 | D25: 0 | E25: =VLOOKUP(B25,Nuclides!A:F,5,FALSE) -> Be11 | F25: =VLOOKUP(B25,Nuclides!A:F,4,FALSE) -> 13.76 | G25: =IF(F25="STABLE", "STABLE", IF(F25<60, F25&"s", IF(F25<3600, ROUND(F25/60,2)&"min", IF(F25<86400, ROUND(F25/3600,2)&"h", IF(F25<31536000, ROUND(F25/86400,2)&"d", ROUND(F25/31536000,2)&"y"))))) -> 13.76s | H25: =LN(2)/F25 -> 0.050374068 | I25: =60*6240000000000*C25*(1-EXP(-H25*2*3600)) -> 0 | J25: =I25*EXP(-H25*48*3600) -> 0 | K25: =E25 -> Be11
B26: 4012 | C26: 0 | D26: 0 | E26: =VLOOKUP(B26,Nuclides!A:F,5,FALSE) -> Be12 | F26: =VLOOKUP(B26,Nuclides!A:F,4,FALSE) -> 0.02147 | G26: =IF(F26="STABLE", "STABLE", IF(F26<60, F26&"s", IF(F26<3600, ROUND(F26/60,2)&"min", IF(F26<86400, ROUND(F26/3600,2)&"h", IF(F26<31536000, ROUND(F26/86400,2)&"d", ROUND(F26/31536000,2)&"y"))))) -> 0.02147s | H26: =LN(2)/F26 -> 32.284452 | I26: =60*6240000000000*C26*(1-EXP(-H26*2*3600)) -> 0 | J26: =I26*EXP(-H26*48*3600) -> 0 | K26: =E26 -> Be12
B27: 4013 | C27: 0 | D27: 0 | E27: =VLOOKUP(B27,Nuclides!A:F,5,FALSE) -> Be13 | F27: =VLOOKUP(B27,Nuclides!A:F,4,FALSE) -> 2.7e-21 | G27: =IF(F27="STABLE", "STABLE", IF(F27<60, F27&"s", IF(F27<3600, ROUND(F27/60,2)&"min", IF(F27<86400, ROUND(F27/3600,2)&"h", IF(F27<31536000, ROUND(F27/86400,2)&"d", ROUND(F27/31536000,2)&"y"))))) -> 2.7E-21s | H27: =LN(2)/F27 -> 2.5672118e+20 | I27: =60*6240000000000*C27*(1-EXP(-H27*2*3600)) -> 0 | J27: =I27*EXP(-H27*48*3600) -> 0 | K27: =E27 -> Be13
B28: 4014 | C28: 0 | D28: 0 | E28: =VLOOKUP(B28,Nuclides!A:F,5,FALSE) -> Be14 | F28: =VLOOKUP(B28,Nuclides!A:F,4,FALSE) -> 0.00435 | G28: =IF(F28="STABLE", "STABLE", IF(F28<60, F28&"s", IF(F28<3600, ROUND(F28/60,2)&"min", IF(F28<86400, ROUND(F28/3600,2)&"h", IF(F28<31536000, ROUND(F28/86400,2)&"d", ROUND(F28/31536000,2)&"y"))))) -> 0.00435s | H28: =LN(2)/F28 -> 159.34418 | I28: =60*6240000000000*C28*(1-EXP(-H28*2*3600)) -> 0 | J28: =I28*EXP(-H28*48*3600) -> 0 | K28: =E28 -> Be14
B29: 5008 | C29: 0 | D29: 0 | E29: =VLOOKUP(B29,Nuclides!A:F,5,FALSE) -> B8 | F29: =VLOOKUP(B29,Nuclides!A:F,4,FALSE) -> 0.77 | G29: =IF(F29="STABLE", "STABLE", IF(F29<60, F29&"s", IF(F29<3600, ROUND(F29/60,2)&"min", IF(F29<86400, ROUND(F29/3600,2)&"h", IF(F29<31536000, ROUND(F29/86400,2)&"d", ROUND(F29/31536000,2)&"y"))))) -> 0.77s | H29: =LN(2)/F29 -> 0.90019114 | I29: =60*6240000000000*C29*(1-EXP(-H29*2*3600)) -> 0 | J29: =I29*EXP(-H29*48*3600) -> 0 | K29: =E29 -> B8
B30: 5009 | C30: 0 | D30: 0 | E30: =VLOOKUP(B30,Nuclides!A:F,5,FALSE) -> B9 | F30: =VLOOKUP(B30,Nuclides!A:F,4,FALSE) -> 8.4388889e-19 | G30: =IF(F30="STABLE", "STABLE", IF(F30<60, F30&"s", IF(F30<3600, ROUND(F30/60,2)&"min", IF(F30<86400, ROUND(F30/3600,2)&"h", IF(F30<31536000, ROUND(F30/86400,2)&"d", ROUND(F30/31536000,2)&"y"))))) -> 8.43888888888888E-19s | H30: =LN(2)/F30 -> 8.2137256e+17 | I30: =60*6240000000000*C30*(1-EXP(-H30*2*3600)) -> 0 | J30: =I30*EXP(-H30*48*3600) -> 0 | K30: =E30 -> B9
B31: 5010 | C31: 0 | D31: 0 | E31: =VLOOKUP(B31,Nuclides!A:F,5,FALSE) -> B10 | F31: =VLOOKUP(B31,Nuclides!A:F,4,FALSE) -> STABLE | G31: =IF(F31="STABLE", "STABLE", IF(F31<60, F31&"s", IF(F31<3600, ROUND(F31/60,2)&"min", IF(F31<86400, ROUND(F31/3600,2)&"h", IF(F31<31536000, ROUND(F31/86400,2)&"d", ROUND(F31/31536000,2)&"y"))))) -> STABLE | H31: =LN(2)/F31 -> #VALUE! | I31: =60*6240000000000*C31*(1-EXP(-H31*2*3600)) -> #VALUE! | J31: =I31*EXP(-H31*48*3600) -> #VALUE! | K31: =E31 -> B10
B32: 5011 | C32: 0 | D32: 0 | E32: =VLOOKUP(B32,Nuclides!A:F,5,FALSE) -> B11 | F32: =VLOOKUP(B32,Nuclides!A:F,4,FALSE) -> STABLE | G32: =IF(F32="STABLE", "STABLE", IF(F32<60, F32&"s", IF(F32<3600, ROUND(F32/60,2)&"min", IF(F32<86400, ROUND(F32/3600,2)&"h", IF(F32<31536000, ROUND(F32/86400,2)&"d", ROUND(F32/31536000,2)&"y"))))) -> STABLE | H32: =LN(2)/F32 -> #VALUE! | I32: =60*6240000000000*C32*(1-EXP(-H32*2*3600)) -> #VALUE! | J32: =I32*EXP(-H32*48*3600) -> #VALUE! | K32: =E32 -> B11
B33: 5012 | C33: 0 | D33: 0 | E33: =VLOOKUP(B33,Nuclides!A:F,5,FALSE) -> B12 | F33: =VLOOKUP(B33,Nuclides!A:F,4,FALSE) -> 0.0202 | G33: =IF(F33="STABLE", "STABLE", IF(F33<60, F33&"s", IF(F33<3600, ROUND(F33/60,2)&"min", IF(F33<86400, ROUND(F33/3600,2)&"h", IF(F33<31536000, ROUND(F33/86400,2)&"d", ROUND(F33/31536000,2)&"y"))))) -> 0.0202s | H33: =LN(2)/F33 -> 34.314217 | I33: =60*6240000000000*C33*(1-EXP(-H33*2*3600)) -> 0 | J33: =I33*EXP(-H33*48*3600) -> 0 | K33: =E33 -> B12
... B290: 23048 | C290: 0 | D290: 0 | E290: =VLOOKUP(B290,Nuclides!A:F,5,FALSE) -> V48 | F290: =VLOOKUP(B290,Nuclides!A:F,4,FALSE) -> 1380110.4 | G290: =IF(F290="STABLE", "STABLE", IF(F290<60, F290&"s", IF(F290<3600, ROUND(F290/60,2)&"min", IF(F290<86400, ROUND(F290/3600,2)&"h", IF(F290<31536000, ROUND(F290/86400,2)&"d", ROUND(F290/31536000,2)&"y"))))) -> 15.97d | H290: =LN(2)/F290 -> 5.0224039e-07 | I290: =60*6240000000000*C290*(1-EXP(-H290*2*3600)) -> 0 | J290: =I290*EXP(-H290*48*3600) -> 0 | K290: =E290 -> V48
B291: 23049 | C291: 5.03e-07 | D291: 0.0446 | E291: =VLOOKUP(B291,Nuclides!A:F,5,FALSE) -> V49 | F291: =VLOOKUP(B291,Nuclides!A:F,4,FALSE) -> 28512000 | G291: =IF(F291="STABLE", "STABLE", IF(F291<60, F291&"s", IF(F291<3600, ROUND(F291/60,2)&"min", IF(F291<86400, ROUND(F291/3600,2)&"h", IF(F291<31536000, ROUND(F291/86400,2)&"d", ROUND(F291/31536000,2)&"y"))))) -> 330d | H291: =LN(2)/F291 -> 2.4310718e-08 | I291: =60*6240000000000*C291*(1-EXP(-H291*2*3600)) -> 32960.675 | J291: =I291*EXP(-H291*0.5*3600) -> 32959.232 | K291: =E291 -> V49 | L291: =J291 -> 32959.232 | M291: 0 | O291: =K291 -> V49 | P291: =G291 -> 330d | Q291: =J291 -> 32959.232
B292: 23050 | C292: 1.7e-07 | D292: 0.0767 | E292: =VLOOKUP(B292,Nuclides!A:F,5,FALSE) -> V50 | F292: =VLOOKUP(B292,Nuclides!A:F,4,FALSE) -> 6.627096e+24 | G292: =IF(F292="STABLE", "STABLE", IF(F292<60, F292&"s", IF(F292<3600, ROUND(F292/60,2)&"min", IF(F292<86400, ROUND(F292/3600,2)&"h", IF(F292<31536000, ROUND(F292/86400,2)&"d", ROUND(F292/31536000,2)&"y"))))) -> 210143835616438000y | H292: =LN(2)/F292 -> 1.045929e-25 | I292: =60*6240000000000*C292*(1-EXP(-H292*2*3600)) -> 0 | J292: =I292*EXP(-H292*48*3600) -> 0 | K292: =E292 -> V50
B293: 23051 | C293: 2.5e-08 | D293: 0.2 | E293: =VLOOKUP(B293,Nuclides!A:F,5,FALSE) -> V51 | F293: =VLOOKUP(B293,Nuclides!A:F,4,FALSE) -> STABLE | G293: =IF(F293="STABLE", "STABLE", IF(F293<60, F293&"s", IF(F293<3600, ROUND(F293/60,2)&"min", IF(F293<86400, ROUND(F293/3600,2)&"h", IF(F293<31536000, ROUND(F293/86400,2)&"d", ROUND(F293/31536000,2)&"y"))))) -> STABLE | H293: =LN(2)/F293 -> #VALUE! | I293: =60*6240000000000*C293*(1-EXP(-H293*2*3600)) -> #VALUE! | J293: =I293*EXP(-H293*48*3600) -> #VALUE! | K293: =E293 -> V51
B294: 23052 | C294: 0 | D294: 0 | E294: =VLOOKUP(B294,Nuclides!A:F,5,FALSE) -> V52 | F294: =VLOOKUP(B294,Nuclides!A:F,4,FALSE) -> 224.58 | G294: =IF(F294="STABLE", "STABLE", IF(F294<60, F294&"s", IF(F294<3600, ROUND(F294/60,2)&"min", IF(F294<86400, ROUND(F294/3600,2)&"h", IF(F294<31536000, ROUND(F294/86400,2)&"d", ROUND(F294/31536000,2)&"y"))))) -> 3.74min | H294: =LN(2)/F294 -> 0.0030864154 | I294: =60*6240000000000*C294*(1-EXP(-H294*2*3600)) -> 0 | J294: =I294*EXP(-H294*48*3600) -> 0 | K294: =E294 -> V52
B295: 23053 | C295: 0 | D295: 0 | E295: =VLOOKUP(B295,Nuclides!A:F,5,FALSE) -> V53 | F295: =VLOOKUP(B295,Nuclides!A:F,4,FALSE) -> 92.58 | G295: =IF(F295="STABLE", "STABLE", IF(F295<60, F295&"s", IF(F295<3600, ROUND(F295/60,2)&"min", IF(F295<86400, ROUND(F295/3600,2)&"h", IF(F295<31536000, ROUND(F295/86400,2)&"d", ROUND(F295/31536000,2)&"y"))))) -> 1.54min | H295: =LN(2)/F295 -> 0.0074870078 | I295: =60*6240000000000*C295*(1-EXP(-H295*2*3600)) -> 0 | J295: =I295*EXP(-H295*48*3600) -> 0 | K295: =E295 -> V53
B296: 23054 | C296: 0 | D296: 0 | E296: =VLOOKUP(B296,Nuclides!A:F,5,FALSE) -> V54 | F296: =VLOOKUP(B296,Nuclides!A:F,4,FALSE) -> 49.8 | G296: =IF(F296="STABLE", "STABLE", IF(F296<60, F296&"s", IF(F296<3600, ROUND(F296/60,2)&"min", IF(F296<86400, ROUND(F296/3600,2)&"h", IF(F296<31536000, ROUND(F296/86400,2)&"d", ROUND(F296/31536000,2)&"y"))))) -> 49.8s | H296: =LN(2)/F296 -> 0.013918618 | I296: =60*6240000000000*C296*(1-EXP(-H296*2*3600)) -> 0 | J296: =I296*EXP(-H296*48*3600) -> 0 | K296: =E296 -> V54
B297: 23055 | C297: 0 | D297: 0 | E297: =VLOOKUP(B297,Nuclides!A:F,5,FALSE) -> V55 | F297: =VLOOKUP(B297,Nuclides!A:F,4,FALSE) -> 6.54 | G297: =IF(F297="STABLE", "STABLE", IF(F297<60, F297&"s", IF(F297<3600, ROUND(F297/60,2)&"min", IF(F297<86400, ROUND(F297/3600,2)&"h", IF(F297<31536000, ROUND(F297/86400,2)&"d", ROUND(F297/31536000,2)&"y"))))) -> 6.54s | H297: =LN(2)/F297 -> 0.10598581 | I297: =60*6240000000000*C297*(1-EXP(-H297*2*3600)) -> 0 | J297: =I297*EXP(-H297*48*3600) -> 0 | K297: =E297 -> V55
B298: 23056 | C298: 0 | D298: 0 | E298: =VLOOKUP(B298,Nuclides!A:F,5,FALSE) -> V56 | F298: =VLOOKUP(B298,Nuclides!A:F,4,FALSE) -> 0.216 | G298: =IF(F298="STABLE", "STABLE", IF(F298<60, F298&"s", IF(F298<3600, ROUND(F298/60,2)&"min", IF(F298<86400, ROUND(F298/3600,2)&"h", IF(F298<31536000, ROUND(F298/86400,2)&"d", ROUND(F298/31536000,2)&"y"))))) -> 0.216s | H298: =LN(2)/F298 -> 3.2090147 | I298: =60*6240000000000*C298*(1-EXP(-H298*2*3600)) -> 0 | J298: =I298*EXP(-H298*48*3600) -> 0 | K298: =E298 -> V56
B299: 24045 | C299: 0 | D299: 0 | E299: =VLOOKUP(B299,Nuclides!A:F,5,FALSE) -> Cr45 | F299: =VLOOKUP(B299,Nuclides!A:F,4,FALSE) -> 0.0609 | G299: =IF(F299="STABLE", "STABLE", IF(F299<60, F299&"s", IF(F299<3600, ROUND(F299/60,2)&"min", IF(F299<86400, ROUND(F299/3600,2)&"h", IF(F299<31536000, ROUND(F299/86400,2)&"d", ROUND(F299/31536000,2)&"y"))))) -> 0.0609s | H299: =LN(2)/F299 -> 11.381727 | I299: =60*6240000000000*C299*(1-EXP(-H299*2*3600)) -> 0 | J299: =I299*EXP(-H299*48*3600) -> 0 | K299: =E299 -> Cr45
B300: 24046 | C300: 0 | D300: 0 | E300: =VLOOKUP(B300,Nuclides!A:F,5,FALSE) -> Cr46 | F300: =VLOOKUP(B300,Nuclides!A:F,4,FALSE) -> 0.26 | G300: =IF(F300="STABLE", "STABLE", IF(F300<60, F300&"s", IF(F300<3600, ROUND(F300/60,2)&"min", IF(F300<86400, ROUND(F300/3600,2)&"h", IF(F300<31536000, ROUND(F300/86400,2)&"d", ROUND(F300/31536000,2)&"y"))))) -> 0.26s | H300: =LN(2)/F300 -> 2.6659507 | I300: =60*6240000000000*C300*(1-EXP(-H300*2*3600)) -> 0 | J300: =I300*EXP(-H300*48*3600) -> 0 | K300: =E300 -> Cr46
B301: 24047 | C301: 0 | D301: 0 | E301: =VLOOKUP(B301,Nuclides!A:F,5,FALSE) -> Cr47 | F301: =VLOOKUP(B301,Nuclides!A:F,4,FALSE) -> 0.5 | G301: =IF(F301="STABLE", "STABLE", IF(F301<60, F301&"s", IF(F301<3600, ROUND(F301/60,2)&"min", IF(F301<86400, ROUND(F301/3600,2)&"h", IF(F301<31536000, ROUND(F301/86400,2)&"d", ROUND(F301/31536000,2)&"y"))))) -> 0.5s | H301: =LN(2)/F301 -> 1.3862944 | I301: =60*6240000000000*C301*(1-EXP(-H301*2*3600)) -> 0 | J301: =I301*EXP(-H301*48*3600) -> 0 | K301: =E301 -> Cr47
B302: 24048 | C302: 0 | D302: 0 | E302: =VLOOKUP(B302,Nuclides!A:F,5,FALSE) -> Cr48 | F302: =VLOOKUP(B302,Nuclides!A:F,4,FALSE) -> 77616 | G302: =IF(F302="STABLE", "STABLE", IF(F302<60, F302&"s", IF(F302<3600, ROUND(F302/60,2)&"min", IF(F302<86400, ROUND(F302/3600,2)&"h", IF(F302<31536000, ROUND(F302/86400,2)&"d", ROUND(F302/31536000,2)&"y"))))) -> 21.56h | H302: =LN(2)/F302 -> 8.9304677e-06 | I302: =60*6240000000000*C302*(1-EXP(-H302*2*3600)) -> 0 | J302: =I302*EXP(-H302*48*3600) -> 0 | K302: =E302 -> Cr48
B303: 24049 | C303: 0 | D303: 0 | E303: =VLOOKUP(B303,Nuclides!A:F,5,FALSE) -> Cr49 | F303: =VLOOKUP(B303,Nuclides!A:F,4,FALSE) -> 2538 | G303: =IF(F303="STABLE", "STABLE", IF(F303<60, F303&"s", IF(F303<3600, ROUND(F303/60,2)&"min", IF(F303<86400, ROUND(F303/3600,2)&"h", IF(F303<31536000, ROUND(F303/86400,2)&"d", ROUND(F303/31536000,2)&"y"))))) -> 42.3min | H303: =LN(2)/F303 -> 0.00027310764 | I303: =60*6240000000000*C303*(1-EXP(-H303*2*3600)) -> 0 | J303: =I303*EXP(-H303*48*3600) -> 0 | K303: =E303 -> Cr49
B304: 24050 | C304: 4.98e-06 | D304: 0.0142 | E304: =VLOOKUP(B304,Nuclides!A:F,5,FALSE) -> Cr50 | F304: =VLOOKUP(B304,Nuclides!A:F,4,FALSE) -> 4.102488e+25 | G304: =IF(F304="STABLE", "STABLE", IF(F304<60, F304&"s", IF(F304<3600, ROUND(F304/60,2)&"min", IF(F304<86400, ROUND(F304/3600,2)&"h", IF(F304<31536000, ROUND(F304/86400,2)&"d", ROUND(F304/31536000,2)&"y"))))) -> 1300890410958900000y | H304: =LN(2)/F304 -> 1.6895776e-26 | I304: =60*6240000000000*C304*(1-EXP(-H304*2*3600)) -> 0 | J304: =I304*EXP(-H304*48*3600) -> 0 | K304: =E304 -> Cr50
B305: 24051 | C305: 3e-09 | D305: 0.5774 | E305: =VLOOKUP(B305,Nuclides!A:F,5,FALSE) -> Cr51 | F305: =VLOOKUP(B305,Nuclides!A:F,4,FALSE) -> 2393496 | G305: =IF(F305="STABLE", "STABLE", IF(F305<60, F305&"s", IF(F305<3600, ROUND(F305/60,2)&"min", IF(F305<86400, ROUND(F305/3600,2)&"h", IF(F305<31536000, ROUND(F305/86400,2)&"d", ROUND(F305/31536000,2)&"y"))))) -> 27.7d | H305: =LN(2)/F305 -> 2.8959613e-07 | I305: =60*6240000000000*C305*(1-EXP(-H305*2*3600)) -> 2339.5356 | J305: =I305*EXP(-H305*0.5*3600) -> 2338.3164 | K305: =E305 -> Cr51 | L305: =J305 -> 2338.3164 | M305: 0 | O305: =K305 -> Cr51 | P305: =G305 -> 27.7d | Q305: =J305 -> 2338.3164
B306: 24052 | C306: 7.9259e-05 | D306: 0.0036 | E306: =VLOOKUP(B306,Nuclides!A:F,5,FALSE) -> Cr52 | F306: =VLOOKUP(B306,Nuclides!A:F,4,FALSE) -> STABLE | G306: =IF(F306="STABLE", "STABLE", IF(F306<60, F306&"s", IF(F306<3600, ROUND(F306/60,2)&"min", IF(F306<86400, ROUND(F306/3600,2)&"h", IF(F306<31536000, ROUND(F306/86400,2)&"d", ROUND(F306/31536000,2)&"y"))))) -> STABLE | H306: =LN(2)/F306 -> #VALUE! | I306: =60*6240000000000*C306*(1-EXP(-H306*2*3600)) -> #VALUE! | J306: =I306*EXP(-H306*48*3600) -> #VALUE! | K306: =E306 -> Cr52
B307: 24053 | C307: 6.716e-06 | D307: 0.0122 | E307: =VLOOKUP(B307,Nuclides!A:F,5,FALSE) -> Cr53 | F307: =VLOOKUP(B307,Nuclides!A:F,4,FALSE) -> STABLE | G307: =IF(F307="STABLE", "STABLE", IF(F307<60, F307&"s", IF(F307<3600, ROUND(F307/60,2)&"min", IF(F307<86400, ROUND(F307/3600,2)&"h", IF(F307<31536000, ROUND(F307/86400,2)&"d", ROUND(F307/31536000,2)&"y"))))) -> STABLE | H307: =LN(2)/F307 -> #VALUE! | I307: =60*6240000000000*C307*(1-EXP(-H307*2*3600)) -> #VALUE! | J307: =I307*EXP(-H307*48*3600) -> #VALUE! | K307: =E307 -> Cr53
B308: 24054 | C308: 1.716e-06 | D308: 0.0241 | E308: =VLOOKUP(B308,Nuclides!A:F,5,FALSE) -> Cr54 | F308: =VLOOKUP(B308,Nuclides!A:F,4,FALSE) -> STABLE | G308: =IF(F308="STABLE", "STABLE", IF(F308<60, F308&"s", IF(F308<3600, ROUND(F308/60,2)&"min", IF(F308<86400, ROUND(F308/3600,2)&"h", IF(F308<31536000, ROUND(F308/86400,2)&"d", ROUND(F308/31536000,2)&"y"))))) -> STABLE | H308: =LN(2)/F308 -> #VALUE! | I308: =60*6240000000000*C308*(1-EXP(-H308*2*3600)) -> #VALUE! | J308: =I308*EXP(-H308*48*3600) -> #VALUE! | K308: =E308 -> Cr54
B309: 24055 | C309: 0 | D309: 0 | E309: =VLOOKUP(B309,Nuclides!A:F,5,FALSE) -> Cr55 | F309: =VLOOKUP(B309,Nuclides!A:F,4,FALSE) -> 209.82 | G309: =IF(F309="STABLE", "STABLE", IF(F309<60, F309&"s", IF(F309<3600, ROUND(F309/60,2)&"min", IF(F309<86400, ROUND(F309/3600,2)&"h", IF(F309<31536000, ROUND(F309/86400,2)&"d", ROUND(F309/31536000,2)&"y"))))) -> 3.5min | H309: =LN(2)/F309 -> 0.0033035325 | I309: =60*6240000000000*C309*(1-EXP(-H309*2*3600)) -> 0 | J309: =I309*EXP(-H309*48*3600) -> 0 | K309: =E309 -> Cr55
B310: 24056 | C310: 0 | D310: 0 | E310: =VLOOKUP(B310,Nuclides!A:F,5,FALSE) -> Cr56 | F310: =VLOOKUP(B310,Nuclides!A:F,4,FALSE) -> 356.4 | G310: =IF(F310="STABLE", "STABLE", IF(F310<60, F310&"s", IF(F310<3600, ROUND(F310/60,2)&"min", IF(F310<86400, ROUND(F310/3600,2)&"h", IF(F310<31536000, ROUND(F310/86400,2)&"d", ROUND(F310/31536000,2)&"y"))))) -> 5.94min | H310: =LN(2)/F310 -> 0.0019448574 | I310: =60*6240000000000*C310*(1-EXP(-H310*2*3600)) -> 0 | J310: =I310*EXP(-H310*48*3600) -> 0 | K310: =E310 -> Cr56
B311: 24057 | C311: 0 | D311: 0 | E311: =VLOOKUP(B311,Nuclides!A:F,5,FALSE) -> Cr57 | F311: =VLOOKUP(B311,Nuclides!A:F,4,FALSE) -> 21.1 | G311: =IF(F311="STABLE", "STABLE", IF(F311<60, F311&"s", IF(F311<3600, ROUND(F311/60,2)&"min", IF(F311<86400, ROUND(F311/3600,2)&"h", IF(F311<31536000, ROUND(F311/86400,2)&"d", ROUND(F311/31536000,2)&"y"))))) -> 21.1s | H311: =LN(2)/F311 -> 0.032850577 | I311: =60*6240000000000*C311*(1-EXP(-H311*2*3600)) -> 0 | J311: =I311*EXP(-H311*48*3600) -> 0 | K311: =E311 -> Cr57
B312: 24058 | C312: 0 | D312: 0 | E312: =VLOOKUP(B312,Nuclides!A:F,5,FALSE) -> Cr58 | F312: =VLOOKUP(B312,Nuclides!A:F,4,FALSE) -> 7 | G312: =IF(F312="STABLE", "STABLE", IF(F312<60, F312&"s", IF(F312<3600, ROUND(F312/60,2)&"min", IF(F312<86400, ROUND(F312/3600,2)&"h", IF(F312<31536000, ROUND(F312/86400,2)&"d", ROUND(F312/31536000,2)&"y"))))) -> 7s | H312: =LN(2)/F312 -> 0.099021026 | I312: =60*6240000000000*C312*(1-EXP(-H312*2*3600)) -> 0 | J312: =I312*EXP(-H312*48*3600) -> 0 | K312: =E312 -> Cr58
B313: 24059 | C313: 0 | D313: 0 | E313: =VLOOKUP(B313,Nuclides!A:F,5,FALSE) -> Cr59 | F313: =VLOOKUP(B313,Nuclides!A:F,4,FALSE) -> 1.05 | G313: =IF(F313="STABLE", "STABLE", IF(F313<60, F313&"s", IF(F313<3600, ROUND(F313/60,2)&"min", IF(F313<86400, ROUND(F313/3600,2)&"h", IF(F313<31536000, ROUND(F313/86400,2)&"d", ROUND(F313/31536000,2)&"y"))))) -> 1.05s | H313: =LN(2)/F313 -> 0.66014017 | I313: =60*6240000000000*C313*(1-EXP(-H313*2*3600)) -> 0 | J313: =I313*EXP(-H313*48*3600) -> 0 | K313: =E313 -> Cr59
B314: 25049 | C314: 0 | D314: 0 | E314: =VLOOKUP(B314,Nuclides!A:F,5,FALSE) -> Mn49 | F314: =VLOOKUP(B314,Nuclides!A:F,4,FALSE) -> 0.382 | G314: =IF(F314="STABLE", "STABLE", IF(F314<60, F314&"s", IF(F314<3600, ROUND(F314/60,2)&"min", IF(F314<86400, ROUND(F314/3600,2)&"h", IF(F314<31536000, ROUND(F314/86400,2)&"d", ROUND(F314/31536000,2)&"y"))))) -> 0.382s | H314: =LN(2)/F314 -> 1.8145214 | I314: =60*6240000000000*C314*(1-EXP(-H314*2*3600)) -> 0 | J314: =I314*EXP(-H314*48*3600) -> 0 | K314: =E314 -> Mn49
B315: 25050 | C315: 4e-07 | D315: 0.05 | E315: =VLOOKUP(B315,Nuclides!A:F,5,FALSE) -> Mn50 | F315: =VLOOKUP(B315,Nuclides!A:F,4,FALSE) -> 0.28319 | G315: =IF(F315="STABLE", "STABLE", IF(F315<60, F315&"s", IF(F315<3600, ROUND(F315/60,2)&"min", IF(F315<86400, ROUND(F315/3600,2)&"h", IF(F315<31536000, ROUND(F315/86400,2)&"d", ROUND(F315/31536000,2)&"y"))))) -> 0.28319s | H315: =LN(2)/F315 -> 2.44764 | I315: =60*6240000000000*C315*(1-EXP(-H315*2*3600)) -> 149760000 | J315: =I315*EXP(-H315*48*3600) -> 0 | K315: =E315 -> Mn50
B316: 25051 | C316: 1.9e-08 | D316: 0.2294 | E316: =VLOOKUP(B316,Nuclides!A:F,5,FALSE) -> Mn51 | F316: =VLOOKUP(B316,Nuclides!A:F,4,FALSE) -> 2772 | G316: =IF(F316="STABLE", "STABLE", IF(F316<60, F316&"s", IF(F316<3600, ROUND(F316/60,2)&"min", IF(F316<86400, ROUND(F316/3600,2)&"h", IF(F316<31536000, ROUND(F316/86400,2)&"d", ROUND(F316/31536000,2)&"y"))))) -> 46.2min | H316: =LN(2)/F316 -> 0.0002500531 | I316: =60*6240000000000*C316*(1-EXP(-H316*2*3600)) -> 5938179.3 | J316: =I316*EXP(-H316*48*3600) -> 1.0189364e-12 | K316: =E316 -> Mn51
B317: 25052 | C317: 2.8907e-05 | D317: 0.0059 | E317: =VLOOKUP(B317,Nuclides!A:F,5,FALSE) -> Mn52 | F317: =VLOOKUP(B317,Nuclides!A:F,4,FALSE) -> 483062.4 | G317: =IF(F317="STABLE", "STABLE", IF(F317<60, F317&"s", IF(F317<3600, ROUND(F317/60,2)&"min", IF(F317<86400, ROUND(F317/3600,2)&"h", IF(F317<31536000, ROUND(F317/86400,2)&"d", ROUND(F317/31536000,2)&"y"))))) -> 5.59d | H317: =LN(2)/F317 -> 1.434902e-06 | I317: =60*6240000000000*C317*(1-EXP(-H317*2*3600)) -> 1.1123773e+08 | J317: =I317*EXP(-H317*0.5*3600) -> 1.1095079e+08 | K317: =E317 -> Mn52 | L317: =J317 -> 1.1095079e+08 | M317: 0 | O317: =K317 -> Mn52 | P317: =G317 -> 5.59d | Q317: =J317 -> 1.1095079e+08
B318: 25053 | C318: 3.445e-06 | D318: 0.017 | E318: =VLOOKUP(B318,Nuclides!A:F,5,FALSE) -> Mn53 | F318: =VLOOKUP(B318,Nuclides!A:F,4,FALSE) -> 118025424000000 | G318: =IF(F318="STABLE", "STABLE", IF(F318<60, F318&"s", IF(F318<3600, ROUND(F318/60,2)&"min", IF(F318<86400, ROUND(F318/3600,2)&"h", IF(F318<31536000, ROUND(F318/86400,2)&"d", ROUND(F318/31536000,2)&"y"))))) -> 3742561.64y | H318: =LN(2)/F318 -> 5.8728633e-15 | I318: =60*6240000000000*C318*(1-EXP(-H318*2*3600)) -> 0.054539041 | J318: =I318*EXP(-H318*48*3600) -> 0.054539041 | K318: =E318 -> Mn53
B319: 25054 | C319: 9.06e-07 | D319: 0.0332 | E319: =VLOOKUP(B319,Nuclides!A:F,5,FALSE) -> Mn54 | F319: =VLOOKUP(B319,Nuclides!A:F,4,FALSE) -> 26974080 | G319: =IF(F319="STABLE", "STABLE", IF(F319<60, F319&"s", IF(F319<3600, ROUND(F319/60,2)&"min", IF(F319<86400, ROUND(F319/3600,2)&"h", IF(F319<31536000, ROUND(F319/86400,2)&"d", ROUND(F319/31536000,2)&"y"))))) -> 312.2d | H319: =LN(2)/F319 -> 2.5696787e-08 | I319: =60*6240000000000*C319*(1-EXP(-H319*2*3600)) -> 62753.099 | J319: =I319*EXP(-H319*0.5*3600) -> 62750.197 | K319: =E319 -> Mn54 | L319: =J319 -> 62750.197 | M319: 0 | O319: =K319 -> Mn54 | P319: =G319 -> 312.2d | Q319: =J319 -> 62750.197
B320: 25055 | C320: 6e-06 | D320: 0.0129 | E320: =VLOOKUP(B320,Nuclides!A:F,5,FALSE) -> Mn55 | F320: =VLOOKUP(B320,Nuclides!A:F,4,FALSE) -> STABLE | G320: =IF(F320="STABLE", "STABLE", IF(F320<60, F320&"s", IF(F320<3600, ROUND(F320/60,2)&"min", IF(F320<86400, ROUND(F320/3600,2)&"h", IF(F320<31536000, ROUND(F320/86400,2)&"d", ROUND(F320/31536000,2)&"y"))))) -> STABLE | H320: =LN(2)/F320 -> #VALUE! | I320: =60*6240000000000*C320*(1-EXP(-H320*2*3600)) -> #VALUE! | J320: =I320*EXP(-H320*48*3600) -> #VALUE! | K320: =E320 -> Mn55
B321: 25056 | C321: 0 | D321: 0 | E321: =VLOOKUP(B321,Nuclides!A:F,5,FALSE) -> Mn56 | F321: =VLOOKUP(B321,Nuclides!A:F,4,FALSE) -> 9284.04 | G321: =IF(F321="STABLE", "STABLE", IF(F321<60, F321&"s", IF(F321<3600, ROUND(F321/60,2)&"min", IF(F321<86400, ROUND(F321/3600,2)&"h", IF(F321<31536000, ROUND(F321/86400,2)&"d", ROUND(F321/31536000,2)&"y"))))) -> 2.58h | H321: =LN(2)/F321 -> 7.4660081e-05 | I321: =60*6240000000000*C321*(1-EXP(-H321*2*3600)) -> 0 | J321: =I321*EXP(-H321*48*3600) -> 0 | K321: =E321 -> Mn56
B322: 25057 | C322: 0 | D322: 0 | E322: =VLOOKUP(B322,Nuclides!A:F,5,FALSE) -> Mn57 | F322: =VLOOKUP(B322,Nuclides!A:F,4,FALSE) -> 85.4 | G322: =IF(F322="STABLE", "STABLE", IF(F322<60, F322&"s", IF(F322<3600, ROUND(F322/60,2)&"min", IF(F322<86400, ROUND(F322/3600,2)&"h", IF(F322<31536000, ROUND(F322/86400,2)&"d", ROUND(F322/31536000,2)&"y"))))) -> 1.42min | H322: =LN(2)/F322 -> 0.0081164775 | I322: =60*6240000000000*C322*(1-EXP(-H322*2*3600)) -> 0 | J322: =I322*EXP(-H322*48*3600) -> 0 | K322: =E322 -> Mn57
B323: 25058 | C323: 0 | D323: 0 | E323: =VLOOKUP(B323,Nuclides!A:F,5,FALSE) -> Mn58 | F323: =VLOOKUP(B323,Nuclides!A:F,4,FALSE) -> 3 | G323: =IF(F323="STABLE", "STABLE", IF(F323<60, F323&"s", IF(F323<3600, ROUND(F323/60,2)&"min", IF(F323<86400, ROUND(F323/3600,2)&"h", IF(F323<31536000, ROUND(F323/86400,2)&"d", ROUND(F323/31536000,2)&"y"))))) -> 3s | H323: =LN(2)/F323 -> 0.23104906 | I323: =60*6240000000000*C323*(1-EXP(-H323*2*3600)) -> 0 | J323: =I323*EXP(-H323*48*3600) -> 0 | K323: =E323 -> Mn58
B324: 25059 | C324: 0 | D324: 0 | E324: =VLOOKUP(B324,Nuclides!A:F,5,FALSE) -> Mn59 | F324: =VLOOKUP(B324,Nuclides!A:F,4,FALSE) -> 4.59 | G324: =IF(F324="STABLE", "STABLE", IF(F324<60, F324&"s", IF(F324<3600, ROUND(F324/60,2)&"min", IF(F324<86400, ROUND(F324/3600,2)&"h", IF(F324<31536000, ROUND(F324/86400,2)&"d", ROUND(F324/31536000,2)&"y"))))) -> 4.59s | H324: =LN(2)/F324 -> 0.15101246 | I324: =60*6240000000000*C324*(1-EXP(-H324*2*3600)) -> 0 | J324: =I324*EXP(-H324*48*3600) -> 0 | K324: =E324 -> Mn59
B325: 25060 | C325: 0 | D325: 0 | E325: =VLOOKUP(B325,Nuclides!A:F,5,FALSE) -> Mn60 | F325: =VLOOKUP(B325,Nuclides!A:F,4,FALSE) -> 0.28 | G325: =IF(F325="STABLE", "STABLE", IF(F325<60, F325&"s", IF(F325<3600, ROUND(F325/60,2)&"min", IF(F325<86400, ROUND(F325/3600,2)&"h", IF(F325<31536000, ROUND(F325/86400,2)&"d", ROUND(F325/31536000,2)&"y"))))) -> 0.28s | H325: =LN(2)/F325 -> 2.4755256 | I325: =60*6240000000000*C325*(1-EXP(-H325*2*3600)) -> 0 | J325: =I325*EXP(-H325*48*3600) -> 0 | K325: =E325 -> Mn60
B326: 25061 | C326: 0 | D326: 0 | E326: =VLOOKUP(B326,Nuclides!A:F,5,FALSE) -> Mn61 | F326: =VLOOKUP(B326,Nuclides!A:F,4,FALSE) -> 0.709 | G326: =IF(F326="STABLE", "STABLE", IF(F326<60, F326&"s", IF(F326<3600, ROUND(F326/60,2)&"min", IF(F326<86400, ROUND(F326/3600,2)&"h", IF(F326<31536000, ROUND(F326/86400,2)&"d", ROUND(F326/31536000,2)&"y"))))) -> 0.709s | H326: =LN(2)/F326 -> 0.97764059 | I326: =60*6240000000000*C326*(1-EXP(-H326*2*3600)) -> 0 | J326: =I326*EXP(-H326*48*3600) -> 0 | K326: =E326 -> Mn61
B327: 25062 | C327: 0 | D327: 0 | E327: =VLOOKUP(B327,Nuclides!A:F,5,FALSE) -> Mn62 | F327: =VLOOKUP(B327,Nuclides!A:F,4,FALSE) -> 0.092 | G327: =IF(F327="STABLE", "STABLE", IF(F327<60, F327&"s", IF(F327<3600, ROUND(F327/60,2)&"min", IF(F327<86400, ROUND(F327/3600,2)&"h", IF(F327<31536000, ROUND(F327/86400,2)&"d", ROUND(F327/31536000,2)&"y"))))) -> 0.092s | H327: =LN(2)/F327 -> 7.5342085 | I327: =60*6240000000000*C327*(1-EXP(-H327*2*3600)) -> 0 | J327: =I327*EXP(-H327*48*3600) -> 0 | K327: =E327 -> Mn62
B328: 26049 | C328: 0 | D328: 0 | E328: =VLOOKUP(B328,Nuclides!A:F,5,FALSE) -> Fe49 | F328: =VLOOKUP(B328,Nuclides!A:F,4,FALSE) -> 0.0647 | G328: =IF(F328="STABLE", "STABLE", IF(F328<60, F328&"s", IF(F328<3600, ROUND(F328/60,2)&"min", IF(F328<86400, ROUND(F328/3600,2)&"h", IF(F328<31536000, ROUND(F328/86400,2)&"d", ROUND(F328/31536000,2)&"y"))))) -> 0.0647s | H328: =LN(2)/F328 -> 10.713249 | I328: =60*6240000000000*C328*(1-EXP(-H328*2*3600)) -> 0 | J328: =I328*EXP(-H328*48*3600) -> 0 | K328: =E328 -> Fe49
B329: 26050 | C329: 0 | D329: 0 | E329: =VLOOKUP(B329,Nuclides!A:F,5,FALSE) -> Fe50 | F329: =VLOOKUP(B329,Nuclides!A:F,4,FALSE) -> 0.155 | G329: =IF(F329="STABLE", "STABLE", IF(F329<60, F329&"s", IF(F329<3600, ROUND(F329/60,2)&"min", IF(F329<86400, ROUND(F329/3600,2)&"h", IF(F329<31536000, ROUND(F329/86400,2)&"d", ROUND(F329/31536000,2)&"y"))))) -> 0.155s | H329: =LN(2)/F329 -> 4.4719173 | I329: =60*6240000000000*C329*(1-EXP(-H329*2*3600)) -> 0 | J329: =I329*EXP(-H329*48*3600) -> 0 | K329: =E329 -> Fe50
B330: 26051 | C330: 0 | D330: 0 | E330: =VLOOKUP(B330,Nuclides!A:F,5,FALSE) -> Fe51 | F330: =VLOOKUP(B330,Nuclides!A:F,4,FALSE) -> 0.305 | G330: =IF(F330="STABLE", "STABLE", IF(F330<60, F330&"s", IF(F330<3600, ROUND(F330/60,2)&"min", IF(F330<86400, ROUND(F330/3600,2)&"h", IF(F330<31536000, ROUND(F330/86400,2)&"d", ROUND(F330/31536000,2)&"y"))))) -> 0.305s | H330: =LN(2)/F330 -> 2.2726137 | I330: =60*6240000000000*C330*(1-EXP(-H330*2*3600)) -> 0 | J330: =I330*EXP(-H330*48*3600) -> 0 | K330: =E330 -> Fe51
B331: 26052 | C331: 0 | D331: 0 | E331: =VLOOKUP(B331,Nuclides!A:F,5,FALSE) -> Fe52 | F331: =VLOOKUP(B331,Nuclides!A:F,4,FALSE) -> 29790 | G331: =IF(F331="STABLE", "STABLE", IF(F331<60, F331&"s", IF(F331<3600, ROUND(F331/60,2)&"min", IF(F331<86400, ROUND(F331/3600,2)&"h", IF(F331<31536000, ROUND(F331/86400,2)&"d", ROUND(F331/31536000,2)&"y"))))) -> 8.28h | H331: =LN(2)/F331 -> 2.326778e-05 | I331: =60*6240000000000*C331*(1-EXP(-H331*2*3600)) -> 0 | J331: =I331*EXP(-H331*48*3600) -> 0 | K331: =E331 -> Fe52
... B333: 26054 | C333: 7.127e-06 | D333: 0.0118 | E333: =VLOOKUP(B333,Nuclides!A:F,5,FALSE) -> Fe54 | F333: =VLOOKUP(B333,Nuclides!A:F,4,FALSE) -> STABLE | G333: =IF(F333="STABLE", "STABLE", IF(F333<60, F333&"s", IF(F333<3600, ROUND(F333/60,2)&"min", IF(F333<86400, ROUND(F333/3600,2)&"h", IF(F333<31536000, ROUND(F333/86400,2)&"d", ROUND(F333/31536000,2)&"y"))))) -> STABLE | H333: =LN(2)/F333 -> #VALUE! | I333: =60*6240000000000*C333*(1-EXP(-H333*2*3600)) -> #VALUE! | J333: =I333*EXP(-H333*48*3600) -> #VALUE! | K333: =E333 -> Fe54
B334: 26055 | C334: 2.68e-06 | D334: 0.0193 | E334: =VLOOKUP(B334,Nuclides!A:F,5,FALSE) -> Fe55 | F334: =VLOOKUP(B334,Nuclides!A:F,4,FALSE) -> 86594054 | G334: =IF(F334="STABLE", "STABLE", IF(F334<60, F334&"s", IF(F334<3600, ROUND(F334/60,2)&"min", IF(F334<86400, ROUND(F334/3600,2)&"h", IF(F334<31536000, ROUND(F334/86400,2)&"d", ROUND(F334/31536000,2)&"y"))))) -> 2.75y | H334: =LN(2)/F334 -> 8.0045586e-09 | I334: =60*6240000000000*C334*(1-EXP(-H334*2*3600)) -> 57826.646 | J334: =I334*EXP(-H334*0.5*3600) -> 57825.813 | K334: =E334 -> Fe55 | L334: =J334 -> 57825.813 | M334: 0 | O334: =K334 -> Fe55 | P334: =G334 -> 2.75y | Q334: =J334 -> 57825.813
B335: 26056 | C335: 8.4574e-05 | D335: 0.0034 | E335: =VLOOKUP(B335,Nuclides!A:F,5,FALSE) -> Fe56 | F335: =VLOOKUP(B335,Nuclides!A:F,4,FALSE) -> STABLE | G335: =IF(F335="STABLE", "STABLE", IF(F335<60, F335&"s", IF(F335<3600, ROUND(F335/60,2)&"min", IF(F335<86400, ROUND(F335/3600,2)&"h", IF(F335<31536000, ROUND(F335/86400,2)&"d", ROUND(F335/31536000,2)&"y"))))) -> STABLE | H335: =LN(2)/F335 -> #VALUE! | I335: =60*6240000000000*C335*(1-EXP(-H335*2*3600)) -> #VALUE! | J335: =I335*EXP(-H335*48*3600) -> #VALUE! | K335: =E335 -> Fe56
B336: 26057 | C336: 1.355e-06 | D336: 0.0272 | E336: =VLOOKUP(B336,Nuclides!A:F,5,FALSE) -> Fe57 | F336: =VLOOKUP(B336,Nuclides!A:F,4,FALSE) -> STABLE | G336: =IF(F336="STABLE", "STABLE", IF(F336<60, F336&"s", IF(F336<3600, ROUND(F336/60,2)&"min", IF(F336<86400, ROUND(F336/3600,2)&"h", IF(F336<31536000, ROUND(F336/86400,2)&"d", ROUND(F336/31536000,2)&"y"))))) -> STABLE | H336: =LN(2)/F336 -> #VALUE! | I336: =60*6240000000000*C336*(1-EXP(-H336*2*3600)) -> #VALUE! | J336: =I336*EXP(-H336*48*3600) -> #VALUE! | K336: =E336 -> Fe57
B337: 26058 | C337: 2.08e-07 | D337: 0.0693 | E337: =VLOOKUP(B337,Nuclides!A:F,5,FALSE) -> Fe58 | F337: =VLOOKUP(B337,Nuclides!A:F,4,FALSE) -> STABLE | G337: =IF(F337="STABLE", "STABLE", IF(F337<60, F337&"s", IF(F337<3600, ROUND(F337/60,2)&"min", IF(F337<86400, ROUND(F337/3600,2)&"h", IF(F337<31536000, ROUND(F337/86400,2)&"d", ROUND(F337/31536000,2)&"y"))))) -> STABLE | H337: =LN(2)/F337 -> #VALUE! | I337: =60*6240000000000*C337*(1-EXP(-H337*2*3600)) -> #VALUE! | J337: =I337*EXP(-H337*48*3600) -> #VALUE! | K337: =E337 -> Fe58
B338: 26059 | C338: 1e-09 | D338: 1 | E338: =VLOOKUP(B338,Nuclides!A:F,5,FALSE) -> Fe59 | F338: =VLOOKUP(B338,Nuclides!A:F,4,FALSE) -> 3844368 | G338: =IF(F338="STABLE", "STABLE", IF(F338<60, F338&"s", IF(F338<3600, ROUND(F338/60,2)&"min", IF(F338<86400, ROUND(F338/3600,2)&"h", IF(F338<31536000, ROUND(F338/86400,2)&"d", ROUND(F338/31536000,2)&"y"))))) -> 44.5d | H338: =LN(2)/F338 -> 1.8030198e-07 | I338: =60*6240000000000*C338*(1-EXP(-H338*2*3600)) -> 485.72111 | J338: =I338*EXP(-H338*0.5*3600) -> 485.5635 | K338: =E338 -> Fe59 | L338: =J338 -> 485.5635 | M338: 0 | O338: =K338 -> Fe59 | P338: =G338 -> 44.5d | Q338: =J338 -> 485.5635
B339: 26060 | C339: 0 | D339: 0 | E339: =VLOOKUP(B339,Nuclides!A:F,5,FALSE) -> Fe60 | F339: =VLOOKUP(B339,Nuclides!A:F,4,FALSE) -> 82680912000000 | G339: =IF(F339="STABLE", "STABLE", IF(F339<60, F339&"s", IF(F339<3600, ROUND(F339/60,2)&"min", IF(F339<86400, ROUND(F339/3600,2)&"h", IF(F339<31536000, ROUND(F339/86400,2)&"d", ROUND(F339/31536000,2)&"y"))))) -> 2621794.52y | H339: =LN(2)/F339 -> 8.3834003e-15 | I339: =60*6240000000000*C339*(1-EXP(-H339*2*3600)) -> 0 | J339: =I339*EXP(-H339*48*3600) -> 0 | K339: =E339 -> Fe60
B340: 26061 | C340: 0 | D340: 0 | E340: =VLOOKUP(B340,Nuclides!A:F,5,FALSE) -> Fe61 | F340: =VLOOKUP(B340,Nuclides!A:F,4,FALSE) -> 358.8 | G340: =IF(F340="STABLE", "STABLE", IF(F340<60, F340&"s", IF(F340<3600, ROUND(F340/60,2)&"min", IF(F340<86400, ROUND(F340/3600,2)&"h", IF(F340<31536000, ROUND(F340/86400,2)&"d", ROUND(F340/31536000,2)&"y"))))) -> 5.98min | H340: =LN(2)/F340 -> 0.0019318483 | I340: =60*6240000000000*C340*(1-EXP(-H340*2*3600)) -> 0 | J340: =I340*EXP(-H340*48*3600) -> 0 | K340: =E340 -> Fe61
B341: 26062 | C341: 0 | D341: 0 | E341: =VLOOKUP(B341,Nuclides!A:F,5,FALSE) -> Fe62 | F341: =VLOOKUP(B341,Nuclides!A:F,4,FALSE) -> 68 | G341: =IF(F341="STABLE", "STABLE", IF(F341<60, F341&"s", IF(F341<3600, ROUND(F341/60,2)&"min", IF(F341<86400, ROUND(F341/3600,2)&"h", IF(F341<31536000, ROUND(F341/86400,2)&"d", ROUND(F341/31536000,2)&"y"))))) -> 1.13min | H341: =LN(2)/F341 -> 0.010193341 | I341: =60*6240000000000*C341*(1-EXP(-H341*2*3600)) -> 0 | J341: =I341*EXP(-H341*48*3600) -> 0 | K341: =E341 -> Fe62
B342: 26063 | C342: 0 | D342: 0 | E342: =VLOOKUP(B342,Nuclides!A:F,5,FALSE) -> Fe63 | F342: =VLOOKUP(B342,Nuclides!A:F,4,FALSE) -> 6.1 | G342: =IF(F342="STABLE", "STABLE", IF(F342<60, F342&"s", IF(F342<3600, ROUND(F342/60,2)&"min", IF(F342<86400, ROUND(F342/3600,2)&"h", IF(F342<31536000, ROUND(F342/86400,2)&"d", ROUND(F342/31536000,2)&"y"))))) -> 6.1s | H342: =LN(2)/F342 -> 0.11363069 | I342: =60*6240000000000*C342*(1-EXP(-H342*2*3600)) -> 0 | J342: =I342*EXP(-H342*48*3600) -> 0 | K342: =E342 -> Fe63
B343: 26064 | C343: 0 | D343: 0 | E343: =VLOOKUP(B343,Nuclides!A:F,5,FALSE) -> Fe64 | F343: =VLOOKUP(B343,Nuclides!A:F,4,FALSE) -> 2 | G343: =IF(F343="STABLE", "STABLE", IF(F343<60, F343&"s", IF(F343<3600, ROUND(F343/60,2)&"min", IF(F343<86400, ROUND(F343/3600,2)&"h", IF(F343<31536000, ROUND(F343/86400,2)&"d", ROUND(F343/31536000,2)&"y"))))) -> 2s | H343: =LN(2)/F343 -> 0.34657359 | I343: =60*6240000000000*C343*(1-EXP(-H343*2*3600)) -> 0 | J343: =I343*EXP(-H343*48*3600) -> 0 | K343: =E343 -> Fe64
B344: 27053 | C344: 0 | D344: 0 | E344: =VLOOKUP(B344,Nuclides!A:F,5,FALSE) -> Co53 | F344: =VLOOKUP(B344,Nuclides!A:F,4,FALSE) -> 0.24 | G344: =IF(F344="STABLE", "STABLE", IF(F344<60, F344&"s", IF(F344<3600, ROUND(F344/60,2)&"min", IF(F344<86400, ROUND(F344/3600,2)&"h", IF(F344<31536000, ROUND(F344/86400,2)&"d", ROUND(F344/31536000,2)&"y"))))) -> 0.24s | H344: =LN(2)/F344 -> 2.8881133 | I344: =60*6240000000000*C344*(1-EXP(-H344*2*3600)) -> 0 | J344: =I344*EXP(-H344*48*3600) -> 0 | K344: =E344 -> Co53
B345: 27054 | C345: 3.95e-07 | D345: 0.0503 | E345: =VLOOKUP(B345,Nuclides!A:F,5,FALSE) -> Co54 | F345: =VLOOKUP(B345,Nuclides!A:F,4,FALSE) -> 0.193 | G345: =IF(F345="STABLE", "STABLE", IF(F345<60, F345&"s", IF(F345<3600, ROUND(F345/60,2)&"min", IF(F345<86400, ROUND(F345/3600,2)&"h", IF(F345<31536000, ROUND(F345/86400,2)&"d", ROUND(F345/31536000,2)&"y"))))) -> 0.193s | H345: =LN(2)/F345 -> 3.5914362 | I345: =60*6240000000000*C345*(1-EXP(-H345*2*3600)) -> 147888000 | J345: =I345*EXP(-H345*48*3600) -> 0 | K345: =E345 -> Co54
B346: 27055 | C346: 9.96e-07 | D346: 0.0317 | E346: =VLOOKUP(B346,Nuclides!A:F,5,FALSE) -> Co55 | F346: =VLOOKUP(B346,Nuclides!A:F,4,FALSE) -> 63108 | G346: =IF(F346="STABLE", "STABLE", IF(F346<60, F346&"s", IF(F346<3600, ROUND(F346/60,2)&"min", IF(F346<86400, ROUND(F346/3600,2)&"h", IF(F346<31536000, ROUND(F346/86400,2)&"d", ROUND(F346/31536000,2)&"y"))))) -> 17.53h | H346: =LN(2)/F346 -> 1.0983507e-05 | I346: =60*6240000000000*C346*(1-EXP(-H346*2*3600)) -> 28353691 | J346: =I346*EXP(-H346*0.5*3600) -> 27798635 | K346: =E346 -> Co55 | L346: =J346 -> 27798635 | M346: 0 | O346: =K346 -> Co55 | P346: =G346 -> 17.53h | Q346: =J346 -> 27798635
B347: 27056 | C347: 2.7079e-05 | D347: 0.0061 | E347: =VLOOKUP(B347,Nuclides!A:F,5,FALSE) -> Co56 | F347: =VLOOKUP(B347,Nuclides!A:F,4,FALSE) -> 6673190.4 | G347: =IF(F347="STABLE", "STABLE", IF(F347<60, F347&"s", IF(F347<3600, ROUND(F347/60,2)&"min", IF(F347<86400, ROUND(F347/3600,2)&"h", IF(F347<31536000, ROUND(F347/86400,2)&"d", ROUND(F347/31536000,2)&"y"))))) -> 77.24d | H347: =LN(2)/F347 -> 1.0387043e-07 | I347: =60*6240000000000*C347*(1-EXP(-H347*2*3600)) -> 7579324.8 | J347: =I347*EXP(-H347*0.5*3600) -> 7577907.8 | K347: =E347 -> Co56 | L347: =J347 -> 7577907.8 | M347: 0 | O347: =K347 -> Co56 | P347: =G347 -> 77.24d | Q347: =J347 -> 7577907.8
B348: 27057 | C348: 8.56e-07 | D348: 0.0342 | E348: =VLOOKUP(B348,Nuclides!A:F,5,FALSE) -> Co57 | F348: =VLOOKUP(B348,Nuclides!A:F,4,FALSE) -> 23478336 | G348: =IF(F348="STABLE", "STABLE", IF(F348<60, F348&"s", IF(F348<3600, ROUND(F348/60,2)&"min", IF(F348<86400, ROUND(F348/3600,2)&"h", IF(F348<31536000, ROUND(F348/86400,2)&"d", ROUND(F348/31536000,2)&"y"))))) -> 271.74d | H348: =LN(2)/F348 -> 2.9522841e-08 | I348: =60*6240000000000*C348*(1-EXP(-H348*2*3600)) -> 68116.777 | J348: =I348*EXP(-H348*0.5*3600) -> 68113.157 | K348: =E348 -> Co57 | L348: =J348 -> 68113.157 | M348: 0 | O348: =K348 -> Co57 | P348: =G348 -> 271.74d | Q348: =J348 -> 68113.157
B349: 27058 | C349: 4.49e-07 | D349: 0.0472 | E349: =VLOOKUP(B349,Nuclides!A:F,5,FALSE) -> Co58 | F349: =VLOOKUP(B349,Nuclides!A:F,4,FALSE) -> 6122304 | G349: =IF(F349="STABLE", "STABLE", IF(F349<60, F349&"s", IF(F349<3600, ROUND(F349/60,2)&"min", IF(F349<86400, ROUND(F349/3600,2)&"h", IF(F349<31536000, ROUND(F349/86400,2)&"d", ROUND(F349/31536000,2)&"y"))))) -> 70.86d | H349: =LN(2)/F349 -> 1.1321672e-07 | I349: =60*6240000000000*C349*(1-EXP(-H349*2*3600)) -> 136977.19 | J349: =I349*EXP(-H349*0.5*3600) -> 136949.28 | K349: =E349 -> Co58 | L349: =J349 -> 136949.28 | M349: 0 | O349: =K349 -> Co58 | P349: =G349 -> 70.86d | Q349: =J349 -> 136949.28
B350: 27059 | C350: 0.00015976 | D350: 0.0025 | E350: =VLOOKUP(B350,Nuclides!A:F,5,FALSE) -> Co59 | F350: =VLOOKUP(B350,Nuclides!A:F,4,FALSE) -> STABLE | G350: =IF(F350="STABLE", "STABLE", IF(F350<60, F350&"s", IF(F350<3600, ROUND(F350/60,2)&"min", IF(F350<86400, ROUND(F350/3600,2)&"h", IF(F350<31536000, ROUND(F350/86400,2)&"d", ROUND(F350/31536000,2)&"y"))))) -> STABLE | H350: =LN(2)/F350 -> #VALUE! | I350: =60*6240000000000*C350*(1-EXP(-H350*2*3600)) -> #VALUE! | J350: =I350*EXP(-H350*48*3600) -> #VALUE! | K350: =E350 -> Co59
B351: 27060 | C351: 1.3e-08 | D351: 0.2774 | E351: =VLOOKUP(B351,Nuclides!A:F,5,FALSE) -> Co60 | F351: =VLOOKUP(B351,Nuclides!A:F,4,FALSE) -> 166344192 | G351: =IF(F351="STABLE", "STABLE", IF(F351<60, F351&"s", IF(F351<3600, ROUND(F351/60,2)&"min", IF(F351<86400, ROUND(F351/3600,2)&"h", IF(F351<31536000, ROUND(F351/86400,2)&"d", ROUND(F351/31536000,2)&"y"))))) -> 5.27y | H351: =LN(2)/F351 -> 4.1669455e-09 | I351: =60*6240000000000*C351*(1-EXP(-H351*2*3600)) -> 146.02358 | J351: =I351*EXP(-H351*0.5*3600) -> 146.02249 | K351: =E351 -> Co60 | L351: =J351 -> 146.02249 | M351: 0 | O351: =K351 -> Co60 | P351: =G351 -> 5.27y | Q351: =J351 -> 146.02249
B352: 27061 | C352: 0 | D352: 0 | E352: =VLOOKUP(B352,Nuclides!A:F,5,FALSE) -> Co61 | F352: =VLOOKUP(B352,Nuclides!A:F,4,FALSE) -> 5936.4 | G352: =IF(F352="STABLE", "STABLE", IF(F352<60, F352&"s", IF(F352<3600, ROUND(F352/60,2)&"min", IF(F352<86400, ROUND(F352/3600,2)&"h", IF(F352<31536000, ROUND(F352/86400,2)&"d", ROUND(F352/31536000,2)&"y"))))) -> 1.65h | H352: =LN(2)/F352 -> 0.00011676221 | I352: =60*6240000000000*C352*(1-EXP(-H352*2*3600)) -> 0 | J352: =I352*EXP(-H352*48*3600) -> 0 | K352: =E352 -> Co61
B353: 27062 | C353: 0 | D353: 0 | E353: =VLOOKUP(B353,Nuclides!A:F,5,FALSE) -> Co62 | F353: =VLOOKUP(B353,Nuclides!A:F,4,FALSE) -> 90 | G353: =IF(F353="STABLE", "STABLE", IF(F353<60, F353&"s", IF(F353<3600, ROUND(F353/60,2)&"min", IF(F353<86400, ROUND(F353/3600,2)&"h", IF(F353<31536000, ROUND(F353/86400,2)&"d", ROUND(F353/31536000,2)&"y"))))) -> 1.5min | H353: =LN(2)/F353 -> 0.0077016353 | I353: =60*6240000000000*C353*(1-EXP(-H353*2*3600)) -> 0 | J353: =I353*EXP(-H353*48*3600) -> 0 | K353: =E353 -> Co62
B354: 27063 | C354: 0 | D354: 0 | E354: =VLOOKUP(B354,Nuclides!A:F,5,FALSE) -> Co63 | F354: =VLOOKUP(B354,Nuclides!A:F,4,FALSE) -> 27.4 | G354: =IF(F354="STABLE", "STABLE", IF(F354<60, F354&"s", IF(F354<3600, ROUND(F354/60,2)&"min", IF(F354<86400, ROUND(F354/3600,2)&"h", IF(F354<31536000, ROUND(F354/86400,2)&"d", ROUND(F354/31536000,2)&"y"))))) -> 27.4s | H354: =LN(2)/F354 -> 0.025297342 | I354: =60*6240000000000*C354*(1-EXP(-H354*2*3600)) -> 0 | J354: =I354*EXP(-H354*48*3600) -> 0 | K354: =E354 -> Co63
B355: 27064 | C355: 0 | D355: 0 | E355: =VLOOKUP(B355,Nuclides!A:F,5,FALSE) -> Co64 | F355: =VLOOKUP(B355,Nuclides!A:F,4,FALSE) -> 0.3 | G355: =IF(F355="STABLE", "STABLE", IF(F355<60, F355&"s", IF(F355<3600, ROUND(F355/60,2)&"min", IF(F355<86400, ROUND(F355/3600,2)&"h", IF(F355<31536000, ROUND(F355/86400,2)&"d", ROUND(F355/31536000,2)&"y"))))) -> 0.3s | H355: =LN(2)/F355 -> 2.3104906 | I355: =60*6240000000000*C355*(1-EXP(-H355*2*3600)) -> 0 | J355: =I355*EXP(-H355*48*3600) -> 0 | K355: =E355 -> Co64
B356: 28053 | C356: 0 | D356: 0 | E356: =VLOOKUP(B356,Nuclides!A:F,5,FALSE) -> Ni53 | F356: =VLOOKUP(B356,Nuclides!A:F,4,FALSE) -> 0.0552 | G356: =IF(F356="STABLE", "STABLE", IF(F356<60, F356&"s", IF(F356<3600, ROUND(F356/60,2)&"min", IF(F356<86400, ROUND(F356/3600,2)&"h", IF(F356<31536000, ROUND(F356/86400,2)&"d", ROUND(F356/31536000,2)&"y"))))) -> 0.0552s | H356: =LN(2)/F356 -> 12.557014 | I356: =60*6240000000000*C356*(1-EXP(-H356*2*3600)) -> 0 | J356: =I356*EXP(-H356*48*3600) -> 0 | K356: =E356 -> Ni53
B357: 28054 | C357: 0 | D357: 0 | E357: =VLOOKUP(B357,Nuclides!A:F,5,FALSE) -> Ni54 | F357: =VLOOKUP(B357,Nuclides!A:F,4,FALSE) -> 0.1142 | G357: =IF(F357="STABLE", "STABLE", IF(F357<60, F357&"s", IF(F357<3600, ROUND(F357/60,2)&"min", IF(F357<86400, ROUND(F357/3600,2)&"h", IF(F357<31536000, ROUND(F357/86400,2)&"d", ROUND(F357/31536000,2)&"y"))))) -> 0.1142s | H357: =LN(2)/F357 -> 6.06959 | I357: =60*6240000000000*C357*(1-EXP(-H357*2*3600)) -> 0 | J357: =I357*EXP(-H357*48*3600) -> 0 | K357: =E357 -> Ni54
B358: 28055 | C358: 0 | D358: 0 | E358: =VLOOKUP(B358,Nuclides!A:F,5,FALSE) -> Ni55 | F358: =VLOOKUP(B358,Nuclides!A:F,4,FALSE) -> 0.2047 | G358: =IF(F358="STABLE", "STABLE", IF(F358<60, F358&"s", IF(F358<3600, ROUND(F358/60,2)&"min", IF(F358<86400, ROUND(F358/3600,2)&"h", IF(F358<31536000, ROUND(F358/86400,2)&"d", ROUND(F358/31536000,2)&"y"))))) -> 0.2047s | H358: =LN(2)/F358 -> 3.3861611 | I358: =60*6240000000000*C358*(1-EXP(-H358*2*3600)) -> 0 | J358: =I358*EXP(-H358*48*3600) -> 0 | K358: =E358 -> Ni55
B359: 28056 | C359: 0 | D359: 0 | E359: =VLOOKUP(B359,Nuclides!A:F,5,FALSE) -> Ni56 | F359: =VLOOKUP(B359,Nuclides!A:F,4,FALSE) -> 524880 | G359: =IF(F359="STABLE", "STABLE", IF(F359<60, F359&"s", IF(F359<3600, ROUND(F359/60,2)&"min", IF(F359<86400, ROUND(F359/3600,2)&"h", IF(F359<31536000, ROUND(F359/86400,2)&"d", ROUND(F359/31536000,2)&"y"))))) -> 6.08d | H359: =LN(2)/F359 -> 1.3205822e-06 | I359: =60*6240000000000*C359*(1-EXP(-H359*2*3600)) -> 0 | J359: =I359*EXP(-H359*48*3600) -> 0 | K359: =E359 -> Ni56
B360: 28057 | C360: 1e-09 | D360: 1 | E360: =VLOOKUP(B360,Nuclides!A:F,5,FALSE) -> Ni57 | F360: =VLOOKUP(B360,Nuclides!A:F,4,FALSE) -> 128160 | G360: =IF(F360="STABLE", "STABLE", IF(F360<60, F360&"s", IF(F360<3600, ROUND(F360/60,2)&"min", IF(F360<86400, ROUND(F360/3600,2)&"h", IF(F360<31536000, ROUND(F360/86400,2)&"d", ROUND(F360/31536000,2)&"y"))))) -> 1.48d | H360: =LN(2)/F360 -> 5.4084518e-06 | I360: =60*6240000000000*C360*(1-EXP(-H360*2*3600)) -> 14299.236 | J360: =I360*EXP(-H360*0.5*3600) -> 14160.705 | K360: =E360 -> Ni57 | L360: =J360 -> 14160.705 | M360: 0 | O360: =K360 -> Ni57 | P360: =G360 -> 1.48d | Q360: =J360 -> 14160.705
B361: 28058 | C361: 5.9222e-05 | D361: 0.0041 | E361: =VLOOKUP(B361,Nuclides!A:F,5,FALSE) -> Ni58 | F361: =VLOOKUP(B361,Nuclides!A:F,4,FALSE) -> STABLE | G361: =IF(F361="STABLE", "STABLE", IF(F361<60, F361&"s", IF(F361<3600, ROUND(F361/60,2)&"min", IF(F361<86400, ROUND(F361/3600,2)&"h", IF(F361<31536000, ROUND(F361/86400,2)&"d", ROUND(F361/31536000,2)&"y"))))) -> STABLE | H361: =LN(2)/F361 -> #VALUE! | I361: =60*6240000000000*C361*(1-EXP(-H361*2*3600)) -> #VALUE! | J361: =I361*EXP(-H361*48*3600) -> #VALUE! | K361: =E361 -> Ni58
B362: 28059 | C362: 7.1026e-05 | D362: 0.0038 | E362: =VLOOKUP(B362,Nuclides!A:F,5,FALSE) -> Ni59 | F362: =VLOOKUP(B362,Nuclides!A:F,4,FALSE) -> 2398377600000 | G362: =IF(F362="STABLE", "STABLE", IF(F362<60, F362&"s", IF(F362<3600, ROUND(F362/60,2)&"min", IF(F362<86400, ROUND(F362/3600,2)&"h", IF(F362<31536000, ROUND(F362/86400,2)&"d", ROUND(F362/31536000,2)&"y"))))) -> 76052.05y | H362: =LN(2)/F362 -> 2.8900669e-13 | I362: =60*6240000000000*C362*(1-EXP(-H362*2*3600)) -> 55.334194 | J362: =I362*EXP(-H362*0.5*3600) -> 55.334194 | K362: =E362 -> Ni59 | L362: =J362 -> 55.334194 | M362: 0 | O362: =K362 -> Ni59 | P362: =G362 -> 76052.05y | Q362: =J362 -> 55.334194
B363: 28060 | C363: 1.6921e-05 | D363: 0.0077 | E363: =VLOOKUP(B363,Nuclides!A:F,5,FALSE) -> Ni60 | F363: =VLOOKUP(B363,Nuclides!A:F,4,FALSE) -> STABLE | G363: =IF(F363="STABLE", "STABLE", IF(F363<60, F363&"s", IF(F363<3600, ROUND(F363/60,2)&"min", IF(F363<86400, ROUND(F363/3600,2)&"h", IF(F363<31536000, ROUND(F363/86400,2)&"d", ROUND(F363/31536000,2)&"y"))))) -> STABLE | H363: =LN(2)/F363 -> #VALUE! | I363: =60*6240000000000*C363*(1-EXP(-H363*2*3600)) -> #VALUE! | J363: =I363*EXP(-H363*48*3600) -> #VALUE! | K363: =E363 -> Ni60
...

Sheet 环评
B5: 液体靶 | C5: 表面 | D5: 30cm | E5: 1m | H5: 固体靶 | I5: 表面 | J5: 30cm | K5: 1m
B6: 30min | C6: 36453.8 | D6: 557.187 | E6: 55.5452 | H6: 30min | I6: 20219.3 | J6: 299.282 | K6: 31.8656
B7: 6h | C7: 30104.1 | D7: 456.509 | E7: 45.2616 | H7: 6h | I7: 12285.6 | J7: 186.162 | K7: 19.8211
B8: 1d | C8: 22688 | D8: 347.748 | E8: 35.2393 | H8: 1d | I8: 10654 | J8: 161.387 | K8: 17.3125
B9: 2d | C9: 19018.9 | D9: 293.74 | E9: 29.7337 | H9: 2d | I9: 10161.3 | J9: 153.808 | K9: 16.4963
B10: 4d | C10: 14570.7 | D10: 222.685 | E10: 23.1145 | H10: 4d | I10: 9343.67 | J10: 141.59 | K10: 15.1633

Sheet New-Nb-Cu
