Workbook

Sheet Nuclides
B2: n | C2: z | D2: halflife/s
A3: 1001 | B3: 1 | C3: 0 | D3: 613.9
A4: 1002 | B4: 1 | C4: 1 | D4: STABLE | E4: H2
A5: 1003 | B5: 2 | C5: 1 | D5: 388789632 | E5: H3
A6: 1005 | B6: 4 | C6: 1 | D6: 7.9947368e-23 | E6: H5
A7: 1006 | B7: 5 | C7: 1 | D7: 2.848125e-22 | E7: H6
A8: 2003 | B8: 1 | C8: 2 | D8: STABLE | E8: He3
A9: 2004 | B9: 2 | C9: 2 | D9: STABLE | E9: He4
A10: 2005 | B10: 3 | C10: 2 | D10: 7.595e-22 | E10: He5
A11: 2006 | B11: 4 | C11: 2 | D11: 0.8067 | E11: He6
A12: 2007 | B12: 5 | C12: 2 | D12: 3.038e-21 | E12: He7
A13: 2008 | B13: 6 | C13: 2 | D13: 0.1191 | E13: He8
A14: 2010 | B14: 8 | C14: 2 | D14: 1.519e-21 | E14: He10
A15: 3004 | B15: 1 | C15: 3 | D15: 7.5572139e-23 | E15: Li4
A16: 3005 | B16: 2 | C16: 3 | D16: 3.038e-22 | E16: Li5
A17: 3006 | B17: 3 | C17: 3 | D17: STABLE | E17: Li6
A18: 3007 | B18: 4 | C18: 3 | D18: STABLE | E18: Li7
A19: 3008 | B19: 5 | C19: 3 | D19: 0.8399 | E19: Li8
A20: 3009 | B20: 6 | C20: 3 | D20: 0.1783 | E20: Li9
A21: 3011 | B21: 8 | C21: 3 | D21: 0.00875 | E21: Li11
A22: 4006 | B22: 2 | C22: 4 | D22: 4.9532609e-21 | E22: Be6
A23: 4007 | B23: 3 | C23: 4 | D23: 4598208 | E23: Be7
A24: 4008 | B24: 4 | C24: 4 | D24: 8.1813285e-17 | E24: Be8
A25: 4009 | B25: 5 | C25: 4 | D25: STABLE | E25: Be9
A26: 4010 | B26: 6 | C26: 4 | D26: 47651976000000 | E26: Be10
A27: 4011 | B27: 7 | C27: 4 | D27: 13.76 | E27: Be11
A28: 4012 | B28: 8 | C28: 4 | D28: 0.02147 | E28: Be12
A29: 4013 | B29: 9 | C29: 4 | D29: 2.7e-21 | E29: Be13
A30: 4014 | B30: 10 | C30: 4 | D30: 0.00435 | E30: Be14
A31: 4015 | B31: 11 | C31: 4 | D31: 7.8568966e-22 | E31: Be15
A32: 4016 | B32: 12 | C32: 4 | D32: 5.69625e-22 | E32: Be16
A33: 5007 | B33: 2 | C33: 5 | D33: 3.255e-22 | E33: B7
A34: 5008 | B34: 3 | C34: 5 | D34: 0.77 | E34: B8
A35: 5009 | B35: 4 | C35: 5 | D35: 8.4388889e-19 | E35: B9
A36: 5010 | B36: 5 | C36: 5 | D36: STABLE | E36: B10
A37: 5011 | B37: 6 | C37: 5 | D37: STABLE | E37: B11
A38: 5012 | B38: 7 | C38: 5 | D38: 0.0202 | E38: B12
A39: 5013 | B39: 8 | C39: 5 | D39: 0.01733 | E39: B13
A40: 5014 | B40: 9 | C40: 5 | D40: 0.01236 | E40: B14
A41: 5015 | B41: 10 | C41: 5 | D41: 0.01018 | E41: B15
A42: 5017 | B42: 12 | C42: 5 | D42: 0.00508 | E42: B17
A43: 5019 | B43: 14 | C43: 5 | D43: 0.00292 | E43: B19
A44: 6008 | B44: 2 | C44: 6 | D44: 1.9813043e-21 | E44: C8
A45: 6009 | B45: 3 | C45: 6 | D45: 0.1265 | E45: C9
A46: 6010 | B46: 4 | C46: 6 | D46: 19.308 | E46: C10
A47: 6011 | B47: 5 | C47: 6 | D47: 1221.84 | E47: C11
A48: 6012 | B48: 6 | C48: 6 | D48: STABLE | E48: C12
A49: 6013 | B49: 7 | C49: 6 | D49: STABLE | E49: C13
A50: 6014 | B50: 8 | C50: 6 | D50: 179878320000 | E50: C14
A51: 6015 | B51: 9 | C51: 6 | D51: 2.449 | E51: C15
A52: 6016 | B52: 10 | C52: 6 | D52: 0.747 | E52: C16
A53: 6017 | B53: 11 | C53: 6 | D53: 0.191 | E53: C17
A54: 6018 | B54: 12 | C54: 6 | D54: 0.092 | E54: C18
A55: 6019 | B55: 13 | C55: 6 | D55: 0.0462 | E55: C19
A56: 6020 | B56: 14 | C56: 6 | D56: 0.0162 | E56: C20
A57: 6022 | B57: 16 | C57: 6 | D57: 0.0061 | E57: C22
A58: 7011 | B58: 4 | C58: 7 | D58: 5.4903614e-22 | E58: N11
A59: 7012 | B59: 5 | C59: 7 | D59: 0.011 | E59: N12
A60: 7013 | B60: 6 | C60: 7 | D60: 597.9 | E60: N13
A61: 7014 | B61: 7 | C61: 7 | D61: STABLE | E61: N14
A62: 7015 | B62: 8 | C62: 7 | D62: STABLE | E62: N15
A63: 7016 | B63: 9 | C63: 7 | D63: 7.13 | E63: N16
A64: 7017 | B64: 10 | C64: 7 | D64: 4.171 | E64: N17
A65: 7018 | B65: 11 | C65: 7 | D65: 0.619 | E65: N18
A66: 7019 | B66: 12 | C66: 7 | D66: 0.336 | E66: N19
A67: 7020 | B67: 13 | C67: 7 | D67: 0.136 | E67: N20
A68: 7021 | B68: 14 | C68: 7 | D68: 0.0848 | E68: N21
A69: 7022 | B69: 15 | C69: 7 | D69: 0.0195 | E69: N22
A70: 7023 | B70: 16 | C70: 7 | D70: 0.0141 | E70: N23
A71: 8012 | B71: 4 | C71: 8 | D71: 1.13925e-21 | E71: O12
A72: 8013 | B72: 5 | C72: 8 | D72: 0.00858 | E72: O13
A73: 8014 | B73: 6 | C73: 8 | D73: 70.62 | E73: O14
A74: 8015 | B74: 7 | C74: 8 | D74: 122.24 | E74: O15
A75: 8016 | B75: 8 | C75: 8 | D75: STABLE | E75: O16
A76: 8017 | B76: 9 | C76: 8 | D76: STABLE | E76: O17
A77: 8018 | B77: 10 | C77: 8 | D77: STABLE | E77: O18
A78: 8019 | B78: 11 | C78: 8 | D78: 26.88 | E78: O19
A79: 8020 | B79: 12 | C79: 8 | D79: 13.51 | E79: O20
A80: 8021 | B80: 13 | C80: 8 | D80: 3.42 | E80: O21
A81: 8022 | B81: 14 | C81: 8 | D81: 2.25 | E81: O22
A82: 8023 | B82: 15 | C82: 8 | D82: 0.097 | E82: O23
A83: 8024 | B83: 16 | C83: 8 | D83: 0.072 | E83: O24
A84: 8025 | B84: 17 | C84: 8 | D84: 6.3e-21 | E84: O25
A85: 8026 | B85: 18 | C85: 8 | D85: 4.5e-12 | E85: O26
A86: 9014 | B86: 5 | C86: 9 | D86: 5.0076923e-22 | E86: F14
A87: 9015 | B87: 6 | C87: 9 | D87: 6.9045455e-22 | E87: F15
A88: 9016 | B88: 7 | C88: 9 | D88: 1.13925e-20 | E88: F16
A89: 9017 | B89: 8 | C89: 9 | D89: 64.49 | E89: F17
A90: 9018 | B90: 9 | C90: 9 | D90: 6586.2 | E90: F18
A91: 9019 | B91: 10 | C91: 9 | D91: STABLE | E91: F19
A92: 9020 | B92: 11 | C92: 9 | D92: 11.07 | E92: F20
A93: 9021 | B93: 12 | C93: 9 | D93: 4.158 | E93: F21
A94: 9022 | B94: 13 | C94: 9 | D94: 4.23 | E94: F22
A95: 9023 | B95: 14 | C95: 9 | D95: 2.23 | E95: F23
A96: 9024 | B96: 15 | C96: 9 | D96: 0.382 | E96: F24
A97: 9025 | B97: 16 | C97: 9 | D97: 0.08 | E97: F25
A98: 9026 | B98: 17 | C98: 9 | D98: 0.0082 | E98: F26
A99: 9027 | B99: 18 | C99: 9 | D99: 0.005 | E99: F27
A100: 9028 | B100: 19 | C100: 9 | D100: 4.6e-20 | E100: F28
A101: 9029 | B101: 20 | C101: 9 | D101: 0.00267 | E101: F29
...

Sheet 屏蔽体
A1: 1000 | B1: Nuclides | C1: w | D1: Error | E1: Nuclides | F1: T1/2 | G1: T1/2 | H1: λ | I1: 60μA-2h | J1: cool-6h | K1: Nuclides | L1: 720 | M1: 7200 | N1: 105 | O1: mass | P1: 34881400 | Q1: 169000000000 | R1: =Q1/P1 -> 4844.989
B4: 1001 | C4: 0 | D4: 0 | E4: =VLOOKUP(B4,Nuclides!A:E,5,FALSE) -> 0 | F4: =VLOOKUP(B4,Nuclides!A:E,4,FALSE) -> 613.9 | G4: =IF(F4="STABLE", "STABLE", IF(F4<60, F4&"s", IF(F4<3600, ROUND(F4/60,2)&"min", IF(F4<86400, ROUND(F4/3600,2)&"h", IF(F4<31536000, ROUND(F4/86400,2)&"d", ROUND(F4/31536000,2)&"y"))))) -> 10.23min | H4: =LN(2)/F4 -> 0.0011290881 | I4: =60*6240000000000*C4*(1-EXP(-H4*2*3600)) -> 0 | J4: =I4*EXP(-H4*10*3600) -> 0 | K4: =E4 -> 0 | L4: {=SUM(($J4*EXP(-$H4*24*3600*_xlfn.SEQUENCE(L$1-1))))+$J4} -> 0 | M4: {=SUM(($J4*EXP(-$H4*24*3600*_xlfn.SEQUENCE(M$1-1))))+$J4} -> 0
B5: 1002 | C5: 0.0382799 | D5: 0.0001 | E5: =VLOOKUP(B5,Nuclides!A:E,5,FALSE) -> H2 | F5: =VLOOKUP(B5,Nuclides!A:E,4,FALSE) -> STABLE | G5: =IF(F5="STABLE", "STABLE", IF(F5<60, F5&"s", IF(F5<3600, ROUND(F5/60,2)&"min", IF(F5<86400, ROUND(F5/3600,2)&"h", IF(F5<31536000, ROUND(F5/86400,2)&"d", ROUND(F5/31536000,2)&"y"))))) -> STABLE | H5: =LN(2)/F5 -> #VALUE! | I5: =60*6240000000000*C5*(1-EXP(-H5*2*3600)) -> #VALUE! | J5: =I5*EXP(-H5*10*3600) -> #VALUE! | K5: =E5 -> H2 | L5: {=SUM(($J5*EXP(-$H5*24*3600*_xlfn.SEQUENCE(L$1-1))))+$J5} -> #VALUE! | M5: {=SUM(($J5*EXP(-$H5*24*3600*_xlfn.SEQUENCE(M$1-1))))+$J5} -> #VALUE!
B6: 1003 | C6: 5.839e-09 | D6: 0.0021 | E6: =VLOOKUP(B6,Nuclides!A:E,5,FALSE) -> H3 | F6: =VLOOKUP(B6,Nuclides!A:E,4,FALSE) -> 388789632 | G6: =IF(F6="STABLE", "STABLE", IF(F6<60, F6&"s", IF(F6<3600, ROUND(F6/60,2)&"min", IF(F6<86400, ROUND(F6/3600,2)&"h", IF(F6<31536000, ROUND(F6/86400,2)&"d", ROUND(F6/31536000,2)&"y"))))) -> 12.33y | H6: =LN(2)/F6 -> 1.7828335e-09 | I6: =60*6240000000000*C6*(1-EXP(-H6*2*3600)) -> 28.061754 | J6: =I6*EXP(-H6*10*3600) -> 28.059953 | K6: =E6 -> H3 | L6: {=SUM(($J6*EXP(-$H6*24*3600*_xlfn.SEQUENCE(L$1-1))))+$J6} -> 19124.602 | M6: {=SUM(($J6*EXP(-$H6*24*3600*_xlfn.SEQUENCE(M$1-1))))+$J6} -> 122083.43 | O6: =K6 -> H3 | P6: =M6 -> 122083.43 | Q6: =0 -> 0 | S6: =O6 -> H3 | T6: =G6 -> 12.33y | U6: =P6 -> 122083.43 | V6: 低
B7: 2003 | C7: 0 | D7: 0 | E7: =VLOOKUP(B7,Nuclides!A:E,5,FALSE) -> He3 | F7: =VLOOKUP(B7,Nuclides!A:E,4,FALSE) -> STABLE | G7: =IF(F7="STABLE", "STABLE", IF(F7<60, F7&"s", IF(F7<3600, ROUND(F7/60,2)&"min", IF(F7<86400, ROUND(F7/3600,2)&"h", IF(F7<31536000, ROUND(F7/86400,2)&"d", ROUND(F7/31536000,2)&"y"))))) -> STABLE | H7: =LN(2)/F7 -> #VALUE! | I7: =60*6240000000000*C7*(1-EXP(-H7*2*3600)) -> #VALUE! | J7: =I7*EXP(-H7*10*3600) -> #VALUE! | K7: =E7 -> He3 | L7: {=SUM(($J7*EXP(-$H7*24*3600*_xlfn.SEQUENCE(L$1-1))))+$J7} -> #VALUE! | M7: {=SUM(($J7*EXP(-$H7*24*3600*_xlfn.SEQUENCE(M$1-1))))+$J7} -> #VALUE!
B8: 2004 | C8: 0 | D8: 0 | E8: =VLOOKUP(B8,Nuclides!A:E,5,FALSE) -> He4 | F8: =VLOOKUP(B8,Nuclides!A:E,4,FALSE) -> STABLE | G8: =IF(F8="STABLE", "STABLE", IF(F8<60, F8&"s", IF(F8<3600, ROUND(F8/60,2)&"min", IF(F8<86400, ROUND(F8/3600,2)&"h", IF(F8<31536000, ROUND(F8/86400,2)&"d", ROUND(F8/31536000,2)&"y"))))) -> STABLE | H8: =LN(2)/F8 -> #VALUE! | I8: =60*6240000000000*C8*(1-EXP(-H8*2*3600)) -> #VALUE! | J8: =I8*EXP(-H8*10*3600) -> #VALUE! | K8: =E8 -> He4 | L8: {=SUM(($J8*EXP(-$H8*24*3600*_xlfn.SEQUENCE(L$1-1))))+$J8} -> #VALUE! | M8: {=SUM(($J8*EXP(-$H8*24*3600*_xlfn.SEQUENCE(M$1-1))))+$J8} -> #VALUE!
B9: 2005 | C9: 0 | D9: 0 | E9: =VLOOKUP(B9,Nuclides!A:E,5,FALSE) -> He5 | F9: =VLOOKUP(B9,Nuclides!A:E,4,FALSE) -> 7.595e-22 | G9: =IF(F9="STABLE", "STABLE", IF(F9<60, F9&"s", IF(F9<3600, ROUND(F9/60,2)&"min", IF(F9<86400, ROUND(F9/3600,2)&"h", IF(F9<31536000, ROUND(F9/86400,2)&"d", ROUND(F9/31536000,2)&"y"))))) -> 7.595E-22s | H9: =LN(2)/F9 -> 9.1263618e+20 | I9: =60*6240000000000*C9*(1-EXP(-H9*2*3600)) -> 0 | J9: =I9*EXP(-H9*10*3600) -> 0 | K9: =E9 -> He5 | L9: {=SUM(($J9*EXP(-$H9*24*3600*_xlfn.SEQUENCE(L$1-1))))+$J9} -> 0 | M9: {=SUM(($J9*EXP(-$H9*24*3600*_xlfn.SEQUENCE(M$1-1))))+$J9} -> 0
B10: 2006 | C10: 0 | D10: 0 | E10: =VLOOKUP(B10,Nuclides!A:E,5,FALSE) -> He6 | F10: =VLOOKUP(B10,Nuclides!A:E,4,FALSE) -> 0.8067 | G10: =IF(F10="STABLE", "STABLE", IF(F10<60, F10&"s", IF(F10<3600, ROUND(F10/60,2)&"min", IF(F10<86400, ROUND(F10/3600,2)&"h", IF(F10<31536000, ROUND(F10/86400,2)&"d", ROUND(F10/31536000,2)&"y"))))) -> 0.8067s | H10: =LN(2)/F10 -> 0.85923786 | I10: =60*6240000000000*C10*(1-EXP(-H10*2*3600)) -> 0 | J10: =I10*EXP(-H10*10*3600) -> 0 | K10: =E10 -> He6 | L10: {=SUM(($J10*EXP(-$H10*24*3600*_xlfn.SEQUENCE(L$1-1))))+$J10} -> 0 | M10: {=SUM(($J10*EXP(-$H10*24*3600*_xlfn.SEQUENCE(M$1-1))))+$J10} -> 0
B11: 2007 | C11: 0 | D11: 0 | E11: =VLOOKUP(B11,Nuclides!A:E,5,FALSE) -> He7 | F11: =VLOOKUP(B11,Nuclides!A:E,4,FALSE) -> 3.038e-21 | G11: =IF(F11="STABLE", "STABLE", IF(F11<60, F11&"s", IF(F11<3600, ROUND(F11/60,2)&"min", IF(F11<86400, ROUND(F11/3600,2)&"h", IF(F11<31536000, ROUND(F11/86400,2)&"d", ROUND(F11/31536000,2)&"y"))))) -> 3.038E-21s | H11: =LN(2)/F11 -> 2.2815905e+20 | I11: =60*6240000000000*C11*(1-EXP(-H11*2*3600)) -> 0 | J11: =I11*EXP(-H11*10*3600) -> 0 | K11: =E11 -> He7 | L11: {=SUM(($J11*EXP(-$H11*24*3600*_xlfn.SEQUENCE(L$1-1))))+$J11} -> 0 | M11: {=SUM(($J11*EXP(-$H11*24*3600*_xlfn.SEQUENCE(M$1-1))))+$J11} -> 0
B12: 2008 | C12: 0 | D12: 0 | E12: =VLOOKUP(B12,Nuclides!A:E,5,FALSE) -> He8 | F12: =VLOOKUP(B12,Nuclides!A:E,4,FALSE) -> 0.1191 | G12: =IF(F12="STABLE", "STABLE", IF(F12<60, F12&"s", IF(F12<3600, ROUND(F12/60,2)&"min", IF(F12<86400, ROUND(F12/3600,2)&"h", IF(F12<31536000, ROUND(F12/86400,2)&"d", ROUND(F12/31536000,2)&"y"))))) -> 0.1191s | H12: =LN(2)/F12 -> 5.8198756 | I12: =60*6240000000000*C12*(1-EXP(-H12*2*3600)) -> 0 | J12: =I12*EXP(-H12*10*3600) -> 0 | K12: =E12 -> He8 | L12: {=SUM(($J12*EXP(-$H12*24*3600*_xlfn.SEQUENCE(L$1-1))))+$J12} -> 0 | M12: {=SUM(($J12*EXP(-$H12*24*3600*_xlfn.SEQUENCE(M$1-1))))+$J12} -> 0
B13: 3005 | C13: 0 | D13: 0 | E13: =VLOOKUP(B13,Nuclides!A:E,5,FALSE) -> Li5 | F13: =VLOOKUP(B13,Nuclides!A:E,4,FALSE) -> 3.038e-22 | G13: =IF(F13="STABLE", "STABLE", IF(F13<60, F13&"s", IF(F13<3600, ROUND(F13/60,2)&"min", IF(F13<86400, ROUND(F13/3600,2)&"h", IF(F13<31536000, ROUND(F13/86400,2)&"d", ROUND(F13/31536000,2)&"y"))))) -> 3.038E-22s | H13: =LN(2)/F13 -> 2.2815905e+21 | I13: =60*6240000000000*C13*(1-EXP(-H13*2*3600)) -> 0 | J13: =I13*EXP(-H13*10*3600) -> 0 | K13: =E13 -> Li5 | L13: {=SUM(($J13*EXP(-$H13*24*3600*_xlfn.SEQUENCE(L$1-1))))+$J13} -> 0 | M13: {=SUM(($J13*EXP(-$H13*24*3600*_xlfn.SEQUENCE(M$1-1))))+$J13} -> 0
B14: 3006 | C14: 0 | D14: 0 | E14: =VLOOKUP(B14,Nuclides!A:E,5,FALSE) -> Li6 | F14: =VLOOKUP(B14,Nuclides!A:E,4,FALSE) -> STABLE | G14: =IF(F14="STABLE", "STABLE", IF(F14<60, F14&"s", IF(F14<3600, ROUND(F14/60,2)&"min", IF(F14<86400, ROUND(F14/3600,2)&"h", IF(F14<31536000, ROUND(F14/86400,2)&"d", ROUND(F14/31536000,2)&"y"))))) -> STABLE | H14: =LN(2)/F14 -> #VALUE! | I14: =60*6240000000000*C14*(1-EXP(-H14*2*3600)) -> #VALUE! | J14: =I14*EXP(-H14*10*3600) -> #VALUE! | K14: =E14 -> Li6 | L14: {=SUM(($J14*EXP(-$H14*24*3600*_xlfn.SEQUENCE(L$1-1))))+$J14} -> #VALUE! | M14: {=SUM(($J14*EXP(-$H14*24*3600*_xlfn.SEQUENCE(M$1-1))))+$J14} -> #VALUE!
B15: 3007 | C15: 0 | D15: 0 | E15: =VLOOKUP(B15,Nuclides!A:E,5,FALSE) -> Li7 | F15: =VLOOKUP(B15,Nuclides!A:E,4,FALSE) -> STABLE | G15: =IF(F15="STABLE", "STABLE", IF(F15<60, F15&"s", IF(F15<3600, ROUND(F15/60,2)&"min", IF(F15<86400, ROUND(F15/3600,2)&"h", IF(F15<31536000, ROUND(F15/86400,2)&"d", ROUND(F15/31536000,2)&"y"))))) -> STABLE | H15: =LN(2)/F15 -> #VALUE! | I15: =60*6240000000000*C15*(1-EXP(-H15*2*3600)) -> #VALUE! | J15: =I15*EXP(-H15*10*3600) -> #VALUE! | K15: =E15 -> Li7 | L15: {=SUM(($J15*EXP(-$H15*24*3600*_xlfn.SEQUENCE(L$1-1))))+$J15} -> #VALUE! | M15: {=SUM(($J15*EXP(-$H15*24*3600*_xlfn.SEQUENCE(M$1-1))))+$J15} -> #VALUE!
B16: 3008 | C16: 0 | D16: 0 | E16: =VLOOKUP(B16,Nuclides!A:E,5,FALSE) -> Li8 | F16: =VLOOKUP(B16,Nuclides!A:E,4,FALSE) -> 0.8399 | G16: =IF(F16="STABLE", "STABLE", IF(F16<60, F16&"s", IF(F16<3600, ROUND(F16/60,2)&"min", IF(F16<86400, ROUND(F16/3600,2)&"h", IF(F16<31536000, ROUND(F16/86400,2)&"d", ROUND(F16/31536000,2)&"y"))))) -> 0.8399s | H16: =LN(2)/F16 -> 0.82527346 | I16: =60*6240000000000*C16*(1-EXP(-H16*2*3600)) -> 0 | J16: =I16*EXP(-H16*10*3600) -> 0 | K16: =E16 -> Li8 | L16: {=SUM(($J16*EXP(-$H16*24*3600*_xlfn.SEQUENCE(L$1-1))))+$J16} -> 0 | M16: {=SUM(($J16*EXP(-$H16*24*3600*_xlfn.SEQUENCE(M$1-1))))+$J16} -> 0
B17: 3009 | C17: 0 | D17: 0 | E17: =VLOOKUP(B17,Nuclides!A:E,5,FALSE) -> Li9 | F17: =VLOOKUP(B17,Nuclides!A:E,4,FALSE) -> 0.1783 | G17: =IF(F17="STABLE", "STABLE", IF(F17<60, F17&"s", IF(F17<3600, ROUND(F17/60,2)&"min", IF(F17<86400, ROUND(F17/3600,2)&"h", IF(F17<31536000, ROUND(F17/86400,2)&"d", ROUND(F17/31536000,2)&"y"))))) -> 0.1783s | H17: =LN(2)/F17 -> 3.8875333 | I17: =60*6240000000000*C17*(1-EXP(-H17*2*3600)) -> 0 | J17: =I17*EXP(-H17*10*3600) -> 0 | K17: =E17 -> Li9 | L17: {=SUM(($J17*EXP(-$H17*24*3600*_xlfn.SEQUENCE(L$1-1))))+$J17} -> 0 | M17: {=SUM(($J17*EXP(-$H17*24*3600*_xlfn.SEQUENCE(M$1-1))))+$J17} -> 0
B18: 3010 | C18: 0 | D18: 0 | E18: =VLOOKUP(B18,Nuclides!A:E,5,FALSE) -> #N/A | F18: =VLOOKUP(B18,Nuclides!A:E,4,FALSE) -> #N/A | G18: =IF(F18="STABLE", "STABLE", IF(F18<60, F18&"s", IF(F18<3600, ROUND(F18/60,2)&"min", IF(F18<86400, ROUND(F18/3600,2)&"h", IF(F18<31536000, ROUND(F18/86400,2)&"d", ROUND(F18/31536000,2)&"y"))))) -> #N/A | H18: =LN(2)/F18 -> #N/A | I18: =60*6240000000000*C18*(1-EXP(-H18*2*3600)) -> #N/A | J18: =I18*EXP(-H18*10*3600) -> #N/A | K18: =E18 -> #N/A | L18: {=SUM(($J18*EXP(-$H18*24*3600*_xlfn.SEQUENCE(L$1-1))))+$J18} -> #N/A | M18: {=SUM(($J18*EXP(-$H18*24*3600*_xlfn.SEQUENCE(M$1-1))))+$J18} -> #N/A
... B44: 6013 | C44: 3.82532e-06 | D44: 0.0003 | E44: =VLOOKUP(B44,Nuclides!A:E,5,FALSE) -> C13 | F44: =VLOOKUP(B44,Nuclides!A:E,4,FALSE) -> STABLE | G44: =IF(F44="STABLE", "STABLE", IF(F44<60, F44&"s", IF(F44<3600, ROUND(F44/60,2)&"min", IF(F44<86400, ROUND(F44/3600,2)&"h", IF(F44<31536000, ROUND(F44/86400,2)&"d", ROUND(F44/31536000,2)&"y"))))) -> STABLE | H44: =LN(2)/F44 -> #VALUE! | I44: =60*6240000000000*C44*(1-EXP(-H44*2*3600)) -> #VALUE! | J44: =I44*EXP(-H44*10*3600) -> #VALUE! | K44: =E44 -> C13 | L44: {=SUM(($J44*EXP(-$H44*24*3600*_xlfn.SEQUENCE(L$1-1))))+$J44} -> #VALUE! | M44: {=SUM(($J44*EXP(-$H44*24*3600*_xlfn.SEQUENCE(M$1-1))))+$J44} -> #VALUE!
B45: 6014 | C45: 3.55487e-05 | D45: 0.0006 | E45: =VLOOKUP(B45,Nuclides!A:E,5,FALSE) -> C14 | F45: =VLOOKUP(B45,Nuclides!A:E,4,FALSE) -> 179878320000 | G45: =IF(F45="STABLE", "STABLE", IF(F45<60, F45&"s", IF(F45<3600, ROUND(F45/60,2)&"min", IF(F45<86400, ROUND(F45/3600,2)&"h", IF(F45<31536000, ROUND(F45/86400,2)&"d", ROUND(F45/31536000,2)&"y"))))) -> 5703.9y | H45: =LN(2)/F45 -> 3.8534226e-12 | I45: =60*6240000000000*C45*(1-EXP(-H45*2*3600)) -> 369.26546 | J45: =I45*EXP(-H45*10*3600) -> 369.26541 | K45: =E45 -> C14 | L45: {=SUM(($J45*EXP(-$H45*24*3600*_xlfn.SEQUENCE(L$1-1))))+$J45} -> 265839.28 | M45: {=SUM(($J45*EXP(-$H45*24*3600*_xlfn.SEQUENCE(M$1-1))))+$J45} -> 2655527.3 | O45: =K45 -> C14 | P45: =M45 -> 2655527.3 | Q45: =0 -> 0 | S45: =O45 -> C14 | T45: =G45 -> 5703.9y | U45: =P45 -> 2655527.3 | V45: 中
B46: 6015 | C46: 0 | D46: 0 | E46: =VLOOKUP(B46,Nuclides!A:E,5,FALSE) -> C15 | F46: =VLOOKUP(B46,Nuclides!A:E,4,FALSE) -> 2.449 | G46: =IF(F46="STABLE", "STABLE", IF(F46<60, F46&"s", IF(F46<3600, ROUND(F46/60,2)&"min", IF(F46<86400, ROUND(F46/3600,2)&"h", IF(F46<31536000, ROUND(F46/86400,2)&"d", ROUND(F46/31536000,2)&"y"))))) -> 2.449s | H46: =LN(2)/F46 -> 0.28303274 | I46: =60*6240000000000*C46*(1-EXP(-H46*2*3600)) -> 0 | J46: =I46*EXP(-H46*10*3600) -> 0 | K46: =E46 -> C15 | L46: {=SUM(($J46*EXP(-$H46*24*3600*_xlfn.SEQUENCE(L$1-1))))+$J46} -> 0 | M46: {=SUM(($J46*EXP(-$H46*24*3600*_xlfn.SEQUENCE(M$1-1))))+$J46} -> 0
B47: 6016 | C47: 0 | D47: 0 | E47: =VLOOKUP(B47,Nuclides!A:E,5,FALSE) -> C16 | F47: =VLOOKUP(B47,Nuclides!A:E,4,FALSE) -> 0.747 | G47: =IF(F47="STABLE", "STABLE", IF(F47<60, F47&"s", IF(F47<3600, ROUND(F47/60,2)&"min", IF(F47<86400, ROUND(F47/3600,2)&"h", IF(F47<31536000, ROUND(F47/86400,2)&"d", ROUND(F47/31536000,2)&"y"))))) -> 0.747s | H47: =LN(2)/F47 -> 0.92790787 | I47: =60*6240000000000*C47*(1-EXP(-H47*2*3600)) -> 0 | J47: =I47*EXP(-H47*10*3600) -> 0 | K47: =E47 -> C16 | L47: {=SUM(($J47*EXP(-$H47*24*3600*_xlfn.SEQUENCE(L$1-1))))+$J47} -> 0 | M47: {=SUM(($J47*EXP(-$H47*24*3600*_xlfn.SEQUENCE(M$1-1))))+$J47} -> 0
B48: 6017 | C48: 0 | D48: 0 | E48: =VLOOKUP(B48,Nuclides!A:E,5,FALSE) -> C17 | F48: =VLOOKUP(B48,Nuclides!A:E,4,FALSE) -> 0.191 | G48: =IF(F48="STABLE", "STABLE", IF(F48<60, F48&"s", IF(F48<3600, ROUND(F48/60,2)&"min", IF(F48<86400, ROUND(F48/3600,2)&"h", IF(F48<31536000, ROUND(F48/86400,2)&"d", ROUND(F48/31536000,2)&"y"))))) -> 0.191s | H48: =LN(2)/F48 -> 3.6290428 | I48: =60*6240000000000*C48*(1-EXP(-H48*2*3600)) -> 0 | J48: =I48*EXP(-H48*10*3600) -> 0 | K48: =E48 -> C17 | L48: {=SUM(($J48*EXP(-$H48*24*3600*_xlfn.SEQUENCE(L$1-1))))+$J48} -> 0 | M48: {=SUM(($J48*EXP(-$H48*24*3600*_xlfn.SEQUENCE(M$1-1))))+$J48} -> 0
B49: 6018 | C49: 0 | D49: 0 | E49: =VLOOKUP(B49,Nuclides!A:E,5,FALSE) -> C18 | F49: =VLOOKUP(B49,Nuclides!A:E,4,FALSE) -> 0.092 | G49: =IF(F49="STABLE", "STABLE", IF(F49<60, F49&"s", IF(F49<3600, ROUND(F49/60,2)&"min", IF(F49<86400, ROUND(F49/3600,2)&"h", IF(F49<31536000, ROUND(F49/86400,2)&"d", ROUND(F49/31536000,2)&"y"))))) -> 0.092s | H49: =LN(2)/F49 -> 7.5342085 | I49: =60*6240000000000*C49*(1-EXP(-H49*2*3600)) -> 0 | J49: =I49*EXP(-H49*10*3600) -> 0 | K49: =E49 -> C18 | L49: {=SUM(($J49*EXP(-$H49*24*3600*_xlfn.SEQUENCE(L$1-1))))+$J49} -> 0 | M49: {=SUM(($J49*EXP(-$H49*24*3600*_xlfn.SEQUENCE(M$1-1))))+$J49} -> 0
B50: 6019 | C50: 0 | D50: 0 | E50: =VLOOKUP(B50,Nuclides!A:E,5,FALSE) -> C19 | F50: =VLOOKUP(B50,Nuclides!A:E,4,FALSE) -> 0.0462 | G50: =IF(F50="STABLE", "STABLE", IF(F50<60, F50&"s", IF(F50<3600, ROUND(F50/60,2)&"min", IF(F50<86400, ROUND(F50/3600,2)&"h", IF(F50<31536000, ROUND(F50/86400,2)&"d", ROUND(F50/31536000,2)&"y"))))) -> 0.0462s | H50: =LN(2)/F50 -> 15.003186 | I50: =60*6240000000000*C50*(1-EXP(-H50*2*3600)) -> 0 | J50: =I50*EXP(-H50*10*3600) -> 0 | K50: =E50 -> C19 | L50: {=SUM(($J50*EXP(-$H50*24*3600*_xlfn.SEQUENCE(L$1-1))))+$J50} -> 0 | M50: {=SUM(($J50*EXP(-$H50*24*3600*_xlfn.SEQUENCE(M$1-1))))+$J50} -> 0
B51: 6020 | C51: 0 | D51: 0 | E51: =VLOOKUP(B51,Nuclides!A:E,5,FALSE) -> C20 | F51: =VLOOKUP(B51,Nuclides!A:E,4,FALSE) -> 0.0162 | G51: =IF(F51="STABLE", "STABLE", IF(F51<60, F51&"s", IF(F51<3600, ROUND(F51/60,2)&"min", IF(F51<86400, ROUND(F51/3600,2)&"h", IF(F51<31536000, ROUND(F51/86400,2)&"d", ROUND(F51/31536000,2)&"y"))))) -> 0.0162s | H51: =LN(2)/F51 -> 42.786863 | I51: =60*6240000000000*C51*(1-EXP(-H51*2*3600)) -> 0 | J51: =I51*EXP(-H51*10*3600) -> 0 | K51: =E51 -> C20 | L51: {=SUM(($J51*EXP(-$H51*24*3600*_xlfn.SEQUENCE(L$1-1))))+$J51} -> 0 | M51: {=SUM(($J51*EXP(-$H51*24*3600*_xlfn.SEQUENCE(M$1-1))))+$J51} -> 0
B52: 7011 | C52: 0 | D52: 0 | E52: =VLOOKUP(B52,Nuclides!A:E,5,FALSE) -> N11 | F52: =VLOOKUP(B52,Nuclides!A:E,4,FALSE) -> 5.4903614e-22 | G52: =IF(F52="STABLE", "STABLE", IF(F52<60, F52&"s", IF(F52<3600, ROUND(F52/60,2)&"min", IF(F52<86400, ROUND(F52/3600,2)&"h", IF(F52<31536000, ROUND(F52/86400,2)&"d", ROUND(F52/31536000,2)&"y"))))) -> 5.49036144578313E-22s | H52: =LN(2)/F52 -> 1.2624801e+21 | I52: =60*6240000000000*C52*(1-EXP(-H52*2*3600)) -> 0 | J52: =I52*EXP(-H52*10*3600) -> 0 | K52: =E52 -> N11 | L52: {=SUM(($J52*EXP(-$H52*24*3600*_xlfn.SEQUENCE(L$1-1))))+$J52} -> 0 | M52: {=SUM(($J52*EXP(-$H52*24*3600*_xlfn.SEQUENCE(M$1-1))))+$J52} -> 0
B53: 7012 | C53: 0 | D53: 0 | E53: =VLOOKUP(B53,Nuclides!A:E,5,FALSE) -> N12 | F53: =VLOOKUP(B53,Nuclides!A:E,4,FALSE) -> 0.011 | G53: =IF(F53="STABLE", "STABLE", IF(F53<60, F53&"s", IF(F53<3600, ROUND(F53/60,2)&"min", IF(F53<86400, ROUND(F53/3600,2)&"h", IF(F53<31536000, ROUND(F53/86400,2)&"d", ROUND(F53/31536000,2)&"y"))))) -> 0.011s | H53: =LN(2)/F53 -> 63.01338 | I53: =60*6240000000000*C53*(1-EXP(-H53*2*3600)) -> 0 | J53: =I53*EXP(-H53*10*3600) -> 0 | K53: =E53 -> N12 | L53: {=SUM(($J53*EXP(-$H53*24*3600*_xlfn.SEQUENCE(L$1-1))))+$J53} -> 0 | M53: {=SUM(($J53*EXP(-$H53*24*3600*_xlfn.SEQUENCE(M$1-1))))+$J53} -> 0
B54: 7013 | C54: 0 | D54: 0 | E54: =VLOOKUP(B54,Nuclides!A:E,5,FALSE) -> N13 | F54: =VLOOKUP(B54,Nuclides!A:E,4,FALSE) -> 597.9 | G54: =IF(F54="STABLE", "STABLE", IF(F54<60, F54&"s", IF(F54<3600, ROUND(F54/60,2)&"min", IF(F54<86400, ROUND(F54/3600,2)&"h", IF(F54<31536000, ROUND(F54/86400,2)&"d", ROUND(F54/31536000,2)&"y"))))) -> 9.97min | H54: =LN(2)/F54 -> 0.0011593029 | I54: =60*6240000000000*C54*(1-EXP(-H54*2*3600)) -> 0 | J54: =I54*EXP(-H54*10*3600) -> 0 | K54: =E54 -> N13 | L54: {=SUM(($J54*EXP(-$H54*24*3600*_xlfn.SEQUENCE(L$1-1))))+$J54} -> 0 | M54: {=SUM(($J54*EXP(-$H54*24*3600*_xlfn.SEQUENCE(M$1-1))))+$J54} -> 0
B55: 7014 | C55: 0 | D55: 0 | E55: =VLOOKUP(B55,Nuclides!A:E,5,FALSE) -> N14 | F55: =VLOOKUP(B55,Nuclides!A:E,4,FALSE) -> STABLE | G55: =IF(F55="STABLE", "STABLE", IF(F55<60, F55&"s", IF(F55<3600, ROUND(F55/60,2)&"min", IF(F55<86400, ROUND(F55/3600,2)&"h", IF(F55<31536000, ROUND(F55/86400,2)&"d", ROUND(F55/31536000,2)&"y"))))) -> STABLE | H55: =LN(2)/F55 -> #VALUE! | I55: =60*6240000000000*C55*(1-EXP(-H55*2*3600)) -> #VALUE! | J55: =I55*EXP(-H55*10*3600) -> #VALUE! | K55: =E55 -> N14 | L55: {=SUM(($J55*EXP(-$H55*24*3600*_xlfn.SEQUENCE(L$1-1))))+$J55} -> #VALUE! | M55: {=SUM(($J55*EXP(-$H55*24*3600*_xlfn.SEQUENCE(M$1-1))))+$J55} -> #VALUE!
B56: 7015 | C56: 0 | D56: 0 | E56: =VLOOKUP(B56,Nuclides!A:E,5,FALSE) -> N15 | F56: =VLOOKUP(B56,Nuclides!A:E,4,FALSE) -> STABLE | G56: =IF(F56="STABLE", "STABLE", IF(F56<60, F56&"s", IF(F56<3600, ROUND(F56/60,2)&"min", IF(F56<86400, ROUND(F56/3600,2)&"h", IF(F56<31536000, ROUND(F56/86400,2)&"d", ROUND(F56/31536000,2)&"y"))))) -> STABLE | H56: =LN(2)/F56 -> #VALUE! | I56: =60*6240000000000*C56*(1-EXP(-H56*2*3600)) -> #VALUE! | J56: =I56*EXP(-H56*10*3600) -> #VALUE! | K56: =E56 -> N15 | L56: {=SUM(($J56*EXP(-$H56*24*3600*_xlfn.SEQUENCE(L$1-1))))+$J56} -> #VALUE! | M56: {=SUM(($J56*EXP(-$H56*24*3600*_xlfn.SEQUENCE(M$1-1))))+$J56} -> #VALUE!
B57: 7016 | C57: 0 | D57: 0 | E57: =VLOOKUP(B57,Nuclides!A:E,5,FALSE) -> N16 | F57: =VLOOKUP(B57,Nuclides!A:E,4,FALSE) -> 7.13 | G57: =IF(F57="STABLE", "STABLE", IF(F57<60, F57&"s", IF(F57<3600, ROUND(F57/60,2)&"min", IF(F57<86400, ROUND(F57/3600,2)&"h", IF(F57<31536000, ROUND(F57/86400,2)&"d", ROUND(F57/31536000,2)&"y"))))) -> 7.13s | H57: =LN(2)/F57 -> 0.097215593 | I57: =60*6240000000000*C57*(1-EXP(-H57*2*3600)) -> 0 | J57: =I57*EXP(-H57*10*3600) -> 0 | K57: =E57 -> N16 | L57: {=SUM(($J57*EXP(-$H57*24*3600*_xlfn.SEQUENCE(L$1-1))))+$J57} -> 0 | M57: {=SUM(($J57*EXP(-$H57*24*3600*_xlfn.SEQUENCE(M$1-1))))+$J57} -> 0
... B106: 11023 | C106: 0 | D106: 0 | E106: =VLOOKUP(B106,Nuclides!A:E,5,FALSE) -> Na23 | F106: =VLOOKUP(B106,Nuclides!A:E,4,FALSE) -> STABLE | G106: =IF(F106="STABLE", "STABLE", IF(F106<60, F106&"s", IF(F106<3600, ROUND(F106/60,2)&"min", IF(F106<86400, ROUND(F106/3600,2)&"h", IF(F106<31536000, ROUND(F106/86400,2)&"d", ROUND(F106/31536000,2)&"y"))))) -> STABLE | H106: =LN(2)/F106 -> #VALUE! | I106: =60*6240000000000*C106*(1-EXP(-H106*2*3600)) -> #VALUE! | J106: =I106*EXP(-H106*10*3600) -> #VALUE! | K106: =E106 -> Na23 | L106: {=SUM(($J106*EXP(-$H106*24*3600*_xlfn.SEQUENCE(L$1-1))))+$J106} -> #VALUE! | M106: {=SUM(($J106*EXP(-$H106*24*3600*_xlfn.SEQUENCE(M$1-1))))+$J106} -> #VALUE!
B107: 11024 | C107: 0.0042841 | D107: 0.0001 | E107: =VLOOKUP(B107,Nuclides!A:E,5,FALSE) -> Na24 | F107: =VLOOKUP(B107,Nuclides!A:E,4,FALSE) -> 53989.2 | G107: =IF(F107="STABLE", "STABLE", IF(F107<60, F107&"s", IF(F107<3600, ROUND(F107/60,2)&"min", IF(F107<86400, ROUND(F107/3600,2)&"h", IF(F107<31536000, ROUND(F107/86400,2)&"d", ROUND(F107/31536000,2)&"y"))))) -> 15h | H107: =LN(2)/F107 -> 1.2838627e-05 | I107: =60*6240000000000*C107*(1-EXP(-H107*2*3600)) -> 1.4162125e+11 | J107: =I107*EXP(-H107*10*3600) -> 8.9207553e+10 | K107: =E107 -> Na24 | L107: {=SUM(($J107*EXP(-$H107*24*3600*_xlfn.SEQUENCE(L$1-1))))+$J107} -> 1.3310662e+11 | M107: {=SUM(($J107*EXP(-$H107*24*3600*_xlfn.SEQUENCE(M$1-1))))+$J107} -> 1.3310662e+11 | O107: =K107 -> Na24 | P107: =M107 -> 1.3310662e+11 | Q107: =0 -> 0 | S107: =O107 -> Na24 | T107: =G107 -> 15h | U107: =P107 -> 1.3310662e+11 | V107: 中
B108: 11025 | C108: 0 | D108: 0 | E108: =VLOOKUP(B108,Nuclides!A:E,5,FALSE) -> Na25 | F108: =VLOOKUP(B108,Nuclides!A:E,4,FALSE) -> 59.1 | G108: =IF(F108="STABLE", "STABLE", IF(F108<60, F108&"s", IF(F108<3600, ROUND(F108/60,2)&"min", IF(F108<86400, ROUND(F108/3600,2)&"h", IF(F108<31536000, ROUND(F108/86400,2)&"d", ROUND(F108/31536000,2)&"y"))))) -> 59.1s | H108: =LN(2)/F108 -> 0.011728379 | I108: =60*6240000000000*C108*(1-EXP(-H108*2*3600)) -> 0 | J108: =I108*EXP(-H108*10*3600) -> 0 | K108: =E108 -> Na25 | L108: {=SUM(($J108*EXP(-$H108*24*3600*_xlfn.SEQUENCE(L$1-1))))+$J108} -> 0 | M108: {=SUM(($J108*EXP(-$H108*24*3600*_xlfn.SEQUENCE(M$1-1))))+$J108} -> 0
B109: 11026 | C109: 0 | D109: 0 | E109: =VLOOKUP(B109,Nuclides!A:E,5,FALSE) -> Na26 | F109: =VLOOKUP(B109,Nuclides!A:E,4,FALSE) -> 1.07128 | G109: =IF(F109="STABLE", "STABLE", IF(F109<60, F109&"s", IF(F109<3600, ROUND(F109/60,2)&"min", IF(F109<86400, ROUND(F109/3600,2)&"h", IF(F109<31536000, ROUND(F109/86400,2)&"d", ROUND(F109/31536000,2)&"y"))))) -> 1.07128s | H109: =LN(2)/F109 -> 0.64702709 | I109: =60*6240000000000*C109*(1-EXP(-H109*2*3600)) -> 0 | J109: =I109*EXP(-H109*10*3600) -> 0 | K109: =E109 -> Na26 | L109: {=SUM(($J109*EXP(-$H109*24*3600*_xlfn.SEQUENCE(L$1-1))))+$J109} -> 0 | M109: {=SUM(($J109*EXP(-$H109*24*3600*_xlfn.SEQUENCE(M$1-1))))+$J109} -> 0
B110: 11027 | C110: 0 | D110: 0 | E110: =VLOOKUP(B110,Nuclides!A:E,5,FALSE) -> Na27 | F110: =VLOOKUP(B110,Nuclides!A:E,4,FALSE) -> 0.301 | G110: =IF(F110="STABLE", "STABLE", IF(F110<60, F110&"s", IF(F110<3600, ROUND(F110/60,2)&"min", IF(F110<86400, ROUND(F110/3600,2)&"h", IF(F110<31536000, ROUND(F110/86400,2)&"d", ROUND(F110/31536000,2)&"y"))))) -> 0.301s | H110: =LN(2)/F110 -> 2.3028146 | I110: =60*6240000000000*C110*(1-EXP(-H110*2*3600)) -> 0 | J110: =I110*EXP(-H110*10*3600) -> 0 | K110: =E110 -> Na27 | L110: {=SUM(($J110*EXP(-$H110*24*3600*_xlfn.SEQUENCE(L$1-1))))+$J110} -> 0 | M110: {=SUM(($J110*EXP(-$H110*24*3600*_xlfn.SEQUENCE(M$1-1))))+$J110} -> 0
B111: 11028 | C111: 0 | D111: 0 | E111: =VLOOKUP(B111,Nuclides!A:E,5,FALSE) -> Na28 | F111: =VLOOKUP(B111,Nuclides!A:E,4,FALSE) -> 0.0305 | G111: =IF(F111="STABLE", "STABLE", IF(F111<60, F111&"s", IF(F111<3600, ROUND(F111/60,2)&"min", IF(F111<86400, ROUND(F111/3600,2)&"h", IF(F111<31536000, ROUND(F111/86400,2)&"d", ROUND(F111/31536000,2)&"y"))))) -> 0.0305s | H111: =LN(2)/F111 -> 22.726137 | I111: =60*6240000000000*C111*(1-EXP(-H111*2*3600)) -> 0 | J111: =I111*EXP(-H111*10*3600) -> 0 | K111: =E111 -> Na28 | L111: {=SUM(($J111*EXP(-$H111*24*3600*_xlfn.SEQUENCE(L$1-1))))+$J111} -> 0 | M111: {=SUM(($J111*EXP(-$H111*24*3600*_xlfn.SEQUENCE(M$1-1))))+$J111} -> 0
B112: 11029 | C112: 0 | D112: 0 | E112: =VLOOKUP(B112,Nuclides!A:E,5,FALSE) -> Na29 | F112: =VLOOKUP(B112,Nuclides!A:E,4,FALSE) -> 0.0441 | G112: =IF(F112="STABLE", "STABLE", IF(F112<60, F112&"s", IF(F112<3600, ROUND(F112/60,2)&"min", IF(F112<86400, ROUND(F112/3600,2)&"h", IF(F112<31536000, ROUND(F112/86400,2)&"d", ROUND(F112/31536000,2)&"y"))))) -> 0.0441s | H112: =LN(2)/F112 -> 15.717623 | I112: =60*6240000000000*C112*(1-EXP(-H112*2*3600)) -> 0 | J112: =I112*EXP(-H112*10*3600) -> 0 | K112: =E112 -> Na29 | L112: {=SUM(($J112*EXP(-$H112*24*3600*_xlfn.SEQUENCE(L$1-1))))+$J112} -> 0 | M112: {=SUM(($J112*EXP(-$H112*24*3600*_xlfn.SEQUENCE(M$1-1))))+$J112} -> 0
B113: 11030 | C113: 0 | D113: 0 | E113: =VLOOKUP(B113,Nuclides!A:E,5,FALSE) -> Na30 | F113: =VLOOKUP(B113,Nuclides!A:E,4,FALSE) -> 0.048 | G113: =IF(F113="STABLE", "STABLE", IF(F113<60, F113&"s", IF(F113<3600, ROUND(F113/60,2)&"min", IF(F113<86400, ROUND(F113/3600,2)&"h", IF(F113<31536000, ROUND(F113/86400,2)&"d", ROUND(F113/31536000,2)&"y"))))) -> 0.048s | H113: =LN(2)/F113 -> 14.440566 | I113: =60*6240000000000*C113*(1-EXP(-H113*2*3600)) -> 0 | J113: =I113*EXP(-H113*10*3600) -> 0 | K113: =E113 -> Na30 | L113: {=SUM(($J113*EXP(-$H113*24*3600*_xlfn.SEQUENCE(L$1-1))))+$J113} -> 0 | M113: {=SUM(($J113*EXP(-$H113*24*3600*_xlfn.SEQUENCE(M$1-1))))+$J113} -> 0
B114: 11031 | C114: 0 | D114: 0 | E114: =VLOOKUP(B114,Nuclides!A:E,5,FALSE) -> Na31 | F114: =VLOOKUP(B114,Nuclides!A:E,4,FALSE) -> 0.0174 | G114: =IF(F114="STABLE", "STABLE", IF(F114<60, F114&"s", IF(F114<3600, ROUND(F114/60,2)&"min", IF(F114<86400, ROUND(F114/3600,2)&"h", IF(F114<31536000, ROUND(F114/86400,2)&"d", ROUND(F114/31536000,2)&"y"))))) -> 0.0174s | H114: =LN(2)/F114 -> 39.836045 | I114: =60*6240000000000*C114*(1-EXP(-H114*2*3600)) -> 0 | J114: =I114*EXP(-H114*10*3600) -> 0 | K114: =E114 -> Na31 | L114: {=SUM(($J114*EXP(-$H114*24*3600*_xlfn.SEQUENCE(L$1-1))))+$J114} -> 0 | M114: {=SUM(($J114*EXP(-$H114*24*3600*_xlfn.SEQUENCE(M$1-1))))+$J114} -> 0
B115: 11032 | C115: 0 | D115: 0 | E115: =VLOOKUP(B115,Nuclides!A:E,5,FALSE) -> Na32 | F115: =VLOOKUP(B115,Nuclides!A:E,4,FALSE) -> 0.0132 | G115: =IF(F115="STABLE", "STABLE", IF(F115<60, F115&"s", IF(F115<3600, ROUND(F115/60,2)&"min", IF(F115<86400, ROUND(F115/3600,2)&"h", IF(F115<31536000, ROUND(F115/86400,2)&"d", ROUND(F115/31536000,2)&"y"))))) -> 0.0132s | H115: =LN(2)/F115 -> 52.51115 | I115: =60*6240000000000*C115*(1-EXP(-H115*2*3600)) -> 0 | J115: =I115*EXP(-H115*10*3600) -> 0 | K115: =E115 -> Na32 | L115: {=SUM(($J115*EXP(-$H115*24*3600*_xlfn.SEQUENCE(L$1-1))))+$J115} -> 0 | M115: {=SUM(($J115*EXP(-$H115*24*3600*_xlfn.SEQUENCE(M$1-1))))+$J115} -> 0
B116: 11033 | C116: 0 | D116: 0 | E116: =VLOOKUP(B116,Nuclides!A:E,5,FALSE) -> Na33 | F116: =VLOOKUP(B116,Nuclides!A:E,4,FALSE) -> 0.0081 | G116: =IF(F116="STABLE", "STABLE", IF(F116<60, F116&"s", IF(F116<3600, ROUND(F116/60,2)&"min", IF(F116<86400, ROUND(F116/3600,2)&"h", IF(F116<31536000, ROUND(F116/86400,2)&"d", ROUND(F116/31536000,2)&"y"))))) -> 0.0081s | H116: =LN(2)/F116 -> 85.573726 | I116: =60*6240000000000*C116*(1-EXP(-H116*2*3600)) -> 0 | J116: =I116*EXP(-H116*10*3600) -> 0 | K116: =E116 -> Na33 | L116: {=SUM(($J116*EXP(-$H116*24*3600*_xlfn.SEQUENCE(L$1-1))))+$J116} -> 0 | M116: {=SUM(($J116*EXP(-$H116*24*3600*_xlfn.SEQUENCE(M$1-1))))+$J116} -> 0
B117: 11034 | C117: 0 | D117: 0 | E117: =VLOOKUP(B117,Nuclides!A:E,5,FALSE) -> Na34 | F117: =VLOOKUP(B117,Nuclides!A:E,4,FALSE) -> 0.005 | G117: =IF(F117="STABLE", "STABLE", IF(F117<60, F117&"s", IF(F117<3600, ROUND(F117/60,2)&"min", IF(F117<86400, ROUND(F117/3600,2)&"h", IF(F117<31536000, ROUND(F117/86400,2)&"d", ROUND(F117/31536000,2)&"y"))))) -> 0.005s | H117: =LN(2)/F117 -> 138.62944 | I117: =60*6240000000000*C117*(1-EXP(-H117*2*3600)) -> 0 | J117: =I117*EXP(-H117*10*3600) -> 0 | K117: =E117 -> Na34 | L117: {=SUM(($J117*EXP(-$H117*24*3600*_xlfn.SEQUENCE(L$1-1))))+$J117} -> 0 | M117: {=SUM(($J117*EXP(-$H117*24*3600*_xlfn.SEQUENCE(M$1-1))))+$J117} -> 0
B118: 11035 | C118: 0 | D118: 0 | E118: =VLOOKUP(B118,Nuclides!A:E,5,FALSE) -> Na35 | F118: =VLOOKUP(B118,Nuclides!A:E,4,FALSE) -> 0.0018 | G118: =IF(F118="STABLE", "STABLE", IF(F118<60, F118&"s", IF(F118<3600, ROUND(F118/60,2)&"min", IF(F118<86400, ROUND(F118/3600,2)&"h", IF(F118<31536000, ROUND(F118/86400,2)&"d", ROUND(F118/31536000,2)&"y"))))) -> 0.0018s | H118: =LN(2)/F118 -> 385.08177 | I118: =60*6240000000000*C118*(1-EXP(-H118*2*3600)) -> 0 | J118: =I118*EXP(-H118*10*3600) -> 0 | K118: =E118 -> Na35 | L118: {=SUM(($J118*EXP(-$H118*24*3600*_xlfn.SEQUENCE(L$1-1))))+$J118} -> 0 | M118: {=SUM(($J118*EXP(-$H118*24*3600*_xlfn.SEQUENCE(M$1-1))))+$J118} -> 0
B119: 12020 | C119: 0 | D119: 0 | E119: =VLOOKUP(B119,Nuclides!A:E,5,FALSE) -> Mg20 | F119: =VLOOKUP(B119,Nuclides!A:E,4,FALSE) -> 0.0908 | G119: =IF(F119="STABLE", "STABLE", IF(F119<60, F119&"s", IF(F119<3600, ROUND(F119/60,2)&"min", IF(F119<86400, ROUND(F119/3600,2)&"h", IF(F119<31536000, ROUND(F119/86400,2)&"d", ROUND(F119/31536000,2)&"y"))))) -> 0.0908s | H119: =LN(2)/F119 -> 7.6337795 | I119: =60*6240000000000*C119*(1-EXP(-H119*2*3600)) -> 0 | J119: =I119*EXP(-H119*10*3600) -> 0 | K119: =E119 -> Mg20 | L119: {=SUM(($J119*EXP(-$H119*24*3600*_xlfn.SEQUENCE(L$1-1))))+$J119} -> 0 | M119: {=SUM(($J119*EXP(-$H119*24*3600*_xlfn.SEQUENCE(M$1-1))))+$J119} -> 0
... B154: 14030 | C154: 0.0010496 | D154: 0.0001 | E154: =VLOOKUP(B154,Nuclides!A:E,5,FALSE) -> Si30 | F154: =VLOOKUP(B154,Nuclides!A:E,4,FALSE) -> STABLE | G154: =IF(F154="STABLE", "STABLE", IF(F154<60, F154&"s", IF(F154<3600, ROUND(F154/60,2)&"min", IF(F154<86400, ROUND(F154/3600,2)&"h", IF(F154<31536000, ROUND(F154/86400,2)&"d", ROUND(F154/31536000,2)&"y"))))) -> STABLE | H154: =LN(2)/F154 -> #VALUE! | I154: =60*6240000000000*C154*(1-EXP(-H154*2*3600)) -> #VALUE! | J154: =I154*EXP(-H154*10*3600) -> #VALUE! | K154: =E154 -> Si30 | L154: {=SUM(($J154*EXP(-$H154*24*3600*_xlfn.SEQUENCE(L$1-1))))+$J154} -> #VALUE! | M154: {=SUM(($J154*EXP(-$H154*24*3600*_xlfn.SEQUENCE(M$1-1))))+$J154} -> #VALUE!
B155: 14031 | C155: 0.000696753 | D155: 0.0002 | E155: =VLOOKUP(B155,Nuclides!A:E,5,FALSE) -> Si31 | F155: =VLOOKUP(B155,Nuclides!A:E,4,FALSE) -> 9441.6 | G155: =IF(F155="STABLE", "STABLE", IF(F155<60, F155&"s", IF(F155<3600, ROUND(F155/60,2)&"min", IF(F155<86400, ROUND(F155/3600,2)&"h", IF(F155<31536000, ROUND(F155/86400,2)&"d", ROUND(F155/31536000,2)&"y"))))) -> 2.62h | H155: =LN(2)/F155 -> 7.3414165e-05 | I155: =60*6240000000000*C155*(1-EXP(-H155*2*3600)) -> 1.071004e+11 | J155: =I155*EXP(-H155*10*3600) -> 7.6206128e+09 | K155: =E155 -> Si31 | L155: {=SUM(($J155*EXP(-$H155*24*3600*_xlfn.SEQUENCE(L$1-1))))+$J155} -> 7.6340414e+09 | M155: {=SUM(($J155*EXP(-$H155*24*3600*_xlfn.SEQUENCE(M$1-1))))+$J155} -> 7.6340414e+09 | O155: =K155 -> Si31 | P155: =M155 -> 7.6340414e+09 | Q155: =0 -> 0 | S155: =O155 -> Si31 | T155: =G155 -> 2.62h | U155: =P155 -> 7.6340414e+09 | V155: 低
B156: 14032 | C156: 0 | D156: 0 | E156: =VLOOKUP(B156,Nuclides!A:E,5,FALSE) -> Si32 | F156: =VLOOKUP(B156,Nuclides!A:E,4,FALSE) -> 4828312800 | G156: =IF(F156="STABLE", "STABLE", IF(F156<60, F156&"s", IF(F156<3600, ROUND(F156/60,2)&"min", IF(F156<86400, ROUND(F156/3600,2)&"h", IF(F156<31536000, ROUND(F156/86400,2)&"d", ROUND(F156/31536000,2)&"y"))))) -> 153.1y | H156: =LN(2)/F156 -> 1.4355888e-10 | I156: =60*6240000000000*C156*(1-EXP(-H156*2*3600)) -> 0 | J156: =I156*EXP(-H156*10*3600) -> 0 | K156: =E156 -> Si32 | L156: {=SUM(($J156*EXP(-$H156*24*3600*_xlfn.SEQUENCE(L$1-1))))+$J156} -> 0 | M156: {=SUM(($J156*EXP(-$H156*24*3600*_xlfn.SEQUENCE(M$1-1))))+$J156} -> 0
B157: 14033 | C157: 0 | D157: 0 | E157: =VLOOKUP(B157,Nuclides!A:E,5,FALSE) -> Si33 | F157: =VLOOKUP(B157,Nuclides!A:E,4,FALSE) -> 6.11 | G157: =IF(F157="STABLE", "STABLE", IF(F157<60, F157&"s", IF(F157<3600, ROUND(F157/60,2)&"min", IF(F157<86400, ROUND(F157/3600,2)&"h", IF(F157<31536000, ROUND(F157/86400,2)&"d", ROUND(F157/31536000,2)&"y"))))) -> 6.11s | H157: =LN(2)/F157 -> 0.11344471 | I157: =60*6240000000000*C157*(1-EXP(-H157*2*3600)) -> 0 | J157: =I157*EXP(-H157*10*3600) -> 0 | K157: =E157 -> Si33 | L157: {=SUM(($J157*EXP(-$H157*24*3600*_xlfn.SEQUENCE(L$1-1))))+$J157} -> 0 | M157: {=SUM(($J157*EXP(-$H157*24*3600*_xlfn.SEQUENCE(M$1-1))))+$J157} -> 0
B158: 14034 | C158: 0 | D158: 0 | E158: =VLOOKUP(B158,Nuclides!A:E,5,FALSE) -> Si34 | F158: =VLOOKUP(B158,Nuclides!A:E,4,FALSE) -> 2.77 | G158: =IF(F158="STABLE", "STABLE", IF(F158<60, F158&"s", IF(F158<3600, ROUND(F158/60,2)&"min", IF(F158<86400, ROUND(F158/3600,2)&"h", IF(F158<31536000, ROUND(F158/86400,2)&"d", ROUND(F158/31536000,2)&"y"))))) -> 2.77s | H158: =LN(2)/F158 -> 0.25023364 | I158: =60*6240000000000*C158*(1-EXP(-H158*2*3600)) -> 0 | J158: =I158*EXP(-H158*10*3600) -> 0 | K158: =E158 -> Si34 | L158: {=SUM(($J158*EXP(-$H158*24*3600*_xlfn.SEQUENCE(L$1-1))))+$J158} -> 0 | M158: {=SUM(($J158*EXP(-$H158*24*3600*_xlfn.SEQUENCE(M$1-1))))+$J158} -> 0
B159: 14035 | C159: 0 | D159: 0 | E159: =VLOOKUP(B159,Nuclides!A:E,5,FALSE) -> Si35 | F159: =VLOOKUP(B159,Nuclides!A:E,4,FALSE) -> 0.78 | G159: =IF(F159="STABLE", "STABLE", IF(F159<60, F159&"s", IF(F159<3600, ROUND(F159/60,2)&"min", IF(F159<86400, ROUND(F159/3600,2)&"h", IF(F159<31536000, ROUND(F159/86400,2)&"d", ROUND(F159/31536000,2)&"y"))))) -> 0.78s | H159: =LN(2)/F159 -> 0.88865023 | I159: =60*6240000000000*C159*(1-EXP(-H159*2*3600)) -> 0 | J159: =I159*EXP(-H159*10*3600) -> 0 | K159: =E159 -> Si35 | L159: {=SUM(($J159*EXP(-$H159*24*3600*_xlfn.SEQUENCE(L$1-1))))+$J159} -> 0 | M159: {=SUM(($J159*EXP(-$H159*24*3600*_xlfn.SEQUENCE(M$1-1))))+$J159} -> 0
B160: 14036 | C160: 0 | D160: 0 | E160: =VLOOKUP(B160,Nuclides!A:E,5,FALSE) -> Si36 | F160: =VLOOKUP(B160,Nuclides!A:E,4,FALSE) -> 0.45 | G160: =IF(F160="STABLE", "STABLE", IF(F160<60, F160&"s", IF(F160<3600, ROUND(F160/60,2)&"min", IF(F160<86400, ROUND(F160/3600,2)&"h", IF(F160<31536000, ROUND(F160/86400,2)&"d", ROUND(F160/31536000,2)&"y"))))) -> 0.45s | H160: =LN(2)/F160 -> 1.5403271 | I160: =60*6240000000000*C160*(1-EXP(-H160*2*3600)) -> 0 | J160: =I160*EXP(-H160*10*3600) -> 0 | K160: =E160 -> Si36 | L160: {=SUM(($J160*EXP(-$H160*24*3600*_xlfn.SEQUENCE(L$1-1))))+$J160} -> 0 | M160: {=SUM(($J160*EXP(-$H160*24*3600*_xlfn.SEQUENCE(M$1-1))))+$J160} -> 0
B161: 14037 | C161: 0 | D161: 0 | E161: =VLOOKUP(B161,Nuclides!A:E,5,FALSE) -> Si37 | F161: =VLOOKUP(B161,Nuclides!A:E,4,FALSE) -> 0.09 | G161: =IF(F161="STABLE", "STABLE", IF(F161<60, F161&"s", IF(F161<3600, ROUND(F161/60,2)&"min", IF(F161<86400, ROUND(F161/3600,2)&"h", IF(F161<31536000, ROUND(F161/86400,2)&"d", ROUND(F161/31536000,2)&"y"))))) -> 0.09s | H161: =LN(2)/F161 -> 7.7016353 | I161: =60*6240000000000*C161*(1-EXP(-H161*2*3600)) -> 0 | J161: =I161*EXP(-H161*10*3600) -> 0 | K161: =E161 -> Si37 | L161: {=SUM(($J161*EXP(-$H161*24*3600*_xlfn.SEQUENCE(L$1-1))))+$J161} -> 0 | M161: {=SUM(($J161*EXP(-$H161*24*3600*_xlfn.SEQUENCE(M$1-1))))+$J161} -> 0
B162: 14038 | C162: 0 | D162: 0 | E162: =VLOOKUP(B162,Nuclides!A:E,5,FALSE) -> Si38 | F162: =VLOOKUP(B162,Nuclides!A:E,4,FALSE) -> 0.095 | G162: =IF(F162="STABLE", "STABLE", IF(F162<60, F162&"s", IF(F162<3600, ROUND(F162/60,2)&"min", IF(F162<86400, ROUND(F162/3600,2)&"h", IF(F162<31536000, ROUND(F162/86400,2)&"d", ROUND(F162/31536000,2)&"y"))))) -> 0.095s | H162: =LN(2)/F162 -> 7.2962861 | I162: =60*6240000000000*C162*(1-EXP(-H162*2*3600)) -> 0 | J162: =I162*EXP(-H162*10*3600) -> 0 | K162: =E162 -> Si38 | L162: {=SUM(($J162*EXP(-$H162*24*3600*_xlfn.SEQUENCE(L$1-1))))+$J162} -> 0 | M162: {=SUM(($J162*EXP(-$H162*24*3600*_xlfn.SEQUENCE(M$1-1))))+$J162} -> 0
B163: 14039 | C163: 0 | D163: 0 | E163: =VLOOKUP(B163,Nuclides!A:E,5,FALSE) -> Si39 | F163: =VLOOKUP(B163,Nuclides!A:E,4,FALSE) -> 0.0475 | G163: =IF(F163="STABLE", "STABLE", IF(F163<60, F163&"s", IF(F163<3600, ROUND(F163/60,2)&"min", IF(F163<86400, ROUND(F163/3600,2)&"h", IF(F163<31536000, ROUND(F163/86400,2)&"d", ROUND(F163/31536000,2)&"y"))))) -> 0.0475s | H163: =LN(2)/F163 -> 14.592572 | I163: =60*6240000000000*C163*(1-EXP(-H163*2*3600)) -> 0 | J163: =I163*EXP(-H163*10*3600) -> 0 | K163: =E163 -> Si39 | L163: {=SUM(($J163*EXP(-$H163*24*3600*_xlfn.SEQUENCE(L$1-1))))+$J163} -> 0 | M163: {=SUM(($J163*EXP(-$H163*24*3600*_xlfn.SEQUENCE(M$1-1))))+$J163} -> 0
B164: 15026 | C164: 0 | D164: 0 | E164: =VLOOKUP(B164,Nuclides!A:E,5,FALSE) -> P26 | F164: =VLOOKUP(B164,Nuclides!A:E,4,FALSE) -> 0.0437 | G164: =IF(F164="STABLE", "STABLE", IF(F164<60, F164&"s", IF(F164<3600, ROUND(F164/60,2)&"min", IF(F164<86400, ROUND(F164/3600,2)&"h", IF(F164<31536000, ROUND(F164/86400,2)&"d", ROUND(F164/31536000,2)&"y"))))) -> 0.0437s | H164: =LN(2)/F164 -> 15.861492 | I164: =60*6240000000000*C164*(1-EXP(-H164*2*3600)) -> 0 | J164: =I164*EXP(-H164*10*3600) -> 0 | K164: =E164 -> P26 | L164: {=SUM(($J164*EXP(-$H164*24*3600*_xlfn.SEQUENCE(L$1-1))))+$J164} -> 0 | M164: {=SUM(($J164*EXP(-$H164*24*3600*_xlfn.SEQUENCE(M$1-1))))+$J164} -> 0
B165: 15027 | C165: 0 | D165: 0 | E165: =VLOOKUP(B165,Nuclides!A:E,5,FALSE) -> P27 | F165: =VLOOKUP(B165,Nuclides!A:E,4,FALSE) -> 0.26 | G165: =IF(F165="STABLE", "STABLE", IF(F165<60, F165&"s", IF(F165<3600, ROUND(F165/60,2)&"min", IF(F165<86400, ROUND(F165/3600,2)&"h", IF(F165<31536000, ROUND(F165/86400,2)&"d", ROUND(F165/31536000,2)&"y"))))) -> 0.26s | H165: =LN(2)/F165 -> 2.6659507 | I165: =60*6240000000000*C165*(1-EXP(-H165*2*3600)) -> 0 | J165: =I165*EXP(-H165*10*3600) -> 0 | K165: =E165 -> P27 | L165: {=SUM(($J165*EXP(-$H165*24*3600*_xlfn.SEQUENCE(L$1-1))))+$J165} -> 0 | M165: {=SUM(($J165*EXP(-$H165*24*3600*_xlfn.SEQUENCE(M$1-1))))+$J165} -> 0
B166: 15028 | C166: 0 | D166: 0 | E166: =VLOOKUP(B166,Nuclides!A:E,5,FALSE) -> P28 | F166: =VLOOKUP(B166,Nuclides!A:E,4,FALSE) -> 0.2703 | G166: =IF(F166="STABLE", "STABLE", IF(F166<60, F166&"s", IF(F166<3600, ROUND(F166/60,2)&"min", IF(F166<86400, ROUND(F166/3600,2)&"h", IF(F166<31536000, ROUND(F166/86400,2)&"d", ROUND(F166/31536000,2)&"y"))))) -> 0.2703s | H166: =LN(2)/F166 -> 2.5643625 | I166: =60*6240000000000*C166*(1-EXP(-H166*2*3600)) -> 0 | J166: =I166*EXP(-H166*10*3600) -> 0 | K166: =E166 -> P28 | L166: {=SUM(($J166*EXP(-$H166*24*3600*_xlfn.SEQUENCE(L$1-1))))+$J166} -> 0 | M166: {=SUM(($J166*EXP(-$H166*24*3600*_xlfn.SEQUENCE(M$1-1))))+$J166} -> 0
B167: 15029 | C167: 0 | D167: 0 | E167: =VLOOKUP(B167,Nuclides!A:E,5,FALSE) -> P29 | F167: =VLOOKUP(B167,Nuclides!A:E,4,FALSE) -> 4.142 | G167: =IF(F167="STABLE", "STABLE", IF(F167<60, F167&"s", IF(F167<3600, ROUND(F167/60,2)&"min", IF(F167<86400, ROUND(F167/3600,2)&"h", IF(F167<31536000, ROUND(F167/86400,2)&"d", ROUND(F167/31536000,2)&"y"))))) -> 4.142s | H167: =LN(2)/F167 -> 0.16734601 | I167: =60*6240000000000*C167*(1-EXP(-H167*2*3600)) -> 0 | J167: =I167*EXP(-H167*10*3600) -> 0 | K167: =E167 -> P29 | L167: {=SUM(($J167*EXP(-$H167*24*3600*_xlfn.SEQUENCE(L$1-1))))+$J167} -> 0 | M167: {=SUM(($J167*EXP(-$H167*24*3600*_xlfn.SEQUENCE(M$1-1))))+$J167} -> 0
... B201: 17035 | C201: 0 | D201: 0 | E201: =VLOOKUP(B201,Nuclides!A:E,5,FALSE) -> Cl35 | F201: =VLOOKUP(B201,Nuclides!A:E,4,FALSE) -> STABLE | G201: =IF(F201="STABLE", "STABLE", IF(F201<60, F201&"s", IF(F201<3600, ROUND(F201/60,2)&"min", IF(F201<86400, ROUND(F201/3600,2)&"h", IF(F201<31536000, ROUND(F201/86400,2)&"d", ROUND(F201/31536000,2)&"y"))))) -> STABLE | H201: =LN(2)/F201 -> #VALUE! | I201: =60*6240000000000*C201*(1-EXP(-H201*2*3600)) -> #VALUE! | J201: =I201*EXP(-H201*10*3600) -> #VALUE! | K201: =E201 -> Cl35 | L201: {=SUM(($J201*EXP(-$H201*24*3600*_xlfn.SEQUENCE(L$1-1))))+$J201} -> #VALUE! | M201: {=SUM(($J201*EXP(-$H201*24*3600*_xlfn.SEQUENCE(M$1-1))))+$J201} -> #VALUE!
B202: 17036 | C202: 1.67824e-05 | D202: 0.0026 | E202: =VLOOKUP(B202,Nuclides!A:E,5,FALSE) -> Cl36 | F202: =VLOOKUP(B202,Nuclides!A:E,4,FALSE) -> 9498837600000 | G202: =IF(F202="STABLE", "STABLE", IF(F202<60, F202&"s", IF(F202<3600, ROUND(F202/60,2)&"min", IF(F202<86400, ROUND(F202/3600,2)&"h", IF(F202<31536000, ROUND(F202/86400,2)&"d", ROUND(F202/31536000,2)&"y"))))) -> 301206.16y | H202: =LN(2)/F202 -> 7.297179e-14 | I202: =60*6240000000000*C202*(1-EXP(-H202*2*3600)) -> 3.301242 | J202: =I202*EXP(-H202*10*3600) -> 3.301242 | K202: =E202 -> Cl36 | L202: {=SUM(($J202*EXP(-$H202*24*3600*_xlfn.SEQUENCE(L$1-1))))+$J202} -> 2376.8888 | M202: {=SUM(($J202*EXP(-$H202*24*3600*_xlfn.SEQUENCE(M$1-1))))+$J202} -> 23768.403 | O202: =K202 -> Cl36 | P202: =M202 -> 23768.403 | Q202: =0 -> 0 | S202: =O202 -> Cl36 | T202: =G202 -> 301206.16y | U202: =P202 -> 23768.403 | V202: 中
B203: 17037 | C203: 2.41185e-09 | D203: 0.1995 | E203: =VLOOKUP(B203,Nuclides!A:E,5,FALSE) -> Cl37 | F203: =VLOOKUP(B203,Nuclides!A:E,4,FALSE) -> STABLE | G203: =IF(F203="STABLE", "STABLE", IF(F203<60, F203&"s", IF(F203<3600, ROUND(F203/60,2)&"min", IF(F203<86400, ROUND(F203/3600,2)&"h", IF(F203<31536000, ROUND(F203/86400,2)&"d", ROUND(F203/31536000,2)&"y"))))) -> STABLE | H203: =LN(2)/F203 -> #VALUE! | I203: =60*6240000000000*C203*(1-EXP(-H203*2*3600)) -> #VALUE! | J203: =I203*EXP(-H203*10*3600) -> #VALUE! | K203: =E203 -> Cl37 | L203: {=SUM(($J203*EXP(-$H203*24*3600*_xlfn.SEQUENCE(L$1-1))))+$J203} -> #VALUE! | M203: {=SUM(($J203*EXP(-$H203*24*3600*_xlfn.SEQUENCE(M$1-1))))+$J203} -> #VALUE!
B204: 17038 | C204: 1.24818e-06 | D204: 0.0094 | E204: =VLOOKUP(B204,Nuclides!A:E,5,FALSE) -> Cl38 | F204: =VLOOKUP(B204,Nuclides!A:E,4,FALSE) -> 2234.4 | G204: =IF(F204="STABLE", "STABLE", IF(F204<60, F204&"s", IF(F204<3600, ROUND(F204/60,2)&"min", IF(F204<86400, ROUND(F204/3600,2)&"h", IF(F204<31536000, ROUND(F204/86400,2)&"d", ROUND(F204/31536000,2)&"y"))))) -> 37.24min | H204: =LN(2)/F204 -> 0.00031021625 | I204: =60*6240000000000*C204*(1-EXP(-H204*2*3600)) -> 4.1724698e+08 | J204: =I204*EXP(-H204*10*3600) -> 5892.3137 | K204: =E204 -> Cl38 | L204: {=SUM(($J204*EXP(-$H204*24*3600*_xlfn.SEQUENCE(L$1-1))))+$J204} -> 5892.3137 | M204: {=SUM(($J204*EXP(-$H204*24*3600*_xlfn.SEQUENCE(M$1-1))))+$J204} -> 5892.3137 | O204: =K204 -> Cl38 | P204: =M204 -> 5892.3137 | Q204: =0 -> 0 | S204: =O204 -> Cl38 | T204: =G204 -> 37.24min | U204: =P204 -> 5892.3137 | V204: 低
B205: 17039 | C205: 0 | D205: 0 | E205: =VLOOKUP(B205,Nuclides!A:E,5,FALSE) -> Cl39 | F205: =VLOOKUP(B205,Nuclides!A:E,4,FALSE) -> 3372 | G205: =IF(F205="STABLE", "STABLE", IF(F205<60, F205&"s", IF(F205<3600, ROUND(F205/60,2)&"min", IF(F205<86400, ROUND(F205/3600,2)&"h", IF(F205<31536000, ROUND(F205/86400,2)&"d", ROUND(F205/31536000,2)&"y"))))) -> 56.2min | H205: =LN(2)/F205 -> 0.00020555966 | I205: =60*6240000000000*C205*(1-EXP(-H205*2*3600)) -> 0 | J205: =I205*EXP(-H205*10*3600) -> 0 | K205: =E205 -> Cl39 | L205: {=SUM(($J205*EXP(-$H205*24*3600*_xlfn.SEQUENCE(L$1-1))))+$J205} -> 0 | M205: {=SUM(($J205*EXP(-$H205*24*3600*_xlfn.SEQUENCE(M$1-1))))+$J205} -> 0
B206: 17040 | C206: 0 | D206: 0 | E206: =VLOOKUP(B206,Nuclides!A:E,5,FALSE) -> Cl40 | F206: =VLOOKUP(B206,Nuclides!A:E,4,FALSE) -> 81 | G206: =IF(F206="STABLE", "STABLE", IF(F206<60, F206&"s", IF(F206<3600, ROUND(F206/60,2)&"min", IF(F206<86400, ROUND(F206/3600,2)&"h", IF(F206<31536000, ROUND(F206/86400,2)&"d", ROUND(F206/31536000,2)&"y"))))) -> 1.35min | H206: =LN(2)/F206 -> 0.0085573726 | I206: =60*6240000000000*C206*(1-EXP(-H206*2*3600)) -> 0 | J206: =I206*EXP(-H206*10*3600) -> 0 | K206: =E206 -> Cl40 | L206: {=SUM(($J206*EXP(-$H206*24*3600*_xlfn.SEQUENCE(L$1-1))))+$J206} -> 0 | M206: {=SUM(($J206*EXP(-$H206*24*3600*_xlfn.SEQUENCE(M$1-1))))+$J206} -> 0
B207: 17041 | C207: 0 | D207: 0 | E207: =VLOOKUP(B207,Nuclides!A:E,5,FALSE) -> Cl41 | F207: =VLOOKUP(B207,Nuclides!A:E,4,FALSE) -> 38.4 | G207: =IF(F207="STABLE", "STABLE", IF(F207<60, F207&"s", IF(F207<3600, ROUND(F207/60,2)&"min", IF(F207<86400, ROUND(F207/3600,2)&"h", IF(F207<31536000, ROUND(F207/86400,2)&"d", ROUND(F207/31536000,2)&"y"))))) -> 38.4s | H207: =LN(2)/F207 -> 0.018050708 | I207: =60*6240000000000*C207*(1-EXP(-H207*2*3600)) -> 0 | J207: =I207*EXP(-H207*10*3600) -> 0 | K207: =E207 -> Cl41 | L207: {=SUM(($J207*EXP(-$H207*24*3600*_xlfn.SEQUENCE(L$1-1))))+$J207} -> 0 | M207: {=SUM(($J207*EXP(-$H207*24*3600*_xlfn.SEQUENCE(M$1-1))))+$J207} -> 0
B208: 17042 | C208: 0 | D208: 0 | E208: =VLOOKUP(B208,Nuclides!A:E,5,FALSE) -> Cl42 | F208: =VLOOKUP(B208,Nuclides!A:E,4,FALSE) -> 6.8 | G208: =IF(F208="STABLE", "STABLE", IF(F208<60, F208&"s", IF(F208<3600, ROUND(F208/60,2)&"min", IF(F208<86400, ROUND(F208/3600,2)&"h", IF(F208<31536000, ROUND(F208/86400,2)&"d", ROUND(F208/31536000,2)&"y"))))) -> 6.8s | H208: =LN(2)/F208 -> 0.10193341 | I208: =60*6240000000000*C208*(1-EXP(-H208*2*3600)) -> 0 | J208: =I208*EXP(-H208*10*3600) -> 0 | K208: =E208 -> Cl42 | L208: {=SUM(($J208*EXP(-$H208*24*3600*_xlfn.SEQUENCE(L$1-1))))+$J208} -> 0 | M208: {=SUM(($J208*EXP(-$H208*24*3600*_xlfn.SEQUENCE(M$1-1))))+$J208} -> 0
B209: 17043 | C209: 0 | D209: 0 | E209: =VLOOKUP(B209,Nuclides!A:E,5,FALSE) -> Cl43 | F209: =VLOOKUP(B209,Nuclides!A:E,4,FALSE) -> 3.175 | G209: =IF(F209="STABLE", "STABLE", IF(F209<60, F209&"s", IF(F209<3600, ROUND(F209/60,2)&"min", IF(F209<86400, ROUND(F209/3600,2)&"h", IF(F209<31536000, ROUND(F209/86400,2)&"d", ROUND(F209/31536000,2)&"y"))))) -> 3.175s | H209: =LN(2)/F209 -> 0.21831407 | I209: =60*6240000000000*C209*(1-EXP(-H209*2*3600)) -> 0 | J209: =I209*EXP(-H209*10*3600) -> 0 | K209: =E209 -> Cl43 | L209: {=SUM(($J209*EXP(-$H209*24*3600*_xlfn.SEQUENCE(L$1-1))))+$J209} -> 0 | M209: {=SUM(($J209*EXP(-$H209*24*3600*_xlfn.SEQUENCE(M$1-1))))+$J209} -> 0
B210: 17044 | C210: 0 | D210: 0 | E210: =VLOOKUP(B210,Nuclides!A:E,5,FALSE) -> Cl44 | F210: =VLOOKUP(B210,Nuclides!A:E,4,FALSE) -> 0.65 | G210: =IF(F210="STABLE", "STABLE", IF(F210<60, F210&"s", IF(F210<3600, ROUND(F210/60,2)&"min", IF(F210<86400, ROUND(F210/3600,2)&"h", IF(F210<31536000, ROUND(F210/86400,2)&"d", ROUND(F210/31536000,2)&"y"))))) -> 0.65s | H210: =LN(2)/F210 -> 1.0663803 | I210: =60*6240000000000*C210*(1-EXP(-H210*2*3600)) -> 0 | J210: =I210*EXP(-H210*10*3600) -> 0 | K210: =E210 -> Cl44 | L210: {=SUM(($J210*EXP(-$H210*24*3600*_xlfn.SEQUENCE(L$1-1))))+$J210} -> 0 | M210: {=SUM(($J210*EXP(-$H210*24*3600*_xlfn.SEQUENCE(M$1-1))))+$J210} -> 0
B211: 17045 | C211: 0 | D211: 0 | E211: =VLOOKUP(B211,Nuclides!A:E,5,FALSE) -> Cl45 | F211: =VLOOKUP(B211,Nuclides!A:E,4,FALSE) -> 0.4 | G211: =IF(F211="STABLE", "STABLE", IF(F211<60, F211&"s", IF(F211<3600, ROUND(F211/60,2)&"min", IF(F211<86400, ROUND(F211/3600,2)&"h", IF(F211<31536000, ROUND(F211/86400,2)&"d", ROUND(F211/31536000,2)&"y"))))) -> 0.4s | H211: =LN(2)/F211 -> 1.732868 | I211: =60*6240000000000*C211*(1-EXP(-H211*2*3600)) -> 0 | J211: =I211*EXP(-H211*10*3600) -> 0 | K211: =E211 -> Cl45 | L211: {=SUM(($J211*EXP(-$H211*24*3600*_xlfn.SEQUENCE(L$1-1))))+$J211} -> 0 | M211: {=SUM(($J211*EXP(-$H211*24*3600*_xlfn.SEQUENCE(M$1-1))))+$J211} -> 0
B212: 18032 | C212: 0 | D212: 0 | E212: =VLOOKUP(B212,Nuclides!A:E,5,FALSE) -> Ar32 | F212: =VLOOKUP(B212,Nuclides!A:E,4,FALSE) -> 0.098 | G212: =IF(F212="STABLE", "STABLE", IF(F212<60, F212&"s", IF(F212<3600, ROUND(F212/60,2)&"min", IF(F212<86400, ROUND(F212/3600,2)&"h", IF(F212<31536000, ROUND(F212/86400,2)&"d", ROUND(F212/31536000,2)&"y"))))) -> 0.098s | H212: =LN(2)/F212 -> 7.0729304 | I212: =60*6240000000000*C212*(1-EXP(-H212*2*3600)) -> 0 | J212: =I212*EXP(-H212*10*3600) -> 0 | K212: =E212 -> Ar32 | L212: {=SUM(($J212*EXP(-$H212*24*3600*_xlfn.SEQUENCE(L$1-1))))+$J212} -> 0 | M212: {=SUM(($J212*EXP(-$H212*24*3600*_xlfn.SEQUENCE(M$1-1))))+$J212} -> 0
B213: 18033 | C213: 0 | D213: 0 | E213: =VLOOKUP(B213,Nuclides!A:E,5,FALSE) -> Ar33 | F213: =VLOOKUP(B213,Nuclides!A:E,4,FALSE) -> 0.173 | G213: =IF(F213="STABLE", "STABLE", IF(F213<60, F213&"s", IF(F213<3600, ROUND(F213/60,2)&"min", IF(F213<86400, ROUND(F213/3600,2)&"h", IF(F213<31536000, ROUND(F213/86400,2)&"d", ROUND(F213/31536000,2)&"y"))))) -> 0.173s | H213: =LN(2)/F213 -> 4.0066311 | I213: =60*6240000000000*C213*(1-EXP(-H213*2*3600)) -> 0 | J213: =I213*EXP(-H213*10*3600) -> 0 | K213: =E213 -> Ar33 | L213: {=SUM(($J213*EXP(-$H213*24*3600*_xlfn.SEQUENCE(L$1-1))))+$J213} -> 0 | M213: {=SUM(($J213*EXP(-$H213*24*3600*_xlfn.SEQUENCE(M$1-1))))+$J213} -> 0
B214: 18034 | C214: 0 | D214: 0 | E214: =VLOOKUP(B214,Nuclides!A:E,5,FALSE) -> Ar34 | F214: =VLOOKUP(B214,Nuclides!A:E,4,FALSE) -> 0.8445 | G214: =IF(F214="STABLE", "STABLE", IF(F214<60, F214&"s", IF(F214<3600, ROUND(F214/60,2)&"min", IF(F214<86400, ROUND(F214/3600,2)&"h", IF(F214<31536000, ROUND(F214/86400,2)&"d", ROUND(F214/31536000,2)&"y"))))) -> 0.8445s | H214: =LN(2)/F214 -> 0.82077819 | I214: =60*6240000000000*C214*(1-EXP(-H214*2*3600)) -> 0 | J214: =I214*EXP(-H214*10*3600) -> 0 | K214: =E214 -> Ar34 | L214: {=SUM(($J214*EXP(-$H214*24*3600*_xlfn.SEQUENCE(L$1-1))))+$J214} -> 0 | M214: {=SUM(($J214*EXP(-$H214*24*3600*_xlfn.SEQUENCE(M$1-1))))+$J214} -> 0
B215: 18035 | C215: 0 | D215: 0 | E215: =VLOOKUP(B215,Nuclides!A:E,5,FALSE) -> Ar35 | F215: =VLOOKUP(B215,Nuclides!A:E,4,FALSE) -> 1.7756 | G215: =IF(F215="STABLE", "STABLE", IF(F215<60, F215&"s", IF(F215<3600, ROUND(F215/60,2)&"min", IF(F215<86400, ROUND(F215/3600,2)&"h", IF(F215<31536000, ROUND(F215/86400,2)&"d", ROUND(F215/31536000,2)&"y"))))) -> 1.7756s | H215: =LN(2)/F215 -> 0.3903735 | I215: =60*6240000000000*C215*(1-EXP(-H215*2*3600)) -> 0 | J215: =I215*EXP(-H215*10*3600) -> 0 | K215: =E215 -> Ar35 | L215: {=SUM(($J215*EXP(-$H215*24*3600*_xlfn.SEQUENCE(L$1-1))))+$J215} -> 0 | M215: {=SUM(($J215*EXP(-$H215*24*3600*_xlfn.SEQUENCE(M$1-1))))+$J215} -> 0
B216: 18036 | C216: 0 | D216: 0 | E216: =VLOOKUP(B216,Nuclides!A:E,5,FALSE) -> Ar36 | F216: =VLOOKUP(B216,Nuclides!A:E,4,FALSE) -> STABLE | G216: =IF(F216="STABLE", "STABLE", IF(F216<60, F216&"s", IF(F216<3600, ROUND(F216/60,2)&"min", IF(F216<86400, ROUND(F216/3600,2)&"h", IF(F216<31536000, ROUND(F216/86400,2)&"d", ROUND(F216/31536000,2)&"y"))))) -> STABLE | H216: =LN(2)/F216 -> #VALUE! | I216: =60*6240000000000*C216*(1-EXP(-H216*2*3600)) -> #VALUE! | J216: =I216*EXP(-H216*10*3600) -> #VALUE! | K216: =E216 -> Ar36 | L216: {=SUM(($J216*EXP(-$H216*24*3600*_xlfn.SEQUENCE(L$1-1))))+$J216} -> #VALUE! | M216: {=SUM(($J216*EXP(-$H216*24*3600*_xlfn.SEQUENCE(M$1-1))))+$J216} -> #VALUE!
B217: 18037 | C217: 5.45608e-05 | D217: 0.0005 | E217: =VLOOKUP(B217,Nuclides!A:E,5,FALSE) -> Ar37 | F217: =VLOOKUP(B217,Nuclides!A:E,4,FALSE) -> 3027456 | G217: =IF(F217="STABLE", "STABLE", IF(F217<60, F217&"s", IF(F217<3600, ROUND(F217/60,2)&"min", IF(F217<86400, ROUND(F217/3600,2)&"h", IF(F217<31536000, ROUND(F217/86400,2)&"d", ROUND(F217/31536000,2)&"y"))))) -> 35.04d | H217: =LN(2)/F217 -> 2.2895368e-07 | I217: =60*6240000000000*C217*(1-EXP(-H217*2*3600)) -> 33646413 | J217: =I217*EXP(-H217*10*3600) -> 33370228 | K217: =E217 -> Ar37 | L217: {=SUM(($J217*EXP(-$H217*24*3600*_xlfn.SEQUENCE(L$1-1))))+$J217} -> 1.7036719e+09 | M217: {=SUM(($J217*EXP(-$H217*24*3600*_xlfn.SEQUENCE(M$1-1))))+$J217} -> 1.703673e+09 | O217: =K217 -> Ar37 | P217: =M217 -> 1.703673e+09 | Q217: =0 -> 0 | S217: =O217 -> Ar37 | T217: =G217 -> 35.04d | U217: =P217 -> 1.703673e+09 | V217: 低
B218: 18038 | C218: 0 | D218: 0 | E218: =VLOOKUP(B218,Nuclides!A:E,5,FALSE) -> Ar38 | F218: =VLOOKUP(B218,Nuclides!A:E,4,FALSE) -> STABLE | G218: =IF(F218="STABLE", "STABLE", IF(F218<60, F218&"s", IF(F218<3600, ROUND(F218/60,2)&"min", IF(F218<86400, ROUND(F218/3600,2)&"h", IF(F218<31536000, ROUND(F218/86400,2)&"d", ROUND(F218/31536000,2)&"y"))))) -> STABLE | H218: =LN(2)/F218 -> #VALUE! | I218: =60*6240000000000*C218*(1-EXP(-H218*2*3600)) -> #VALUE! | J218: =I218*EXP(-H218*10*3600) -> #VALUE! | K218: =E218 -> Ar38 | L218: {=SUM(($J218*EXP(-$H218*24*3600*_xlfn.SEQUENCE(L$1-1))))+$J218} -> #VALUE! | M218: {=SUM(($J218*EXP(-$H218*24*3600*_xlfn.SEQUENCE(M$1-1))))+$J218} -> #VALUE!
B219: 18039 | C219: 0.000188566 | D219: 0.0008 | E219: =VLOOKUP(B219,Nuclides!A:E,5,FALSE) -> Ar39 | F219: =VLOOKUP(B219,Nuclides!A:E,4,FALSE) -> 8488994400 | G219: =IF(F219="STABLE", "STABLE", IF(F219<60, F219&"s", IF(F219<3600, ROUND(F219/60,2)&"min", IF(F219<86400, ROUND(F219/3600,2)&"h", IF(F219<31536000, ROUND(F219/86400,2)&"d", ROUND(F219/31536000,2)&"y"))))) -> 269.18y | H219: =LN(2)/F219 -> 8.1652449e-11 | I219: =60*6240000000000*C219*(1-EXP(-H219*2*3600)) -> 41505.038 | J219: =I219*EXP(-H219*10*3600) -> 41504.916 | K219: =E219 -> Ar39 | L219: {=SUM(($J219*EXP(-$H219*24*3600*_xlfn.SEQUENCE(L$1-1))))+$J219} -> 29807877 | M219: {=SUM(($J219*EXP(-$H219*24*3600*_xlfn.SEQUENCE(M$1-1))))+$J219} -> 2.9137373e+08 | O219: =K219 -> Ar39 | P219: =M219 -> 2.9137373e+08 | Q219: =0 -> 0 | S219: =O219 -> Ar39 | T219: =G219 -> 269.18y | U219: =P219 -> 2.9137373e+08 | V219: 低
B220: 18040 | C220: 9.70231e-08 | D220: 0.0198 | E220: =VLOOKUP(B220,Nuclides!A:E,5,FALSE) -> Ar40 | F220: =VLOOKUP(B220,Nuclides!A:E,4,FALSE) -> STABLE | G220: =IF(F220="STABLE", "STABLE", IF(F220<60, F220&"s", IF(F220<3600, ROUND(F220/60,2)&"min", IF(F220<86400, ROUND(F220/3600,2)&"h", IF(F220<31536000, ROUND(F220/86400,2)&"d", ROUND(F220/31536000,2)&"y"))))) -> STABLE | H220: =LN(2)/F220 -> #VALUE! | I220: =60*6240000000000*C220*(1-EXP(-H220*2*3600)) -> #VALUE! | J220: =I220*EXP(-H220*10*3600) -> #VALUE! | K220: =E220 -> Ar40 | L220: {=SUM(($J220*EXP(-$H220*24*3600*_xlfn.SEQUENCE(L$1-1))))+$J220} -> #VALUE! | M220: {=SUM(($J220*EXP(-$H220*24*3600*_xlfn.SEQUENCE(M$1-1))))+$J220} -> #VALUE!
B221: 18041 | C221: 1.47842e-05 | D221: 0.0026 | E221: =VLOOKUP(B221,Nuclides!A:E,5,FALSE) -> Ar41 | F221: =VLOOKUP(B221,Nuclides!A:E,4,FALSE) -> 6576.6 | G221: =IF(F221="STABLE", "STABLE", IF(F221<60, F221&"s", IF(F221<3600, ROUND(F221/60,2)&"min", IF(F221<86400, ROUND(F221/3600,2)&"h", IF(F221<31536000, ROUND(F221/86400,2)&"d", ROUND(F221/31536000,2)&"y"))))) -> 1.83h | H221: =LN(2)/F221 -> 0.00010539598 | I221: =60*6240000000000*C221*(1-EXP(-H221*2*3600)) -> 2.9435992e+09 | J221: =I221*EXP(-H221*10*3600) -> 66229976 | K221: =E221 -> Ar41 | L221: {=SUM(($J221*EXP(-$H221*24*3600*_xlfn.SEQUENCE(L$1-1))))+$J221} -> 66237327 | M221: {=SUM(($J221*EXP(-$H221*24*3600*_xlfn.SEQUENCE(M$1-1))))+$J221} -> 66237327 | O221: =K221 -> Ar41 | P221: =M221 -> 66237327 | Q221: =0 -> 0 | S221: =O221 -> Ar41 | T221: =G221 -> 1.83h | U221: =P221 -> 66237327 | V221: 低
B222: 18042 | C222: 0 | D222: 0 | E222: =VLOOKUP(B222,Nuclides!A:E,5,FALSE) -> Ar42 | F222: =VLOOKUP(B222,Nuclides!A:E,4,FALSE) -> 1038245040 | G222: =IF(F222="STABLE", "STABLE", IF(F222<60, F222&"s", IF(F222<3600, ROUND(F222/60,2)&"min", IF(F222<86400, ROUND(F222/3600,2)&"h", IF(F222<31536000, ROUND(F222/86400,2)&"d", ROUND(F222/31536000,2)&"y"))))) -> 32.92y | H222: =LN(2)/F222 -> 6.6761425e-10 | I222: =60*6240000000000*C222*(1-EXP(-H222*2*3600)) -> 0 | J222: =I222*EXP(-H222*10*3600) -> 0 | K222: =E222 -> Ar42 | L222: {=SUM(($J222*EXP(-$H222*24*3600*_xlfn.SEQUENCE(L$1-1))))+$J222} -> 0 | M222: {=SUM(($J222*EXP(-$H222*24*3600*_xlfn.SEQUENCE(M$1-1))))+$J222} -> 0
B223: 18043 | C223: 1.79049e-09 | D223: 0.0914 | E223: =VLOOKUP(B223,Nuclides!A:E,5,FALSE) -> Ar43 | F223: =VLOOKUP(B223,Nuclides!A:E,4,FALSE) -> 322.2 | G223: =IF(F223="STABLE", "STABLE", IF(F223<60, F223&"s", IF(F223<3600, ROUND(F223/60,2)&"min", IF(F223<86400, ROUND(F223/3600,2)&"h", IF(F223<31536000, ROUND(F223/86400,2)&"d", ROUND(F223/31536000,2)&"y"))))) -> 5.37min | H223: =LN(2)/F223 -> 0.0021512948 | I223: =60*6240000000000*C223*(1-EXP(-H223*2*3600)) -> 670359.33 | J223: =I223*EXP(-H223*10*3600) -> 1.5547883e-28 | K223: =E223 -> Ar43 | L223: {=SUM(($J223*EXP(-$H223*24*3600*_xlfn.SEQUENCE(L$1-1))))+$J223} -> 1.5547883e-28 | M223: {=SUM(($J223*EXP(-$H223*24*3600*_xlfn.SEQUENCE(M$1-1))))+$J223} -> 1.5547883e-28
B224: 18044 | C224: 0 | D224: 0 | E224: =VLOOKUP(B224,Nuclides!A:E,5,FALSE) -> Ar44 | F224: =VLOOKUP(B224,Nuclides!A:E,4,FALSE) -> 712.2 | G224: =IF(F224="STABLE", "STABLE", IF(F224<60, F224&"s", IF(F224<3600, ROUND(F224/60,2)&"min", IF(F224<86400, ROUND(F224/3600,2)&"h", IF(F224<31536000, ROUND(F224/86400,2)&"d", ROUND(F224/31536000,2)&"y"))))) -> 11.87min | H224: =LN(2)/F224 -> 0.00097324794 | I224: =60*6240000000000*C224*(1-EXP(-H224*2*3600)) -> 0 | J224: =I224*EXP(-H224*10*3600) -> 0 | K224: =E224 -> Ar44 | L224: {=SUM(($J224*EXP(-$H224*24*3600*_xlfn.SEQUENCE(L$1-1))))+$J224} -> 0 | M224: {=SUM(($J224*EXP(-$H224*24*3600*_xlfn.SEQUENCE(M$1-1))))+$J224} -> 0
B225: 18045 | C225: 1.05069e-07 | D225: 0.0124 | E225: =VLOOKUP(B225,Nuclides!A:E,5,FALSE) -> Ar45 | F225: =VLOOKUP(B225,Nuclides!A:E,4,FALSE) -> 21.48 | G225: =IF(F225="STABLE", "STABLE", IF(F225<60, F225&"s", IF(F225<3600, ROUND(F225/60,2)&"min", IF(F225<86400, ROUND(F225/3600,2)&"h", IF(F225<31536000, ROUND(F225/86400,2)&"d", ROUND(F225/31536000,2)&"y"))))) -> 21.48s | H225: =LN(2)/F225 -> 0.032269422 | I225: =60*6240000000000*C225*(1-EXP(-H225*2*3600)) -> 39337834 | J225: =I225*EXP(-H225*10*3600) -> 0 | K225: =E225 -> Ar45 | L225: {=SUM(($J225*EXP(-$H225*24*3600*_xlfn.SEQUENCE(L$1-1))))+$J225} -> 0 | M225: {=SUM(($J225*EXP(-$H225*24*3600*_xlfn.SEQUENCE(M$1-1))))+$J225} -> 0
B226: 18046 | C226: 0 | D226: 0 | E226: =VLOOKUP(B226,Nuclides!A:E,5,FALSE) -> Ar46 | F226: =VLOOKUP(B226,Nuclides!A:E,4,FALSE) -> 8.4 | G226: =IF(F226="STABLE", "STABLE", IF(F226<60, F226&"s", IF(F226<3600, ROUND(F226/60,2)&"min", IF(F226<86400, ROUND(F226/3600,2)&"h", IF(F226<31536000, ROUND(F226/86400,2)&"d", ROUND(F226/31536000,2)&"y"))))) -> 8.4s | H226: =LN(2)/F226 -> 0.082517521 | I226: =60*6240000000000*C226*(1-EXP(-H226*2*3600)) -> 0 | J226: =I226*EXP(-H226*10*3600) -> 0 | K226: =E226 -> Ar46 | L226: {=SUM(($J226*EXP(-$H226*24*3600*_xlfn.SEQUENCE(L$1-1))))+$J226} -> 0 | M226: {=SUM(($J226*EXP(-$H226*24*3600*_xlfn.SEQUENCE(M$1-1))))+$J226} -> 0
B227: 19035 | C227: 0 | D227: 0 | E227: =VLOOKUP(B227,Nuclides!A:E,5,FALSE) -> K35 | F227: =VLOOKUP(B227,Nuclides!A:E,4,FALSE) -> 0.178 | G227: =IF(F227="STABLE", "STABLE", IF(F227<60, F227&"s", IF(F227<3600, ROUND(F227/60,2)&"min", IF(F227<86400, ROUND(F227/3600,2)&"h", IF(F227<31536000, ROUND(F227/86400,2)&"d", ROUND(F227/31536000,2)&"y"))))) -> 0.178s | H227: =LN(2)/F227 -> 3.8940853 | I227: =60*6240000000000*C227*(1-EXP(-H227*2*3600)) -> 0 | J227: =I227*EXP(-H227*10*3600) -> 0 | K227: =E227 -> K35 | L227: {=SUM(($J227*EXP(-$H227*24*3600*_xlfn.SEQUENCE(L$1-1))))+$J227} -> 0 | M227: {=SUM(($J227*EXP(-$H227*24*3600*_xlfn.SEQUENCE(M$1-1))))+$J227} -> 0
B228: 19036 | C228: 0 | D228: 0 | E228: =VLOOKUP(B228,Nuclides!A:E,5,FALSE) -> K36 | F228: =VLOOKUP(B228,Nuclides!A:E,4,FALSE) -> 0.342 | G228: =IF(F228="STABLE", "STABLE", IF(F228<60, F228&"s", IF(F228<3600, ROUND(F228/60,2)&"min", IF(F228<86400, ROUND(F228/3600,2)&"h", IF(F228<31536000, ROUND(F228/86400,2)&"d", ROUND(F228/31536000,2)&"y"))))) -> 0.342s | H228: =LN(2)/F228 -> 2.0267461 | I228: =60*6240000000000*C228*(1-EXP(-H228*2*3600)) -> 0 | J228: =I228*EXP(-H228*10*3600) -> 0 | K228: =E228 -> K36 | L228: {=SUM(($J228*EXP(-$H228*24*3600*_xlfn.SEQUENCE(L$1-1))))+$J228} -> 0 | M228: {=SUM(($J228*EXP(-$H228*24*3600*_xlfn.SEQUENCE(M$1-1))))+$J228} -> 0
B229: 19037 | C229: 0 | D229: 0 | E229: =VLOOKUP(B229,Nuclides!A:E,5,FALSE) -> K37 | F229: =VLOOKUP(B229,Nuclides!A:E,4,FALSE) -> 1.226 | G229: =IF(F229="STABLE", "STABLE", IF(F229<60, F229&"s", IF(F229<3600, ROUND(F229/60,2)&"min", IF(F229<86400, ROUND(F229/3600,2)&"h", IF(F229<31536000, ROUND(F229/86400,2)&"d", ROUND(F229/31536000,2)&"y"))))) -> 1.226s | H229: =LN(2)/F229 -> 0.5653729 | I229: =60*6240000000000*C229*(1-EXP(-H229*2*3600)) -> 0 | J229: =I229*EXP(-H229*10*3600) -> 0 | K229: =E229 -> K37 | L229: {=SUM(($J229*EXP(-$H229*24*3600*_xlfn.SEQUENCE(L$1-1))))+$J229} -> 0 | M229: {=SUM(($J229*EXP(-$H229*24*3600*_xlfn.SEQUENCE(M$1-1))))+$J229} -> 0
B230: 19038 | C230: 0 | D230: 0 | E230: =VLOOKUP(B230,Nuclides!A:E,5,FALSE) -> K38 | F230: =VLOOKUP(B230,Nuclides!A:E,4,FALSE) -> 458.16 | G230: =IF(F230="STABLE", "STABLE", IF(F230<60, F230&"s", IF(F230<3600, ROUND(F230/60,2)&"min", IF(F230<86400, ROUND(F230/3600,2)&"h", IF(F230<31536000, ROUND(F230/86400,2)&"d", ROUND(F230/31536000,2)&"y"))))) -> 7.64min | H230: =LN(2)/F230 -> 0.0015128933 | I230: =60*6240000000000*C230*(1-EXP(-H230*2*3600)) -> 0 | J230: =I230*EXP(-H230*10*3600) -> 0 | K230: =E230 -> K38 | L230: {=SUM(($J230*EXP(-$H230*24*3600*_xlfn.SEQUENCE(L$1-1))))+$J230} -> 0 | M230: {=SUM(($J230*EXP(-$H230*24*3600*_xlfn.SEQUENCE(M$1-1))))+$J230} -> 0
B231: 19039 | C231: 0 | D231: 0 | E231: =VLOOKUP(B231,Nuclides!A:E,5,FALSE) -> K39 | F231: =VLOOKUP(B231,Nuclides!A:E,4,FALSE) -> STABLE | G231: =IF(F231="STABLE", "STABLE", IF(F231<60, F231&"s", IF(F231<3600, ROUND(F231/60,2)&"min", IF(F231<86400, ROUND(F231/3600,2)&"h", IF(F231<31536000, ROUND(F231/86400,2)&"d", ROUND(F231/31536000,2)&"y"))))) -> STABLE | H231: =LN(2)/F231 -> #VALUE! | I231: =60*6240000000000*C231*(1-EXP(-H231*2*3600)) -> #VALUE! | J231: =I231*EXP(-H231*10*3600) -> #VALUE! | K231: =E231 -> K39 | L231: {=SUM(($J231*EXP(-$H231*24*3600*_xlfn.SEQUENCE(L$1-1))))+$J231} -> #VALUE! | M231: {=SUM(($J231*EXP(-$H231*24*3600*_xlfn.SEQUENCE(M$1-1))))+$J231} -> #VALUE!
B232: 19040 | C232: 0.00759432 | D232: 0.0001 | E232: =VLOOKUP(B232,Nuclides!A:E,5,FALSE) -> K40 | F232: =VLOOKUP(B232,Nuclides!A:E,4,FALSE) -> 3.9383885e+16 | G232: =IF(F232="STABLE", "STABLE", IF(F232<60, F232&"s", IF(F232<3600, ROUND(F232/60,2)&"min", IF(F232<86400, ROUND(F232/3600,2)&"h", IF(F232<31536000, ROUND(F232/86400,2)&"d", ROUND(F232/31536000,2)&"y"))))) -> 1248854794.52y | H232: =LN(2)/F232 -> 1.7599767e-17 | I232: =60*6240000000000*C232*(1-EXP(-H232*2*3600)) -> 0.36018084 | J232: =I232*EXP(-H232*10*3600) -> 0.36018084 | K232: =E232 -> K40 | L232: {=SUM(($J232*EXP(-$H232*24*3600*_xlfn.SEQUENCE(L$1-1))))+$J232} -> 259.33021 | M232: {=SUM(($J232*EXP(-$H232*24*3600*_xlfn.SEQUENCE(M$1-1))))+$J232} -> 2593.302 | O232: =K232 -> K40 | P232: =M232 -> 2593.302 | Q232: =0 -> 0 | S232: =O232 -> K40 | T232: =G232 -> 1248854794.52y | U232: =P232 -> 2593.302 | V232: 低
B233: 19041 | C233: 9.71311e-07 | D233: 0.0108 | E233: =VLOOKUP(B233,Nuclides!A:E,5,FALSE) -> K41 | F233: =VLOOKUP(B233,Nuclides!A:E,4,FALSE) -> STABLE | G233: =IF(F233="STABLE", "STABLE", IF(F233<60, F233&"s", IF(F233<3600, ROUND(F233/60,2)&"min", IF(F233<86400, ROUND(F233/3600,2)&"h", IF(F233<31536000, ROUND(F233/86400,2)&"d", ROUND(F233/31536000,2)&"y"))))) -> STABLE | H233: =LN(2)/F233 -> #VALUE! | I233: =60*6240000000000*C233*(1-EXP(-H233*2*3600)) -> #VALUE! | J233: =I233*EXP(-H233*10*3600) -> #VALUE! | K233: =E233 -> K41 | L233: {=SUM(($J233*EXP(-$H233*24*3600*_xlfn.SEQUENCE(L$1-1))))+$J233} -> #VALUE! | M233: {=SUM(($J233*EXP(-$H233*24*3600*_xlfn.SEQUENCE(M$1-1))))+$J233} -> #VALUE!
B234: 19042 | C234: 0.000547409 | D234: 0.0005 | E234: =VLOOKUP(B234,Nuclides!A:E,5,FALSE) -> K42 | F234: =VLOOKUP(B234,Nuclides!A:E,4,FALSE) -> 44478 | G234: =IF(F234="STABLE", "STABLE", IF(F234<60, F234&"s", IF(F234<3600, ROUND(F234/60,2)&"min", IF(F234<86400, ROUND(F234/3600,2)&"h", IF(F234<31536000, ROUND(F234/86400,2)&"d", ROUND(F234/31536000,2)&"y"))))) -> 12.36h | H234: =LN(2)/F234 -> 1.5584046e-05 | I234: =60*6240000000000*C234*(1-EXP(-H234*2*3600)) -> 2.1753205e+10 | J234: =I234*EXP(-H234*10*3600) -> 1.241289e+10 | K234: =E234 -> K42 | L234: {=SUM(($J234*EXP(-$H234*24*3600*_xlfn.SEQUENCE(L$1-1))))+$J234} -> 1.6777785e+10 | M234: {=SUM(($J234*EXP(-$H234*24*3600*_xlfn.SEQUENCE(M$1-1))))+$J234} -> 1.6777785e+10 | O234: =K234 -> K42 | P234: =M234 -> 1.6777785e+10 | Q234: =0 -> 0 | S234: =O234 -> K42 | T234: =G234 -> 12.36h | U234: =P234 -> 1.6777785e+10 | V234: 低
B235: 19043 | C235: 1.31259e-08 | D235: 0.0386 | E235: =VLOOKUP(B235,Nuclides!A:E,5,FALSE) -> K43 | F235: =VLOOKUP(B235,Nuclides!A:E,4,FALSE) -> 80280 | G235: =IF(F235="STABLE", "STABLE", IF(F235<60, F235&"s", IF(F235<3600, ROUND(F235/60,2)&"min", IF(F235<86400, ROUND(F235/3600,2)&"h", IF(F235<31536000, ROUND(F235/86400,2)&"d", ROUND(F235/31536000,2)&"y"))))) -> 22.3h | H235: =LN(2)/F235 -> 8.6341203e-06 | I235: =60*6240000000000*C235*(1-EXP(-H235*2*3600)) -> 296200.88 | J235: =I235*EXP(-H235*10*3600) -> 217067.76 | K235: =E235 -> K43 | L235: {=SUM(($J235*EXP(-$H235*24*3600*_xlfn.SEQUENCE(L$1-1))))+$J235} -> 412884.75 | M235: {=SUM(($J235*EXP(-$H235*24*3600*_xlfn.SEQUENCE(M$1-1))))+$J235} -> 412884.75 | O235: =K235 -> K43 | P235: =M235 -> 412884.75 | Q235: =0 -> 0 | S235: =O235 -> K43 | T235: =G235 -> 22.3h | U235: =P235 -> 412884.75 | V235: 低
B236: 19044 | C236: 2.05332e-07 | D236: 0.0097 | E236: =VLOOKUP(B236,Nuclides!A:E,5,FALSE) -> K44 | F236: =VLOOKUP(B236,Nuclides!A:E,4,FALSE) -> 1327.8 | G236: =IF(F236="STABLE", "STABLE", IF(F236<60, F236&"s", IF(F236<3600, ROUND(F236/60,2)&"min", IF(F236<86400, ROUND(F236/3600,2)&"h", IF(F236<31536000, ROUND(F236/86400,2)&"d", ROUND(F236/31536000,2)&"y"))))) -> 22.13min | H236: =LN(2)/F236 -> 0.0005220268 | I236: =60*6240000000000*C236*(1-EXP(-H236*2*3600)) -> 75083813 | J236: =I236*EXP(-H236*10*3600) -> 0.51744651 | K236: =E236 -> K44 | L236: {=SUM(($J236*EXP(-$H236*24*3600*_xlfn.SEQUENCE(L$1-1))))+$J236} -> 0.51744651 | M236: {=SUM(($J236*EXP(-$H236*24*3600*_xlfn.SEQUENCE(M$1-1))))+$J236} -> 0.51744651
B237: 19045 | C237: 0 | D237: 0 | E237: =VLOOKUP(B237,Nuclides!A:E,5,FALSE) -> K45 | F237: =VLOOKUP(B237,Nuclides!A:E,4,FALSE) -> 1068.6 | G237: =IF(F237="STABLE", "STABLE", IF(F237<60, F237&"s", IF(F237<3600, ROUND(F237/60,2)&"min", IF(F237<86400, ROUND(F237/3600,2)&"h", IF(F237<31536000, ROUND(F237/86400,2)&"d", ROUND(F237/31536000,2)&"y"))))) -> 17.81min | H237: =LN(2)/F237 -> 0.0006486498 | I237: =60*6240000000000*C237*(1-EXP(-H237*2*3600)) -> 0 | J237: =I237*EXP(-H237*10*3600) -> 0 | K237: =E237 -> K45 | L237: {=SUM(($J237*EXP(-$H237*24*3600*_xlfn.SEQUENCE(L$1-1))))+$J237} -> 0 | M237: {=SUM(($J237*EXP(-$H237*24*3600*_xlfn.SEQUENCE(M$1-1))))+$J237} -> 0
B238: 19046 | C238: 2.96679e-10 | D238: 0.2111 | E238: =VLOOKUP(B238,Nuclides!A:E,5,FALSE) -> K46 | F238: =VLOOKUP(B238,Nuclides!A:E,4,FALSE) -> 105 | G238: =IF(F238="STABLE", "STABLE", IF(F238<60, F238&"s", IF(F238<3600, ROUND(F238/60,2)&"min", IF(F238<86400, ROUND(F238/3600,2)&"h", IF(F238<31536000, ROUND(F238/86400,2)&"d", ROUND(F238/31536000,2)&"y"))))) -> 1.75min | H238: =LN(2)/F238 -> 0.0066014017 | I238: =60*6240000000000*C238*(1-EXP(-H238*2*3600)) -> 111076.62 | J238: =I238*EXP(-H238*10*3600) -> 6.8444479e-99 | K238: =E238 -> K46 | L238: {=SUM(($J238*EXP(-$H238*24*3600*_xlfn.SEQUENCE(L$1-1))))+$J238} -> 6.8444479e-99 | M238: {=SUM(($J238*EXP(-$H238*24*3600*_xlfn.SEQUENCE(M$1-1))))+$J238} -> 6.8444479e-99
B239: 19047 | C239: 0 | D239: 0 | E239: =VLOOKUP(B239,Nuclides!A:E,5,FALSE) -> K47 | F239: =VLOOKUP(B239,Nuclides!A:E,4,FALSE) -> 17.5 | G239: =IF(F239="STABLE", "STABLE", IF(F239<60, F239&"s", IF(F239<3600, ROUND(F239/60,2)&"min", IF(F239<86400, ROUND(F239/3600,2)&"h", IF(F239<31536000, ROUND(F239/86400,2)&"d", ROUND(F239/31536000,2)&"y"))))) -> 17.5s | H239: =LN(2)/F239 -> 0.03960841 | I239: =60*6240000000000*C239*(1-EXP(-H239*2*3600)) -> 0 | J239: =I239*EXP(-H239*10*3600) -> 0 | K239: =E239 -> K47 | L239: {=SUM(($J239*EXP(-$H239*24*3600*_xlfn.SEQUENCE(L$1-1))))+$J239} -> 0 | M239: {=SUM(($J239*EXP(-$H239*24*3600*_xlfn.SEQUENCE(M$1-1))))+$J239} -> 0
B240: 19048 | C240: 1.80388e-08 | D240: 0.0325 | E240: =VLOOKUP(B240,Nuclides!A:E,5,FALSE) -> K48 | F240: =VLOOKUP(B240,Nuclides!A:E,4,FALSE) -> 6.83 | G240: =IF(F240="STABLE", "STABLE", IF(F240<60, F240&"s", IF(F240<3600, ROUND(F240/60,2)&"min", IF(F240<86400, ROUND(F240/3600,2)&"h", IF(F240<31536000, ROUND(F240/86400,2)&"d", ROUND(F240/31536000,2)&"y"))))) -> 6.83s | H240: =LN(2)/F240 -> 0.10148568 | I240: =60*6240000000000*C240*(1-EXP(-H240*2*3600)) -> 6753726.7 | J240: =I240*EXP(-H240*10*3600) -> 0 | K240: =E240 -> K48 | L240: {=SUM(($J240*EXP(-$H240*24*3600*_xlfn.SEQUENCE(L$1-1))))+$J240} -> 0 | M240: {=SUM(($J240*EXP(-$H240*24*3600*_xlfn.SEQUENCE(M$1-1))))+$J240} -> 0
B241: 19049 | C241: 0 | D241: 0 | E241: =VLOOKUP(B241,Nuclides!A:E,5,FALSE) -> K49 | F241: =VLOOKUP(B241,Nuclides!A:E,4,FALSE) -> 1.263 | G241: =IF(F241="STABLE", "STABLE", IF(F241<60, F241&"s", IF(F241<3600, ROUND(F241/60,2)&"min", IF(F241<86400, ROUND(F241/3600,2)&"h", IF(F241<31536000, ROUND(F241/86400,2)&"d", ROUND(F241/31536000,2)&"y"))))) -> 1.263s | H241: =LN(2)/F241 -> 0.54881012 | I241: =60*6240000000000*C241*(1-EXP(-H241*2*3600)) -> 0 | J241: =I241*EXP(-H241*10*3600) -> 0 | K241: =E241 -> K49 | L241: {=SUM(($J241*EXP(-$H241*24*3600*_xlfn.SEQUENCE(L$1-1))))+$J241} -> 0 | M241: {=SUM(($J241*EXP(-$H241*24*3600*_xlfn.SEQUENCE(M$1-1))))+$J241} -> 0
B242: 19050 | C242: 0 | D242: 0 | E242: =VLOOKUP(B242,Nuclides!A:E,5,FALSE) -> K50 | F242: =VLOOKUP(B242,Nuclides!A:E,4,FALSE) -> 0.472 | G242: =IF(F242="STABLE", "STABLE", IF(F242<60, F242&"s", IF(F242<3600, ROUND(F242/60,2)&"min", IF(F242<86400, ROUND(F242/3600,2)&"h", IF(F242<31536000, ROUND(F242/86400,2)&"d", ROUND(F242/31536000,2)&"y"))))) -> 0.472s | H242: =LN(2)/F242 -> 1.4685322 | I242: =60*6240000000000*C242*(1-EXP(-H242*2*3600)) -> 0 | J242: =I242*EXP(-H242*10*3600) -> 0 | K242: =E242 -> K50 | L242: {=SUM(($J242*EXP(-$H242*24*3600*_xlfn.SEQUENCE(L$1-1))))+$J242} -> 0 | M242: {=SUM(($J242*EXP(-$H242*24*3600*_xlfn.SEQUENCE(M$1-1))))+$J242} -> 0
...

Sheet 1
B3: 1001 | C3: 0 | F3: 1001 | G3: 4.31085e-10 | I3: C1 | J3: 63569 | K3: 11164 | L3: 500540 | M3: 0.02 | N3: 25
B4: 1002 | C4: 0 | F4: 1002 | G4: 0.18213552 | I4: C2 | J4: 4826 | K4: 6736.7 | L4: 38000 | M4: 0.02 | N4: 25
B5: 1003 | C5: 0 | F5: 1003 | G5: 3.1964756e-08 | I5: C3 | J5: 1238.4 | K5: 1095.9 | L5: 9750.8 | M5: 0.02 | N5: 25
B6: 2003 | C6: 0 | F6: 2003 | G6: 0 | I6: C4 | J6: 1237.9 | K6: 1096 | L6: 9747.4 | M6: 0.02 | N6: 25
B7: 2004 | C7: 0 | F7: 2004 | G7: 0 | I7: C5 | J7: 1237.3 | K7: 1095.8 | L7: 9742.6 | M7: 0.02 | N7: 25
B8: 2005 | C8: 0 | F8: 2005 | G8: 0 | I8: C6 | J8: 1237.6 | K8: 1095.5 | L8: 9744.7 | M8: 0.02 | N8: 25
B9: 2006 | C9: 0 | F9: 2006 | G9: 0 | I9: C7 | J9: 110.61 | K9: 155.85 | L9: 870.91 | M9: 0.02 | N9: 25
B10: 2007 | C10: 0 | F10: 2007 | G10: 0 | I10: C8 | J10: 31296 | K10: 11407 | L10: 125190 | M10: 0.02 | N10: 25
B11: 2008 | C11: 0 | F11: 2008 | G11: 0 | I11: C9 | J11: 2470.9 | K11: 1156.9 | L11: 0 | M11: 0.02 | N11: 25
B12: 3005 | C12: 0 | F12: 3005 | G12: 0 | I12: C10 | J12: 41783 | K12: 44555 | L12: 0 | M12: 0.02 | N12: 25
B13: 3006 | C13: 0 | F13: 3006 | G13: 0 | I13: C11 | J13: 304210 | K13: 42346 | L13: 2395400 | M13: 0.02 | N13: 25
B14: 3007 | C14: 0 | F14: 3007 | G14: 0 | I14: C12 | J14: 2471.3 | K14: 1156.8 | L14: 0 | M14: 0.02 | N14: 25
... B39: 6009 | C39: 0 | F39: 6009 | G39: 0 | I39: C47 | J39: 2203900000 | K39: 0 | L39: 0 | M39: 0.02 | N39: 25
B40: 6010 | C40: 0 | F40: 6010 | G40: 0
B41: 6011 | C41: 0 | F41: 6011 | G41: 0
B42: 6012 | C42: 0 | F42: 6012 | G42: 0
B43: 6013 | C43: 0 | F43: 6013 | G43: 0.0010478212
B44: 6014 | C44: 0 | F44: 6014 | G44: 1.1653046e-05
B45: 6015 | C45: 0 | F45: 6015 | G45: 0
B46: 6016 | C46: 0 | F46: 6016 | G46: 0
B47: 6017 | C47: 0 | F47: 6017 | G47: 0
B48: 6018 | C48: 0 | F48: 6018 | G48: 0
B49: 6019 | C49: 0 | F49: 6019 | G49: 0
B50: 6020 | C50: 0 | F50: 6020 | G50: 0
B51: 7011 | C51: 0 | F51: 7011 | G51: 0
... B2192: 100240 | C2192: 0 | F2192: 100260 | G2192: 0
B2193: 100240 | C2193: 0 | F2193: total | G2193: 0.36442526
B2194: 100250 | C2194: 0 | F2194: l 2
B2195: 100250 | C2195: 0 | F2195: user bin
B2196: 100250 | C2196: 0 | F2196: l 3
B2197: 100250 | C2197: 0 | F2197: l 4
B2198: 100250 | C2198: 0 | F2198: l 5
B2199: 100250 | C2199: 0 | F2199: l 6
B2200: 100250 | C2200: 0 | F2200: l 7
B2201: 100250 | C2201: 0 | F2201: l 8
B2202: 100250 | C2202: 0 | F2202: l 11
B2203: 100260 | C2203: 0 | F2203: l 13
B2204: 100260 | C2204: 0 | F2204: l 14
B2205: 100260 | C2205: 0 | F2205: l 21
... B2207: 100260 | C2207: 0 | F2207: l 23
B2208: total | C2208: 0.0304816 | F2208: l 24
B2209: l 2 | F2209: l 25
B2210: user bin | F2210: l 26
B2211: 1001 | C2211: 0 | F2211: l 27
B2212: 1002 | C2212: 0 | F2212: l 31
B2213: 1003 | C2213: 0 | F2213: l 32
B2214: 2003 | C2214: 0 | F2214: l 34
B2215: 2004 | C2215: 0 | F2215: l 35
B2216: 2005 | C2216: 0
B2217: 2006 | C2217: 0
B2218: 2007 | C2218: 0
B2219: 2008 | C2219: 0
B2220: 3005 | C2220: 0
B2221: 3006 | C2221: 0
B2222: 3007 | C2222: 0
B2223: 3008 | C2223: 0
B2224: 3009 | C2224: 0
B2225: 3010 | C2225: 0
B2226: 3011 | C2226: 0
B2227: 4006 | C2227: 0
... B4415: 100260 | C4415: 0
B4416: total | C4416: 0.0104078
B4417: l 3
B4418: user bin
B4419: 1001 | C4419: 0
B4420: 1002 | C4420: 0
B4421: 1003 | C4421: 0
B4422: 2003 | C4422: 0
B4423: 2004 | C4423: 0
B4424: 2005 | C4424: 0
B4425: 2006 | C4425: 0
B4426: 2007 | C4426: 0
B4427: 2008 | C4427: 0
B4428: 3005 | C4428: 0
B4429: 3006 | C4429: 0
B4430: 3007 | C4430: 0
... B6623: 100260 | C6623: 0
B6624: total | C6624: 0.000438942
B6625: l 4
B6626: user bin
B6627: 1001 | C6627: 0
B6628: 1002 | C6628: 0
B6629: 1003 | C6629: 0
B6630: 2003 | C6630: 0
B6631: 2004 | C6631: 0
B6632: 2005 | C6632: 0
B6633: 2006 | C6633: 0
B6634: 2007 | C6634: 0
B6635: 2008 | C6635: 0
B6636: 3005 | C6636: 0
B6637: 3006 | C6637: 0
B6638: 3007 | C6638: 0
... B8831: 100260 | C8831: 0
B8832: total | C8832: 0.0038912
B8833: l 5
B8834: user bin
B8835: 1001 | C8835: 0
B8836: 1002 | C8836: 0
B8837: 1003 | C8837: 0
B8838: 2003 | C8838: 0
...

Sheet 加速器
B1: Nuclides | C1: w | D1: Error | E1: Nuclides | F1: T1/2 | G1: T1/2 | H1: λ | I1: 60μA-2h | J1: cool-6h | K1: Nuclides | L1: 720 | M1: 7200
B4: 1001 | C4: 4.31085e-10 | D4: =0 -> 0 | E4: =VLOOKUP(B4,Nuclides!A:E,5,FALSE) -> 0 | F4: =VLOOKUP(B4,Nuclides!A:E,4,FALSE) -> 613.9 | G4: =IF(F4="STABLE", "STABLE", IF(F4<60, F4&"s", IF(F4<3600, ROUND(F4/60,2)&"min", IF(F4<86400, ROUND(F4/3600,2)&"h", IF(F4<31536000, ROUND(F4/86400,2)&"d", ROUND(F4/31536000,2)&"y"))))) -> 10.23min | H4: =LN(2)/F4 -> 0.0011290881 | I4: =60*6240000000000*C4*(1-EXP(-H4*2*3600)) -> 161350.65 | J4: =I4*EXP(-H4*10*3600) -> 3.5886285e-13 | K4: =E4 -> 0 | L4: {=SUM(($J4*EXP(-$H4*24*3600*_xlfn.SEQUENCE(L$1-1))))+$J4} -> 3.5886285e-13 | M4: {=SUM(($J4*EXP(-$H4*24*3600*_xlfn.SEQUENCE(M$1-1))))+$J4} -> 3.5886285e-13
B5: 1002 | C5: 0.18213552 | D5: =0 -> 0 | E5: =VLOOKUP(B5,Nuclides!A:E,5,FALSE) -> H2 | F5: =VLOOKUP(B5,Nuclides!A:E,4,FALSE) -> STABLE | G5: =IF(F5="STABLE", "STABLE", IF(F5<60, F5&"s", IF(F5<3600, ROUND(F5/60,2)&"min", IF(F5<86400, ROUND(F5/3600,2)&"h", IF(F5<31536000, ROUND(F5/86400,2)&"d", ROUND(F5/31536000,2)&"y"))))) -> STABLE | H5: =LN(2)/F5 -> #VALUE! | I5: =60*6240000000000*C5*(1-EXP(-H5*2*3600)) -> #VALUE! | J5: =I5*EXP(-H5*10*3600) -> #VALUE! | K5: =E5 -> H2 | L5: {=SUM(($J5*EXP(-$H5*24*3600*_xlfn.SEQUENCE(L$1-1))))+$J5} -> #VALUE! | M5: {=SUM(($J5*EXP(-$H5*24*3600*_xlfn.SEQUENCE(M$1-1))))+$J5} -> #VALUE!
B6: 1003 | C6: 3.1964756e-08 | D6: =0 -> 0 | E6: =VLOOKUP(B6,Nuclides!A:E,5,FALSE) -> H3 | F6: =VLOOKUP(B6,Nuclides!A:E,4,FALSE) -> 388789632 | G6: =IF(F6="STABLE", "STABLE", IF(F6<60, F6&"s", IF(F6<3600, ROUND(F6/60,2)&"min", IF(F6<86400, ROUND(F6/3600,2)&"h", IF(F6<31536000, ROUND(F6/86400,2)&"d", ROUND(F6/31536000,2)&"y"))))) -> 12.33y | H6: =LN(2)/F6 -> 1.7828335e-09 | I6: =60*6240000000000*C6*(1-EXP(-H6*2*3600)) -> 153.61999 | J6: =I6*EXP(-H6*10*3600) -> 153.61013 | K6: =E6 -> H3 | L6: {=SUM(($J6*EXP(-$H6*24*3600*_xlfn.SEQUENCE(L$1-1))))+$J6} -> 104694.85 | M6: {=SUM(($J6*EXP(-$H6*24*3600*_xlfn.SEQUENCE(M$1-1))))+$J6} -> 668327.97 | O6: =K6 -> H3 | P6: =M6 -> 668327.97 | Q6: =0 -> 0 | S6: =O6 -> H3 | T6: =G6 -> 12.33y | U6: =P6 -> 668327.97 | V6: 低
B7: 2003 | C7: 0 | D7: =0 -> 0 | E7: =VLOOKUP(B7,Nuclides!A:E,5,FALSE) -> He3 | F7: =VLOOKUP(B7,Nuclides!A:E,4,FALSE) -> STABLE | G7: =IF(F7="STABLE", "STABLE", IF(F7<60, F7&"s", IF(F7<3600, ROUND(F7/60,2)&"min", IF(F7<86400, ROUND(F7/3600,2)&"h", IF(F7<31536000, ROUND(F7/86400,2)&"d", ROUND(F7/31536000,2)&"y"))))) -> STABLE | H7: =LN(2)/F7 -> #VALUE! | I7: =60*6240000000000*C7*(1-EXP(-H7*2*3600)) -> #VALUE! | J7: =I7*EXP(-H7*10*3600) -> #VALUE! | K7: =E7 -> He3 | L7: {=SUM(($J7*EXP(-$H7*24*3600*_xlfn.SEQUENCE(L$1-1))))+$J7} -> #VALUE! | M7: {=SUM(($J7*EXP(-$H7*24*3600*_xlfn.SEQUENCE(M$1-1))))+$J7} -> #VALUE!
B8: 2004 | C8: 0 | D8: =0 -> 0 | E8: =VLOOKUP(B8,Nuclides!A:E,5,FALSE) -> He4 | F8: =VLOOKUP(B8,Nuclides!A:E,4,FALSE) -> STABLE | G8: =IF(F8="STABLE", "STABLE", IF(F8<60, F8&"s", IF(F8<3600, ROUND(F8/60,2)&"min", IF(F8<86400, ROUND(F8/3600,2)&"h", IF(F8<31536000, ROUND(F8/86400,2)&"d", ROUND(F8/31536000,2)&"y"))))) -> STABLE | H8: =LN(2)/F8 -> #VALUE! | I8: =60*6240000000000*C8*(1-EXP(-H8*2*3600)) -> #VALUE! | J8: =I8*EXP(-H8*10*3600) -> #VALUE! | K8: =E8 -> He4 | L8: {=SUM(($J8*EXP(-$H8*24*3600*_xlfn.SEQUENCE(L$1-1))))+$J8} -> #VALUE! | M8: {=SUM(($J8*EXP(-$H8*24*3600*_xlfn.SEQUENCE(M$1-1))))+$J8} -> #VALUE!
B9: 2005 | C9: 0 | D9: =0 -> 0 | E9: =VLOOKUP(B9,Nuclides!A:E,5,FALSE) -> He5 | F9: =VLOOKUP(B9,Nuclides!A:E,4,FALSE) -> 7.595e-22 | G9: =IF(F9="STABLE", "STABLE", IF(F9<60, F9&"s", IF(F9<3600, ROUND(F9/60,2)&"min", IF(F9<86400, ROUND(F9/3600,2)&"h", IF(F9<31536000, ROUND(F9/86400,2)&"d", ROUND(F9/31536000,2)&"y"))))) -> 7.595E-22s | H9: =LN(2)/F9 -> 9.1263618e+20 | I9: =60*6240000000000*C9*(1-EXP(-H9*2*3600)) -> 0 | J9: =I9*EXP(-H9*10*3600) -> 0 | K9: =E9 -> He5 | L9: {=SUM(($J9*EXP(-$H9*24*3600*_xlfn.SEQUENCE(L$1-1))))+$J9} -> 0 | M9: {=SUM(($J9*EXP(-$H9*24*3600*_xlfn.SEQUENCE(M$1-1))))+$J9} -> 0
B10: 2006 | C10: 0 | D10: =0 -> 0 | E10: =VLOOKUP(B10,Nuclides!A:E,5,FALSE) -> He6 | F10: =VLOOKUP(B10,Nuclides!A:E,4,FALSE) -> 0.8067 | G10: =IF(F10="STABLE", "STABLE", IF(F10<60, F10&"s", IF(F10<3600, ROUND(F10/60,2)&"min", IF(F10<86400, ROUND(F10/3600,2)&"h", IF(F10<31536000, ROUND(F10/86400,2)&"d", ROUND(F10/31536000,2)&"y"))))) -> 0.8067s | H10: =LN(2)/F10 -> 0.85923786 | I10: =60*6240000000000*C10*(1-EXP(-H10*2*3600)) -> 0 | J10: =I10*EXP(-H10*10*3600) -> 0 | K10: =E10 -> He6 | L10: {=SUM(($J10*EXP(-$H10*24*3600*_xlfn.SEQUENCE(L$1-1))))+$J10} -> 0 | M10: {=SUM(($J10*EXP(-$H10*24*3600*_xlfn.SEQUENCE(M$1-1))))+$J10} -> 0
B11: 2007 | C11: 0 | D11: =0 -> 0 | E11: =VLOOKUP(B11,Nuclides!A:E,5,FALSE) -> He7 | F11: =VLOOKUP(B11,Nuclides!A:E,4,FALSE) -> 3.038e-21 | G11: =IF(F11="STABLE", "STABLE", IF(F11<60, F11&"s", IF(F11<3600, ROUND(F11/60,2)&"min", IF(F11<86400, ROUND(F11/3600,2)&"h", IF(F11<31536000, ROUND(F11/86400,2)&"d", ROUND(F11/31536000,2)&"y"))))) -> 3.038E-21s | H11: =LN(2)/F11 -> 2.2815905e+20 | I11: =60*6240000000000*C11*(1-EXP(-H11*2*3600)) -> 0 | J11: =I11*EXP(-H11*10*3600) -> 0 | K11: =E11 -> He7 | L11: {=SUM(($J11*EXP(-$H11*24*3600*_xlfn.SEQUENCE(L$1-1))))+$J11} -> 0 | M11: {=SUM(($J11*EXP(-$H11*24*3600*_xlfn.SEQUENCE(M$1-1))))+$J11} -> 0
B12: 2008 | C12: 0 | D12: =0 -> 0 | E12: =VLOOKUP(B12,Nuclides!A:E,5,FALSE) -> He8 | F12: =VLOOKUP(B12,Nuclides!A:E,4,FALSE) -> 0.1191 | G12: =IF(F12="STABLE", "STABLE", IF(F12<60, F12&"s", IF(F12<3600, ROUND(F12/60,2)&"min", IF(F12<86400, ROUND(F12/3600,2)&"h", IF(F12<31536000, ROUND(F12/86400,2)&"d", ROUND(F12/31536000,2)&"y"))))) -> 0.1191s | H12: =LN(2)/F12 -> 5.8198756 | I12: =60*6240000000000*C12*(1-EXP(-H12*2*3600)) -> 0 | J12: =I12*EXP(-H12*10*3600) -> 0 | K12: =E12 -> He8 | L12: {=SUM(($J12*EXP(-$H12*24*3600*_xlfn.SEQUENCE(L$1-1))))+$J12} -> 0 | M12: {=SUM(($J12*EXP(-$H12*24*3600*_xlfn.SEQUENCE(M$1-1))))+$J12} -> 0
B13: 3005 | C13: 0 | D13: =0 -> 0 | E13: =VLOOKUP(B13,Nuclides!A:E,5,FALSE) -> Li5 | F13: =VLOOKUP(B13,Nuclides!A:E,4,FALSE) -> 3.038e-22 | G13: =IF(F13="STABLE", "STABLE", IF(F13<60, F13&"s", IF(F13<3600, ROUND(F13/60,2)&"min", IF(F13<86400, ROUND(F13/3600,2)&"h", IF(F13<31536000, ROUND(F13/86400,2)&"d", ROUND(F13/31536000,2)&"y"))))) -> 3.038E-22s | H13: =LN(2)/F13 -> 2.2815905e+21 | I13: =60*6240000000000*C13*(1-EXP(-H13*2*3600)) -> 0 | J13: =I13*EXP(-H13*10*3600) -> 0 | K13: =E13 -> Li5 | L13: {=SUM(($J13*EXP(-$H13*24*3600*_xlfn.SEQUENCE(L$1-1))))+$J13} -> 0 | M13: {=SUM(($J13*EXP(-$H13*24*3600*_xlfn.SEQUENCE(M$1-1))))+$J13} -> 0
B14: 3006 | C14: 0 | D14: =0 -> 0 | E14: =VLOOKUP(B14,Nuclides!A:E,5,FALSE) -> Li6 | F14: =VLOOKUP(B14,Nuclides!A:E,4,FALSE) -> STABLE | G14: =IF(F14="STABLE", "STABLE", IF(F14<60, F14&"s", IF(F14<3600, ROUND(F14/60,2)&"min", IF(F14<86400, ROUND(F14/3600,2)&"h", IF(F14<31536000, ROUND(F14/86400,2)&"d", ROUND(F14/31536000,2)&"y"))))) -> STABLE | H14: =LN(2)/F14 -> #VALUE! | I14: =60*6240000000000*C14*(1-EXP(-H14*2*3600)) -> #VALUE! | J14: =I14*EXP(-H14*10*3600) -> #VALUE! | K14: =E14 -> Li6 | L14: {=SUM(($J14*EXP(-$H14*24*3600*_xlfn.SEQUENCE(L$1-1))))+$J14} -> #VALUE! | M14: {=SUM(($J14*EXP(-$H14*24*3600*_xlfn.SEQUENCE(M$1-1))))+$J14} -> #VALUE!
B15: 3007 | C15: 0 | D15: =0 -> 0 | E15: =VLOOKUP(B15,Nuclides!A:E,5,FALSE) -> Li7 | F15: =VLOOKUP(B15,Nuclides!A:E,4,FALSE) -> STABLE | G15: =IF(F15="STABLE", "STABLE", IF(F15<60, F15&"s", IF(F15<3600, ROUND(F15/60,2)&"min", IF(F15<86400, ROUND(F15/3600,2)&"h", IF(F15<31536000, ROUND(F15/86400,2)&"d", ROUND(F15/31536000,2)&"y"))))) -> STABLE | H15: =LN(2)/F15 -> #VALUE! | I15: =60*6240000000000*C15*(1-EXP(-H15*2*3600)) -> #VALUE! | J15: =I15*EXP(-H15*10*3600) -> #VALUE! | K15: =E15 -> Li7 | L15: {=SUM(($J15*EXP(-$H15*24*3600*_xlfn.SEQUENCE(L$1-1))))+$J15} -> #VALUE! | M15: {=SUM(($J15*EXP(-$H15*24*3600*_xlfn.SEQUENCE(M$1-1))))+$J15} -> #VALUE!
B16: 3008 | C16: 0 | D16: =0 -> 0 | E16: =VLOOKUP(B16,Nuclides!A:E,5,FALSE) -> Li8 | F16: =VLOOKUP(B16,Nuclides!A:E,4,FALSE) -> 0.8399 | G16: =IF(F16="STABLE", "STABLE", IF(F16<60, F16&"s", IF(F16<3600, ROUND(F16/60,2)&"min", IF(F16<86400, ROUND(F16/3600,2)&"h", IF(F16<31536000, ROUND(F16/86400,2)&"d", ROUND(F16/31536000,2)&"y"))))) -> 0.8399s | H16: =LN(2)/F16 -> 0.82527346 | I16: =60*6240000000000*C16*(1-EXP(-H16*2*3600)) -> 0 | J16: =I16*EXP(-H16*10*3600) -> 0 | K16: =E16 -> Li8 | L16: {=SUM(($J16*EXP(-$H16*24*3600*_xlfn.SEQUENCE(L$1-1))))+$J16} -> 0 | M16: {=SUM(($J16*EXP(-$H16*24*3600*_xlfn.SEQUENCE(M$1-1))))+$J16} -> 0
B17: 3009 | C17: 0 | D17: =0 -> 0 | E17: =VLOOKUP(B17,Nuclides!A:E,5,FALSE) -> Li9 | F17: =VLOOKUP(B17,Nuclides!A:E,4,FALSE) -> 0.1783 | G17: =IF(F17="STABLE", "STABLE", IF(F17<60, F17&"s", IF(F17<3600, ROUND(F17/60,2)&"min", IF(F17<86400, ROUND(F17/3600,2)&"h", IF(F17<31536000, ROUND(F17/86400,2)&"d", ROUND(F17/31536000,2)&"y"))))) -> 0.1783s | H17: =LN(2)/F17 -> 3.8875333 | I17: =60*6240000000000*C17*(1-EXP(-H17*2*3600)) -> 0 | J17: =I17*EXP(-H17*10*3600) -> 0 | K17: =E17 -> Li9 | L17: {=SUM(($J17*EXP(-$H17*24*3600*_xlfn.SEQUENCE(L$1-1))))+$J17} -> 0 | M17: {=SUM(($J17*EXP(-$H17*24*3600*_xlfn.SEQUENCE(M$1-1))))+$J17} -> 0
B18: 3010 | C18: 0 | D18: =0 -> 0 | E18: =VLOOKUP(B18,Nuclides!A:E,5,FALSE) -> #N/A | F18: =VLOOKUP(B18,Nuclides!A:E,4,FALSE) -> #N/A | G18: =IF(F18="STABLE", "STABLE", IF(F18<60, F18&"s", IF(F18<3600, ROUND(F18/60,2)&"min", IF(F18<86400, ROUND(F18/3600,2)&"h", IF(F18<31536000, ROUND(F18/86400,2)&"d", ROUND(F18/31536000,2)&"y"))))) -> #N/A | H18: =LN(2)/F18 -> #N/A | I18: =60*6240000000000*C18*(1-EXP(-H18*2*3600)) -> #N/A | J18: =I18*EXP(-H18*10*3600) -> #N/A | K18: =E18 -> #N/A | L18: {=SUM(($J18*EXP(-$H18*24*3600*_xlfn.SEQUENCE(L$1-1))))+$J18} -> #N/A | M18: {=SUM(($J18*EXP(-$H18*24*3600*_xlfn.SEQUENCE(M$1-1))))+$J18} -> #N/A
... B44: 6013 | C44: 0.0010478212 | D44: =0 -> 0 | E44: =VLOOKUP(B44,Nuclides!A:E,5,FALSE) -> C13 | F44: =VLOOKUP(B44,Nuclides!A:E,4,FALSE) -> STABLE | G44: =IF(F44="STABLE", "STABLE", IF(F44<60, F44&"s", IF(F44<3600, ROUND(F44/60,2)&"min", IF(F44<86400, ROUND(F44/3600,2)&"h", IF(F44<31536000, ROUND(F44/86400,2)&"d", ROUND(F44/31536000,2)&"y"))))) -> STABLE | H44: =LN(2)/F44 -> #VALUE! | I44: =60*6240000000000*C44*(1-EXP(-H44*2*3600)) -> #VALUE! | J44: =I44*EXP(-H44*10*3600) -> #VALUE! | K44: =E44 -> C13 | L44: {=SUM(($J44*EXP(-$H44*24*3600*_xlfn.SEQUENCE(L$1-1))))+$J44} -> #VALUE! | M44: {=SUM(($J44*EXP(-$H44*24*3600*_xlfn.SEQUENCE(M$1-1))))+$J44} -> #VALUE!
B45: 6014 | C45: 1.1653046e-05 | D45: =0 -> 0 | E45: =VLOOKUP(B45,Nuclides!A:E,5,FALSE) -> C14 | F45: =VLOOKUP(B45,Nuclides!A:E,4,FALSE) -> 179878320000 | G45: =IF(F45="STABLE", "STABLE", IF(F45<60, F45&"s", IF(F45<3600, ROUND(F45/60,2)&"min", IF(F45<86400, ROUND(F45/3600,2)&"h", IF(F45<31536000, ROUND(F45/86400,2)&"d", ROUND(F45/31536000,2)&"y"))))) -> 5703.9y | H45: =LN(2)/F45 -> 3.8534226e-12 | I45: =60*6240000000000*C45*(1-EXP(-H45*2*3600)) -> 121.04711 | J45: =I45*EXP(-H45*10*3600) -> 121.0471 | K45: =E45 -> C14 | L45: {=SUM(($J45*EXP(-$H45*24*3600*_xlfn.SEQUENCE(L$1-1))))+$J45} -> 87143.478 | M45: {=SUM(($J45*EXP(-$H45*24*3600*_xlfn.SEQUENCE(M$1-1))))+$J45} -> 870495.47 | O45: =K45 -> C14 | P45: =M45 -> 870495.47 | Q45: =0 -> 0 | S45: =O45 -> C14 | T45: =G45 -> 5703.9y | U45: =P45 -> 870495.47 | V45: 中
B46: 6015 | C46: 0 | D46: =0 -> 0 | E46: =VLOOKUP(B46,Nuclides!A:E,5,FALSE) -> C15 | F46: =VLOOKUP(B46,Nuclides!A:E,4,FALSE) -> 2.449 | G46: =IF(F46="STABLE", "STABLE", IF(F46<60, F46&"s", IF(F46<3600, ROUND(F46/60,2)&"min", IF(F46<86400, ROUND(F46/3600,2)&"h", IF(F46<31536000, ROUND(F46/86400,2)&"d", ROUND(F46/31536000,2)&"y"))))) -> 2.449s | H46: =LN(2)/F46 -> 0.28303274 | I46: =60*6240000000000*C46*(1-EXP(-H46*2*3600)) -> 0 | J46: =I46*EXP(-H46*10*3600) -> 0 | K46: =E46 -> C15 | L46: {=SUM(($J46*EXP(-$H46*24*3600*_xlfn.SEQUENCE(L$1-1))))+$J46} -> 0 | M46: {=SUM(($J46*EXP(-$H46*24*3600*_xlfn.SEQUENCE(M$1-1))))+$J46} -> 0
B47: 6016 | C47: 0 | D47: =0 -> 0 | E47: =VLOOKUP(B47,Nuclides!A:E,5,FALSE) -> C16 | F47: =VLOOKUP(B47,Nuclides!A:E,4,FALSE) -> 0.747 | G47: =IF(F47="STABLE", "STABLE", IF(F47<60, F47&"s", IF(F47<3600, ROUND(F47/60,2)&"min", IF(F47<86400, ROUND(F47/3600,2)&"h", IF(F47<31536000, ROUND(F47/86400,2)&"d", ROUND(F47/31536000,2)&"y"))))) -> 0.747s | H47: =LN(2)/F47 -> 0.92790787 | I47: =60*6240000000000*C47*(1-EXP(-H47*2*3600)) -> 0 | J47: =I47*EXP(-H47*10*3600) -> 0 | K47: =E47 -> C16 | L47: {=SUM(($J47*EXP(-$H47*24*3600*_xlfn.SEQUENCE(L$1-1))))+$J47} -> 0 | M47: {=SUM(($J47*EXP(-$H47*24*3600*_xlfn.SEQUENCE(M$1-1))))+$J47} -> 0
B48: 6017 | C48: 0 | D48: =0 -> 0 | E48: =VLOOKUP(B48,Nuclides!A:E,5,FALSE) -> C17 | F48: =VLOOKUP(B48,Nuclides!A:E,4,FALSE) -> 0.191 | G48: =IF(F48="STABLE", "STABLE", IF(F48<60, F48&"s", IF(F48<3600, ROUND(F48/60,2)&"min", IF(F48<86400, ROUND(F48/3600,2)&"h", IF(F48<31536000, ROUND(F48/86400,2)&"d", ROUND(F48/31536000,2)&"y"))))) -> 0.191s | H48: =LN(2)/F48 -> 3.6290428 | I48: =60*6240000000000*C48*(1-EXP(-H48*2*3600)) -> 0 | J48: =I48*EXP(-H48*10*3600) -> 0 | K48: =E48 -> C17 | L48: {=SUM(($J48*EXP(-$H48*24*3600*_xlfn.SEQUENCE(L$1-1))))+$J48} -> 0 | M48: {=SUM(($J48*EXP(-$H48*24*3600*_xlfn.SEQUENCE(M$1-1))))+$J48} -> 0
B49: 6018 | C49: 0 | D49: =0 -> 0 | E49: =VLOOKUP(B49,Nuclides!A:E,5,FALSE) -> C18 | F49: =VLOOKUP(B49,Nuclides!A:E,4,FALSE) -> 0.092 | G49: =IF(F49="STABLE", "STABLE", IF(F49<60, F49&"s", IF(F49<3600, ROUND(F49/60,2)&"min", IF(F49<86400, ROUND(F49/3600,2)&"h", IF(F49<31536000, ROUND(F49/86400,2)&"d", ROUND(F49/31536000,2)&"y"))))) -> 0.092s | H49: =LN(2)/F49 -> 7.5342085 | I49: =60*6240000000000*C49*(1-EXP(-H49*2*3600)) -> 0 | J49: =I49*EXP(-H49*10*3600) -> 0 | K49: =E49 -> C18 | L49: {=SUM(($J49*EXP(-$H49*24*3600*_xlfn.SEQUENCE(L$1-1))))+$J49} -> 0 | M49: {=SUM(($J49*EXP(-$H49*24*3600*_xlfn.SEQUENCE(M$1-1))))+$J49} -> 0
B50: 6019 | C50: 0 | D50: =0 -> 0 | E50: =VLOOKUP(B50,Nuclides!A:E,5,FALSE) -> C19 | F50: =VLOOKUP(B50,Nuclides!A:E,4,FALSE) -> 0.0462 | G50: =IF(F50="STABLE", "STABLE", IF(F50<60, F50&"s", IF(F50<3600, ROUND(F50/60,2)&"min", IF(F50<86400, ROUND(F50/3600,2)&"h", IF(F50<31536000, ROUND(F50/86400,2)&"d", ROUND(F50/31536000,2)&"y"))))) -> 0.0462s | H50: =LN(2)/F50 -> 15.003186 | I50: =60*6240000000000*C50*(1-EXP(-H50*2*3600)) -> 0 | J50: =I50*EXP(-H50*10*3600) -> 0 | K50: =E50 -> C19 | L50: {=SUM(($J50*EXP(-$H50*24*3600*_xlfn.SEQUENCE(L$1-1))))+$J50} -> 0 | M50: {=SUM(($J50*EXP(-$H50*24*3600*_xlfn.SEQUENCE(M$1-1))))+$J50} -> 0
B51: 6020 | C51: 0 | D51: =0 -> 0 | E51: =VLOOKUP(B51,Nuclides!A:E,5,FALSE) -> C20 | F51: =VLOOKUP(B51,Nuclides!A:E,4,FALSE) -> 0.0162 | G51: =IF(F51="STABLE", "STABLE", IF(F51<60, F51&"s", IF(F51<3600, ROUND(F51/60,2)&"min", IF(F51<86400, ROUND(F51/3600,2)&"h", IF(F51<31536000, ROUND(F51/86400,2)&"d", ROUND(F51/31536000,2)&"y"))))) -> 0.0162s | H51: =LN(2)/F51 -> 42.786863 | I51: =60*6240000000000*C51*(1-EXP(-H51*2*3600)) -> 0 | J51: =I51*EXP(-H51*10*3600) -> 0 | K51: =E51 -> C20 | L51: {=SUM(($J51*EXP(-$H51*24*3600*_xlfn.SEQUENCE(L$1-1))))+$J51} -> 0 | M51: {=SUM(($J51*EXP(-$H51*24*3600*_xlfn.SEQUENCE(M$1-1))))+$J51} -> 0
B52: 7011 | C52: 0 | D52: =0 -> 0 | E52: =VLOOKUP(B52,Nuclides!A:E,5,FALSE) -> N11 | F52: =VLOOKUP(B52,Nuclides!A:E,4,FALSE) -> 5.4903614e-22 | G52: =IF(F52="STABLE", "STABLE", IF(F52<60, F52&"s", IF(F52<3600, ROUND(F52/60,2)&"min", IF(F52<86400, ROUND(F52/3600,2)&"h", IF(F52<31536000, ROUND(F52/86400,2)&"d", ROUND(F52/31536000,2)&"y"))))) -> 5.49036144578313E-22s | H52: =LN(2)/F52 -> 1.2624801e+21 | I52: =60*6240000000000*C52*(1-EXP(-H52*2*3600)) -> 0 | J52: =I52*EXP(-H52*10*3600) -> 0 | K52: =E52 -> N11 | L52: {=SUM(($J52*EXP(-$H52*24*3600*_xlfn.SEQUENCE(L$1-1))))+$J52} -> 0 | M52: {=SUM(($J52*EXP(-$H52*24*3600*_xlfn.SEQUENCE(M$1-1))))+$J52} -> 0
B53: 7012 | C53: 0 | D53: =0 -> 0 | E53: =VLOOKUP(B53,Nuclides!A:E,5,FALSE) -> N12 | F53: =VLOOKUP(B53,Nuclides!A:E,4,FALSE) -> 0.011 | G53: =IF(F53="STABLE", "STABLE", IF(F53<60, F53&"s", IF(F53<3600, ROUND(F53/60,2)&"min", IF(F53<86400, ROUND(F53/3600,2)&"h", IF(F53<31536000, ROUND(F53/86400,2)&"d", ROUND(F53/31536000,2)&"y"))))) -> 0.011s | H53: =LN(2)/F53 -> 63.01338 | I53: =60*6240000000000*C53*(1-EXP(-H53*2*3600)) -> 0 | J53: =I53*EXP(-H53*10*3600) -> 0 | K53: =E53 -> N12 | L53: {=SUM(($J53*EXP(-$H53*24*3600*_xlfn.SEQUENCE(L$1-1))))+$J53} -> 0 | M53: {=SUM(($J53*EXP(-$H53*24*3600*_xlfn.SEQUENCE(M$1-1))))+$J53} -> 0
B54: 7013 | C54: 0 | D54: =0 -> 0 | E54: =VLOOKUP(B54,Nuclides!A:E,5,FALSE) -> N13 | F54: =VLOOKUP(B54,Nuclides!A:E,4,FALSE) -> 597.9 | G54: =IF(F54="STABLE", "STABLE", IF(F54<60, F54&"s", IF(F54<3600, ROUND(F54/60,2)&"min", IF(F54<86400, ROUND(F54/3600,2)&"h", IF(F54<31536000, ROUND(F54/86400,2)&"d", ROUND(F54/31536000,2)&"y"))))) -> 9.97min | H54: =LN(2)/F54 -> 0.0011593029 | I54: =60*6240000000000*C54*(1-EXP(-H54*2*3600)) -> 0 | J54: =I54*EXP(-H54*10*3600) -> 0 | K54: =E54 -> N13 | L54: {=SUM(($J54*EXP(-$H54*24*3600*_xlfn.SEQUENCE(L$1-1))))+$J54} -> 0 | M54: {=SUM(($J54*EXP(-$H54*24*3600*_xlfn.SEQUENCE(M$1-1))))+$J54} -> 0
B55: 7014 | C55: 0 | D55: =0 -> 0 | E55: =VLOOKUP(B55,Nuclides!A:E,5,FALSE) -> N14 | F55: =VLOOKUP(B55,Nuclides!A:E,4,FALSE) -> STABLE | G55: =IF(F55="STABLE", "STABLE", IF(F55<60, F55&"s", IF(F55<3600, ROUND(F55/60,2)&"min", IF(F55<86400, ROUND(F55/3600,2)&"h", IF(F55<31536000, ROUND(F55/86400,2)&"d", ROUND(F55/31536000,2)&"y"))))) -> STABLE | H55: =LN(2)/F55 -> #VALUE! | I55: =60*6240000000000*C55*(1-EXP(-H55*2*3600)) -> #VALUE! | J55: =I55*EXP(-H55*10*3600) -> #VALUE! | K55: =E55 -> N14 | L55: {=SUM(($J55*EXP(-$H55*24*3600*_xlfn.SEQUENCE(L$1-1))))+$J55} -> #VALUE! | M55: {=SUM(($J55*EXP(-$H55*24*3600*_xlfn.SEQUENCE(M$1-1))))+$J55} -> #VALUE!
B56: 7015 | C56: 0 | D56: =0 -> 0 | E56: =VLOOKUP(B56,Nuclides!A:E,5,FALSE) -> N15 | F56: =VLOOKUP(B56,Nuclides!A:E,4,FALSE) -> STABLE | G56: =IF(F56="STABLE", "STABLE", IF(F56<60, F56&"s", IF(F56<3600, ROUND(F56/60,2)&"min", IF(F56<86400, ROUND(F56/3600,2)&"h", IF(F56<31536000, ROUND(F56/86400,2)&"d", ROUND(F56/31536000,2)&"y"))))) -> STABLE | H56: =LN(2)/F56 -> #VALUE! | I56: =60*6240000000000*C56*(1-EXP(-H56*2*3600)) -> #VALUE! | J56: =I56*EXP(-H56*10*3600) -> #VALUE! | K56: =E56 -> N15 | L56: {=SUM(($J56*EXP(-$H56*24*3600*_xlfn.SEQUENCE(L$1-1))))+$J56} -> #VALUE! | M56: {=SUM(($J56*EXP(-$H56*24*3600*_xlfn.SEQUENCE(M$1-1))))+$J56} -> #VALUE!
B57: 7016 | C57: 0 | D57: =0 -> 0 | E57: =VLOOKUP(B57,Nuclides!A:E,5,FALSE) -> N16 | F57: =VLOOKUP(B57,Nuclides!A:E,4,FALSE) -> 7.13 | G57: =IF(F57="STABLE", "STABLE", IF(F57<60, F57&"s", IF(F57<3600, ROUND(F57/60,2)&"min", IF(F57<86400, ROUND(F57/3600,2)&"h", IF(F57<31536000, ROUND(F57/86400,2)&"d", ROUND(F57/31536000,2)&"y"))))) -> 7.13s | H57: =LN(2)/F57 -> 0.097215593 | I57: =60*6240000000000*C57*(1-EXP(-H57*2*3600)) -> 0 | J57: =I57*EXP(-H57*10*3600) -> 0 | K57: =E57 -> N16 | L57: {=SUM(($J57*EXP(-$H57*24*3600*_xlfn.SEQUENCE(L$1-1))))+$J57} -> 0 | M57: {=SUM(($J57*EXP(-$H57*24*3600*_xlfn.SEQUENCE(M$1-1))))+$J57} -> 0
... B304: 24050 | C304: 0 | D304: =0 -> 0 | E304: =VLOOKUP(B304,Nuclides!A:E,5,FALSE) -> Cr50 | F304: =VLOOKUP(B304,Nuclides!A:E,4,FALSE) -> 4.102488e+25 | G304: =IF(F304="STABLE", "STABLE", IF(F304<60, F304&"s", IF(F304<3600, ROUND(F304/60,2)&"min", IF(F304<86400, ROUND(F304/3600,2)&"h", IF(F304<31536000, ROUND(F304/86400,2)&"d", ROUND(F304/31536000,2)&"y"))))) -> 1300890410958900000y | H304: =LN(2)/F304 -> 1.6895776e-26 | I304: =60*6240000000000*C304*(1-EXP(-H304*2*3600)) -> 0 | J304: =I304*EXP(-H304*10*3600) -> 0 | K304: =E304 -> Cr50 | L304: {=SUM(($J304*EXP(-$H304*24*3600*_xlfn.SEQUENCE(L$1-1))))+$J304} -> 0 | M304: {=SUM(($J304*EXP(-$H304*24*3600*_xlfn.SEQUENCE(M$1-1))))+$J304} -> 0
B305: 24051 | C305: 8.5804676e-08 | D305: =0 -> 0 | E305: =VLOOKUP(B305,Nuclides!A:E,5,FALSE) -> Cr51 | F305: =VLOOKUP(B305,Nuclides!A:E,4,FALSE) -> 2393496 | G305: =IF(F305="STABLE", "STABLE", IF(F305<60, F305&"s", IF(F305<3600, ROUND(F305/60,2)&"min", IF(F305<86400, ROUND(F305/3600,2)&"h", IF(F305<31536000, ROUND(F305/86400,2)&"d", ROUND(F305/31536000,2)&"y"))))) -> 27.7d | H305: =LN(2)/F305 -> 2.8959613e-07 | I305: =60*6240000000000*C305*(1-EXP(-H305*2*3600)) -> 66914.364 | J305: =I305*EXP(-H305*10*3600) -> 66220.375 | K305: =E305 -> Cr51 | L305: {=SUM(($J305*EXP(-$H305*24*3600*_xlfn.SEQUENCE(L$1-1))))+$J305} -> 2679828.9 | M305: {=SUM(($J305*EXP(-$H305*24*3600*_xlfn.SEQUENCE(M$1-1))))+$J305} -> 2679828.9 | O305: =K305 -> Cr51 | P305: =M305 -> 2679828.9 | Q305: =0 -> 0 | S305: =O305 -> Cr51 | T305: =G305 -> 27.7d | U305: =P305 -> 2679828.9 | V305: 低
B306: 24052 | C306: 0 | D306: =0 -> 0 | E306: =VLOOKUP(B306,Nuclides!A:E,5,FALSE) -> Cr52 | F306: =VLOOKUP(B306,Nuclides!A:E,4,FALSE) -> STABLE | G306: =IF(F306="STABLE", "STABLE", IF(F306<60, F306&"s", IF(F306<3600, ROUND(F306/60,2)&"min", IF(F306<86400, ROUND(F306/3600,2)&"h", IF(F306<31536000, ROUND(F306/86400,2)&"d", ROUND(F306/31536000,2)&"y"))))) -> STABLE | H306: =LN(2)/F306 -> #VALUE! | I306: =60*6240000000000*C306*(1-EXP(-H306*2*3600)) -> #VALUE! | J306: =I306*EXP(-H306*10*3600) -> #VALUE! | K306: =E306 -> Cr52 | L306: {=SUM(($J306*EXP(-$H306*24*3600*_xlfn.SEQUENCE(L$1-1))))+$J306} -> #VALUE! | M306: {=SUM(($J306*EXP(-$H306*24*3600*_xlfn.SEQUENCE(M$1-1))))+$J306} -> #VALUE!
B307: 24053 | C307: 1.3415656e-06 | D307: =0 -> 0 | E307: =VLOOKUP(B307,Nuclides!A:E,5,FALSE) -> Cr53 | F307: =VLOOKUP(B307,Nuclides!A:E,4,FALSE) -> STABLE | G307: =IF(F307="STABLE", "STABLE", IF(F307<60, F307&"s", IF(F307<3600, ROUND(F307/60,2)&"min", IF(F307<86400, ROUND(F307/3600,2)&"h", IF(F307<31536000, ROUND(F307/86400,2)&"d", ROUND(F307/31536000,2)&"y"))))) -> STABLE | H307: =LN(2)/F307 -> #VALUE! | I307: =60*6240000000000*C307*(1-EXP(-H307*2*3600)) -> #VALUE! | J307: =I307*EXP(-H307*10*3600) -> #VALUE! | K307: =E307 -> Cr53 | L307: {=SUM(($J307*EXP(-$H307*24*3600*_xlfn.SEQUENCE(L$1-1))))+$J307} -> #VALUE! | M307: {=SUM(($J307*EXP(-$H307*24*3600*_xlfn.SEQUENCE(M$1-1))))+$J307} -> #VALUE!
B308: 24054 | C308: 3.0932324e-08 | D308: =0 -> 0 | E308: =VLOOKUP(B308,Nuclides!A:E,5,FALSE) -> Cr54 | F308: =VLOOKUP(B308,Nuclides!A:E,4,FALSE) -> STABLE | G308: =IF(F308="STABLE", "STABLE", IF(F308<60, F308&"s", IF(F308<3600, ROUND(F308/60,2)&"min", IF(F308<86400, ROUND(F308/3600,2)&"h", IF(F308<31536000, ROUND(F308/86400,2)&"d", ROUND(F308/31536000,2)&"y"))))) -> STABLE | H308: =LN(2)/F308 -> #VALUE! | I308: =60*6240000000000*C308*(1-EXP(-H308*2*3600)) -> #VALUE! | J308: =I308*EXP(-H308*10*3600) -> #VALUE! | K308: =E308 -> Cr54 | L308: {=SUM(($J308*EXP(-$H308*24*3600*_xlfn.SEQUENCE(L$1-1))))+$J308} -> #VALUE! | M308: {=SUM(($J308*EXP(-$H308*24*3600*_xlfn.SEQUENCE(M$1-1))))+$J308} -> #VALUE!
B309: 24055 | C309: 4.1359223e-09 | D309: =0 -> 0 | E309: =VLOOKUP(B309,Nuclides!A:E,5,FALSE) -> Cr55 | F309: =VLOOKUP(B309,Nuclides!A:E,4,FALSE) -> 209.82 | G309: =IF(F309="STABLE", "STABLE", IF(F309<60, F309&"s", IF(F309<3600, ROUND(F309/60,2)&"min", IF(F309<86400, ROUND(F309/3600,2)&"h", IF(F309<31536000, ROUND(F309/86400,2)&"d", ROUND(F309/31536000,2)&"y"))))) -> 3.5min | H309: =LN(2)/F309 -> 0.0033035325 | I309: =60*6240000000000*C309*(1-EXP(-H309*2*3600)) -> 1548489.3 | J309: =I309*EXP(-H309*10*3600) -> 3.4713242e-46 | K309: =E309 -> Cr55 | L309: {=SUM(($J309*EXP(-$H309*24*3600*_xlfn.SEQUENCE(L$1-1))))+$J309} -> 3.4713242e-46 | M309: {=SUM(($J309*EXP(-$H309*24*3600*_xlfn.SEQUENCE(M$1-1))))+$J309} -> 3.4713242e-46
B310: 24056 | C310: 0 | D310: =0 -> 0 | E310: =VLOOKUP(B310,Nuclides!A:E,5,FALSE) -> Cr56 | F310: =VLOOKUP(B310,Nuclides!A:E,4,FALSE) -> 356.4 | G310: =IF(F310="STABLE", "STABLE", IF(F310<60, F310&"s", IF(F310<3600, ROUND(F310/60,2)&"min", IF(F310<86400, ROUND(F310/3600,2)&"h", IF(F310<31536000, ROUND(F310/86400,2)&"d", ROUND(F310/31536000,2)&"y"))))) -> 5.94min | H310: =LN(2)/F310 -> 0.0019448574 | I310: =60*6240000000000*C310*(1-EXP(-H310*2*3600)) -> 0 | J310: =I310*EXP(-H310*10*3600) -> 0 | K310: =E310 -> Cr56 | L310: {=SUM(($J310*EXP(-$H310*24*3600*_xlfn.SEQUENCE(L$1-1))))+$J310} -> 0 | M310: {=SUM(($J310*EXP(-$H310*24*3600*_xlfn.SEQUENCE(M$1-1))))+$J310} -> 0
B311: 24057 | C311: 0 | D311: =0 -> 0 | E311: =VLOOKUP(B311,Nuclides!A:E,5,FALSE) -> Cr57 | F311: =VLOOKUP(B311,Nuclides!A:E,4,FALSE) -> 21.1 | G311: =IF(F311="STABLE", "STABLE", IF(F311<60, F311&"s", IF(F311<3600, ROUND(F311/60,2)&"min", IF(F311<86400, ROUND(F311/3600,2)&"h", IF(F311<31536000, ROUND(F311/86400,2)&"d", ROUND(F311/31536000,2)&"y"))))) -> 21.1s | H311: =LN(2)/F311 -> 0.032850577 | I311: =60*6240000000000*C311*(1-EXP(-H311*2*3600)) -> 0 | J311: =I311*EXP(-H311*10*3600) -> 0 | K311: =E311 -> Cr57 | L311: {=SUM(($J311*EXP(-$H311*24*3600*_xlfn.SEQUENCE(L$1-1))))+$J311} -> 0 | M311: {=SUM(($J311*EXP(-$H311*24*3600*_xlfn.SEQUENCE(M$1-1))))+$J311} -> 0
B312: 24058 | C312: 0 | D312: =0 -> 0 | E312: =VLOOKUP(B312,Nuclides!A:E,5,FALSE) -> Cr58 | F312: =VLOOKUP(B312,Nuclides!A:E,4,FALSE) -> 7 | G312: =IF(F312="STABLE", "STABLE", IF(F312<60, F312&"s", IF(F312<3600, ROUND(F312/60,2)&"min", IF(F312<86400, ROUND(F312/3600,2)&"h", IF(F312<31536000, ROUND(F312/86400,2)&"d", ROUND(F312/31536000,2)&"y"))))) -> 7s | H312: =LN(2)/F312 -> 0.099021026 | I312: =60*6240000000000*C312*(1-EXP(-H312*2*3600)) -> 0 | J312: =I312*EXP(-H312*10*3600) -> 0 | K312: =E312 -> Cr58 | L312: {=SUM(($J312*EXP(-$H312*24*3600*_xlfn.SEQUENCE(L$1-1))))+$J312} -> 0 | M312: {=SUM(($J312*EXP(-$H312*24*3600*_xlfn.SEQUENCE(M$1-1))))+$J312} -> 0
B313: 24059 | C313: 0 | D313: =0 -> 0 | E313: =VLOOKUP(B313,Nuclides!A:E,5,FALSE) -> Cr59 | F313: =VLOOKUP(B313,Nuclides!A:E,4,FALSE) -> 1.05 | G313: =IF(F313="STABLE", "STABLE", IF(F313<60, F313&"s", IF(F313<3600, ROUND(F313/60,2)&"min", IF(F313<86400, ROUND(F313/3600,2)&"h", IF(F313<31536000, ROUND(F313/86400,2)&"d", ROUND(F313/31536000,2)&"y"))))) -> 1.05s | H313: =LN(2)/F313 -> 0.66014017 | I313: =60*6240000000000*C313*(1-EXP(-H313*2*3600)) -> 0 | J313: =I313*EXP(-H313*10*3600) -> 0 | K313: =E313 -> Cr59 | L313: {=SUM(($J313*EXP(-$H313*24*3600*_xlfn.SEQUENCE(L$1-1))))+$J313} -> 0 | M313: {=SUM(($J313*EXP(-$H313*24*3600*_xlfn.SEQUENCE(M$1-1))))+$J313} -> 0
B314: 25049 | C314: 0 | D314: =0 -> 0 | E314: =VLOOKUP(B314,Nuclides!A:E,5,FALSE) -> Mn49 | F314: =VLOOKUP(B314,Nuclides!A:E,4,FALSE) -> 0.382 | G314: =IF(F314="STABLE", "STABLE", IF(F314<60, F314&"s", IF(F314<3600, ROUND(F314/60,2)&"min", IF(F314<86400, ROUND(F314/3600,2)&"h", IF(F314<31536000, ROUND(F314/86400,2)&"d", ROUND(F314/31536000,2)&"y"))))) -> 0.382s | H314: =LN(2)/F314 -> 1.8145214 | I314: =60*6240000000000*C314*(1-EXP(-H314*2*3600)) -> 0 | J314: =I314*EXP(-H314*10*3600) -> 0 | K314: =E314 -> Mn49 | L314: {=SUM(($J314*EXP(-$H314*24*3600*_xlfn.SEQUENCE(L$1-1))))+$J314} -> 0 | M314: {=SUM(($J314*EXP(-$H314*24*3600*_xlfn.SEQUENCE(M$1-1))))+$J314} -> 0
B315: 25050 | C315: 0 | D315: =0 -> 0 | E315: =VLOOKUP(B315,Nuclides!A:E,5,FALSE) -> Mn50 | F315: =VLOOKUP(B315,Nuclides!A:E,4,FALSE) -> 0.28319 | G315: =IF(F315="STABLE", "STABLE", IF(F315<60, F315&"s", IF(F315<3600, ROUND(F315/60,2)&"min", IF(F315<86400, ROUND(F315/3600,2)&"h", IF(F315<31536000, ROUND(F315/86400,2)&"d", ROUND(F315/31536000,2)&"y"))))) -> 0.28319s | H315: =LN(2)/F315 -> 2.44764 | I315: =60*6240000000000*C315*(1-EXP(-H315*2*3600)) -> 0 | J315: =I315*EXP(-H315*10*3600) -> 0 | K315: =E315 -> Mn50 | L315: {=SUM(($J315*EXP(-$H315*24*3600*_xlfn.SEQUENCE(L$1-1))))+$J315} -> 0 | M315: {=SUM(($J315*EXP(-$H315*24*3600*_xlfn.SEQUENCE(M$1-1))))+$J315} -> 0
B316: 25051 | C316: 0 | D316: =0 -> 0 | E316: =VLOOKUP(B316,Nuclides!A:E,5,FALSE) -> Mn51 | F316: =VLOOKUP(B316,Nuclides!A:E,4,FALSE) -> 2772 | G316: =IF(F316="STABLE", "STABLE", IF(F316<60, F316&"s", IF(F316<3600, ROUND(F316/60,2)&"min", IF(F316<86400, ROUND(F316/3600,2)&"h", IF(F316<31536000, ROUND(F316/86400,2)&"d", ROUND(F316/31536000,2)&"y"))))) -> 46.2min | H316: =LN(2)/F316 -> 0.0002500531 | I316: =60*6240000000000*C316*(1-EXP(-H316*2*3600)) -> 0 | J316: =I316*EXP(-H316*10*3600) -> 0 | K316: =E316 -> Mn51 | L316: {=SUM(($J316*EXP(-$H316*24*3600*_xlfn.SEQUENCE(L$1-1))))+$J316} -> 0 | M316: {=SUM(($J316*EXP(-$H316*24*3600*_xlfn.SEQUENCE(M$1-1))))+$J316} -> 0
B317: 25052 | C317: 0 | D317: =0 -> 0 | E317: =VLOOKUP(B317,Nuclides!A:E,5,FALSE) -> Mn52 | F317: =VLOOKUP(B317,Nuclides!A:E,4,FALSE) -> 483062.4 | G317: =IF(F317="STABLE", "STABLE", IF(F317<60, F317&"s", IF(F317<3600, ROUND(F317/60,2)&"min", IF(F317<86400, ROUND(F317/3600,2)&"h", IF(F317<31536000, ROUND(F317/86400,2)&"d", ROUND(F317/31536000,2)&"y"))))) -> 5.59d | H317: =LN(2)/F317 -> 1.434902e-06 | I317: =60*6240000000000*C317*(1-EXP(-H317*2*3600)) -> 0 | J317: =I317*EXP(-H317*10*3600) -> 0 | K317: =E317 -> Mn52 | L317: {=SUM(($J317*EXP(-$H317*24*3600*_xlfn.SEQUENCE(L$1-1))))+$J317} -> 0 | M317: {=SUM(($J317*EXP(-$H317*24*3600*_xlfn.SEQUENCE(M$1-1))))+$J317} -> 0
B318: 25053 | C318: 0 | D318: =0 -> 0 | E318: =VLOOKUP(B318,Nuclides!A:E,5,FALSE) -> Mn53 | F318: =VLOOKUP(B318,Nuclides!A:E,4,FALSE) -> 118025424000000 | G318: =IF(F318="STABLE", "STABLE", IF(F318<60, F318&"s", IF(F318<3600, ROUND(F318/60,2)&"min", IF(F318<86400, ROUND(F318/3600,2)&"h", IF(F318<31536000, ROUND(F318/86400,2)&"d", ROUND(F318/31536000,2)&"y"))))) -> 3742561.64y | H318: =LN(2)/F318 -> 5.8728633e-15 | I318: =60*6240000000000*C318*(1-EXP(-H318*2*3600)) -> 0 | J318: =I318*EXP(-H318*10*3600) -> 0 | K318: =E318 -> Mn53 | L318: {=SUM(($J318*EXP(-$H318*24*3600*_xlfn.SEQUENCE(L$1-1))))+$J318} -> 0 | M318: {=SUM(($J318*EXP(-$H318*24*3600*_xlfn.SEQUENCE(M$1-1))))+$J318} -> 0
B319: 25054 | C319: 3.3158933e-06 | D319: =0 -> 0 | E319: =VLOOKUP(B319,Nuclides!A:E,5,FALSE) -> Mn54 | F319: =VLOOKUP(B319,Nuclides!A:E,4,FALSE) -> 26974080 | G319: =IF(F319="STABLE", "STABLE", IF(F319<60, F319&"s", IF(F319<3600, ROUND(F319/60,2)&"min", IF(F319<86400, ROUND(F319/3600,2)&"h", IF(F319<31536000, ROUND(F319/86400,2)&"d", ROUND(F319/31536000,2)&"y"))))) -> 312.2d | H319: =LN(2)/F319 -> 2.5696787e-08 | I319: =60*6240000000000*C319*(1-EXP(-H319*2*3600)) -> 229671.73 | J319: =I319*EXP(-H319*10*3600) -> 229459.36 | K319: =E319 -> Mn54 | L319: {=SUM(($J319*EXP(-$H319*24*3600*_xlfn.SEQUENCE(L$1-1))))+$J319} -> 82545712 | M319: {=SUM(($J319*EXP(-$H319*24*3600*_xlfn.SEQUENCE(M$1-1))))+$J319} -> 1.0346541e+08 | O319: =K319 -> Mn54 | P319: =M319 -> 1.0346541e+08 | Q319: =0 -> 0 | S319: =O319 -> Mn54 | T319: =G319 -> 312.2d | U319: =P319 -> 1.0346541e+08 | V319: 中
B320: 25055 | C320: 0 | D320: =0 -> 0 | E320: =VLOOKUP(B320,Nuclides!A:E,5,FALSE) -> Mn55 | F320: =VLOOKUP(B320,Nuclides!A:E,4,FALSE) -> STABLE | G320: =IF(F320="STABLE", "STABLE", IF(F320<60, F320&"s", IF(F320<3600, ROUND(F320/60,2)&"min", IF(F320<86400, ROUND(F320/3600,2)&"h", IF(F320<31536000, ROUND(F320/86400,2)&"d", ROUND(F320/31536000,2)&"y"))))) -> STABLE | H320: =LN(2)/F320 -> #VALUE! | I320: =60*6240000000000*C320*(1-EXP(-H320*2*3600)) -> #VALUE! | J320: =I320*EXP(-H320*10*3600) -> #VALUE! | K320: =E320 -> Mn55 | L320: {=SUM(($J320*EXP(-$H320*24*3600*_xlfn.SEQUENCE(L$1-1))))+$J320} -> #VALUE! | M320: {=SUM(($J320*EXP(-$H320*24*3600*_xlfn.SEQUENCE(M$1-1))))+$J320} -> #VALUE!
B321: 25056 | C321: 5.2280205e-05 | D321: =0 -> 0 | E321: =VLOOKUP(B321,Nuclides!A:E,5,FALSE) -> Mn56 | F321: =VLOOKUP(B321,Nuclides!A:E,4,FALSE) -> 9284.04 | G321: =IF(F321="STABLE", "STABLE", IF(F321<60, F321&"s", IF(F321<3600, ROUND(F321/60,2)&"min", IF(F321<86400, ROUND(F321/3600,2)&"h", IF(F321<31536000, ROUND(F321/86400,2)&"d", ROUND(F321/31536000,2)&"y"))))) -> 2.58h | H321: =LN(2)/F321 -> 7.4660081e-05 | I321: =60*6240000000000*C321*(1-EXP(-H321*2*3600)) -> 8.1392134e+09 | J321: =I321*EXP(-H321*10*3600) -> 5.5373482e+08 | K321: =E321 -> Mn56 | L321: {=SUM(($J321*EXP(-$H321*24*3600*_xlfn.SEQUENCE(L$1-1))))+$J321} -> 5.5461084e+08 | M321: {=SUM(($J321*EXP(-$H321*24*3600*_xlfn.SEQUENCE(M$1-1))))+$J321} -> 5.5461084e+08 | O321: =K321 -> Mn56 | P321: =M321 -> 5.5461084e+08 | Q321: =0 -> 0 | S321: =O321 -> Mn56 | T321: =G321 -> 2.58h | U321: =P321 -> 5.5461084e+08 | V321: 低
B322: 25057 | C322: 1.1946283e-06 | D322: =0 -> 0 | E322: =VLOOKUP(B322,Nuclides!A:E,5,FALSE) -> Mn57 | F322: =VLOOKUP(B322,Nuclides!A:E,4,FALSE) -> 85.4 | G322: =IF(F322="STABLE", "STABLE", IF(F322<60, F322&"s", IF(F322<3600, ROUND(F322/60,2)&"min", IF(F322<86400, ROUND(F322/3600,2)&"h", IF(F322<31536000, ROUND(F322/86400,2)&"d", ROUND(F322/31536000,2)&"y"))))) -> 1.42min | H322: =LN(2)/F322 -> 0.0081164775 | I322: =60*6240000000000*C322*(1-EXP(-H322*2*3600)) -> 4.4726884e+08 | J322: =I322*EXP(-H322*10*3600) -> 5.6581987e-119 | K322: =E322 -> Mn57 | L322: {=SUM(($J322*EXP(-$H322*24*3600*_xlfn.SEQUENCE(L$1-1))))+$J322} -> 5.6581987e-119 | M322: {=SUM(($J322*EXP(-$H322*24*3600*_xlfn.SEQUENCE(M$1-1))))+$J322} -> 5.6581987e-119
B323: 25058 | C323: 1.5991721e-07 | D323: =0 -> 0 | E323: =VLOOKUP(B323,Nuclides!A:E,5,FALSE) -> Mn58 | F323: =VLOOKUP(B323,Nuclides!A:E,4,FALSE) -> 3 | G323: =IF(F323="STABLE", "STABLE", IF(F323<60, F323&"s", IF(F323<3600, ROUND(F323/60,2)&"min", IF(F323<86400, ROUND(F323/3600,2)&"h", IF(F323<31536000, ROUND(F323/86400,2)&"d", ROUND(F323/31536000,2)&"y"))))) -> 3s | H323: =LN(2)/F323 -> 0.23104906 | I323: =60*6240000000000*C323*(1-EXP(-H323*2*3600)) -> 59873004 | J323: =I323*EXP(-H323*10*3600) -> 0 | K323: =E323 -> Mn58 | L323: {=SUM(($J323*EXP(-$H323*24*3600*_xlfn.SEQUENCE(L$1-1))))+$J323} -> 0 | M323: {=SUM(($J323*EXP(-$H323*24*3600*_xlfn.SEQUENCE(M$1-1))))+$J323} -> 0
B324: 25059 | C324: 0 | D324: =0 -> 0 | E324: =VLOOKUP(B324,Nuclides!A:E,5,FALSE) -> Mn59 | F324: =VLOOKUP(B324,Nuclides!A:E,4,FALSE) -> 4.59 | G324: =IF(F324="STABLE", "STABLE", IF(F324<60, F324&"s", IF(F324<3600, ROUND(F324/60,2)&"min", IF(F324<86400, ROUND(F324/3600,2)&"h", IF(F324<31536000, ROUND(F324/86400,2)&"d", ROUND(F324/31536000,2)&"y"))))) -> 4.59s | H324: =LN(2)/F324 -> 0.15101246 | I324: =60*6240000000000*C324*(1-EXP(-H324*2*3600)) -> 0 | J324: =I324*EXP(-H324*10*3600) -> 0 | K324: =E324 -> Mn59 | L324: {=SUM(($J324*EXP(-$H324*24*3600*_xlfn.SEQUENCE(L$1-1))))+$J324} -> 0 | M324: {=SUM(($J324*EXP(-$H324*24*3600*_xlfn.SEQUENCE(M$1-1))))+$J324} -> 0
B325: 25060 | C325: 0 | D325: =0 -> 0 | E325: =VLOOKUP(B325,Nuclides!A:E,5,FALSE) -> Mn60 | F325: =VLOOKUP(B325,Nuclides!A:E,4,FALSE) -> 0.28 | G325: =IF(F325="STABLE", "STABLE", IF(F325<60, F325&"s", IF(F325<3600, ROUND(F325/60,2)&"min", IF(F325<86400, ROUND(F325/3600,2)&"h", IF(F325<31536000, ROUND(F325/86400,2)&"d", ROUND(F325/31536000,2)&"y"))))) -> 0.28s | H325: =LN(2)/F325 -> 2.4755256 | I325: =60*6240000000000*C325*(1-EXP(-H325*2*3600)) -> 0 | J325: =I325*EXP(-H325*10*3600) -> 0 | K325: =E325 -> Mn60 | L325: {=SUM(($J325*EXP(-$H325*24*3600*_xlfn.SEQUENCE(L$1-1))))+$J325} -> 0 | M325: {=SUM(($J325*EXP(-$H325*24*3600*_xlfn.SEQUENCE(M$1-1))))+$J325} -> 0
B326: 25061 | C326: 0 | D326: =0 -> 0 | E326: =VLOOKUP(B326,Nuclides!A:E,5,FALSE) -> Mn61 | F326: =VLOOKUP(B326,Nuclides!A:E,4,FALSE) -> 0.709 | G326: =IF(F326="STABLE", "STABLE", IF(F326<60, F326&"s", IF(F326<3600, ROUND(F326/60,2)&"min", IF(F326<86400, ROUND(F326/3600,2)&"h", IF(F326<31536000, ROUND(F326/86400,2)&"d", ROUND(F326/31536000,2)&"y"))))) -> 0.709s | H326: =LN(2)/F326 -> 0.97764059 | I326: =60*6240000000000*C326*(1-EXP(-H326*2*3600)) -> 0 | J326: =I326*EXP(-H326*10*3600) -> 0 | K326: =E326 -> Mn61 | L326: {=SUM(($J326*EXP(-$H326*24*3600*_xlfn.SEQUENCE(L$1-1))))+$J326} -> 0 | M326: {=SUM(($J326*EXP(-$H326*24*3600*_xlfn.SEQUENCE(M$1-1))))+$J326} -> 0
B327: 25062 | C327: 0 | D327: =0 -> 0 | E327: =VLOOKUP(B327,Nuclides!A:E,5,FALSE) -> Mn62 | F327: =VLOOKUP(B327,Nuclides!A:E,4,FALSE) -> 0.092 | G327: =IF(F327="STABLE", "STABLE", IF(F327<60, F327&"s", IF(F327<3600, ROUND(F327/60,2)&"min", IF(F327<86400, ROUND(F327/3600,2)&"h", IF(F327<31536000, ROUND(F327/86400,2)&"d", ROUND(F327/31536000,2)&"y"))))) -> 0.092s | H327: =LN(2)/F327 -> 7.5342085 | I327: =60*6240000000000*C327*(1-EXP(-H327*2*3600)) -> 0 | J327: =I327*EXP(-H327*10*3600) -> 0 | K327: =E327 -> Mn62 | L327: {=SUM(($J327*EXP(-$H327*24*3600*_xlfn.SEQUENCE(L$1-1))))+$J327} -> 0 | M327: {=SUM(($J327*EXP(-$H327*24*3600*_xlfn.SEQUENCE(M$1-1))))+$J327} -> 0
B328: 26049 | C328: 0 | D328: =0 -> 0 | E328: =VLOOKUP(B328,Nuclides!A:E,5,FALSE) -> Fe49 | F328: =VLOOKUP(B328,Nuclides!A:E,4,FALSE) -> 0.0647 | G328: =IF(F328="STABLE", "STABLE", IF(F328<60, F328&"s", IF(F328<3600, ROUND(F328/60,2)&"min", IF(F328<86400, ROUND(F328/3600,2)&"h", IF(F328<31536000, ROUND(F328/86400,2)&"d", ROUND(F328/31536000,2)&"y"))))) -> 0.0647s | H328: =LN(2)/F328 -> 10.713249 | I328: =60*6240000000000*C328*(1-EXP(-H328*2*3600)) -> 0 | J328: =I328*EXP(-H328*10*3600) -> 0 | K328: =E328 -> Fe49 | L328: {=SUM(($J328*EXP(-$H328*24*3600*_xlfn.SEQUENCE(L$1-1))))+$J328} -> 0 | M328: {=SUM(($J328*EXP(-$H328*24*3600*_xlfn.SEQUENCE(M$1-1))))+$J328} -> 0
B329: 26050 | C329: 0 | D329: =0 -> 0 | E329: =VLOOKUP(B329,Nuclides!A:E,5,FALSE) -> Fe50 | F329: =VLOOKUP(B329,Nuclides!A:E,4,FALSE) -> 0.155 | G329: =IF(F329="STABLE", "STABLE", IF(F329<60, F329&"s", IF(F329<3600, ROUND(F329/60,2)&"min", IF(F329<86400, ROUND(F329/3600,2)&"h", IF(F329<31536000, ROUND(F329/86400,2)&"d", ROUND(F329/31536000,2)&"y"))))) -> 0.155s | H329: =LN(2)/F329 -> 4.4719173 | I329: =60*6240000000000*C329*(1-EXP(-H329*2*3600)) -> 0 | J329: =I329*EXP(-H329*10*3600) -> 0 | K329: =E329 -> Fe50 | L329: {=SUM(($J329*EXP(-$H329*24*3600*_xlfn.SEQUENCE(L$1-1))))+$J329} -> 0 | M329: {=SUM(($J329*EXP(-$H329*24*3600*_xlfn.SEQUENCE(M$1-1))))+$J329} -> 0
B330: 26051 | C330: 0 | D330: =0 -> 0 | E330: =VLOOKUP(B330,Nuclides!A:E,5,FALSE) -> Fe51 | F330: =VLOOKUP(B330,Nuclides!A:E,4,FALSE) -> 0.305 | G330: =IF(F330="STABLE", "STABLE", IF(F330<60, F330&"s", IF(F330<3600, ROUND(F330/60,2)&"min", IF(F330<86400, ROUND(F330/3600,2)&"h", IF(F330<31536000, ROUND(F330/86400,2)&"d", ROUND(F330/31536000,2)&"y"))))) -> 0.305s | H330: =LN(2)/F330 -> 2.2726137 | I330: =60*6240000000000*C330*(1-EXP(-H330*2*3600)) -> 0 | J330: =I330*EXP(-H330*10*3600) -> 0 | K330: =E330 -> Fe51 | L330: {=SUM(($J330*EXP(-$H330*24*3600*_xlfn.SEQUENCE(L$1-1))))+$J330} -> 0 | M330: {=SUM(($J330*EXP(-$H330*24*3600*_xlfn.SEQUENCE(M$1-1))))+$J330} -> 0
B331: 26052 | C331: 0 | D331: =0 -> 0 | E331: =VLOOKUP(B331,Nuclides!A:E,5,FALSE) -> Fe52 | F331: =VLOOKUP(B331,Nuclides!A:E,4,FALSE) -> 29790 | G331: =IF(F331="STABLE", "STABLE", IF(F331<60, F331&"s", IF(F331<3600, ROUND(F331/60,2)&"min", IF(F331<86400, ROUND(F331/3600,2)&"h", IF(F331<31536000, ROUND(F331/86400,2)&"d", ROUND(F331/31536000,2)&"y"))))) -> 8.28h | H331: =LN(2)/F331 -> 2.326778e-05 | I331: =60*6240000000000*C331*(1-EXP(-H331*2*3600)) -> 0 | J331: =I331*EXP(-H331*10*3600) -> 0 | K331: =E331 -> Fe52 | L331: {=SUM(($J331*EXP(-$H331*24*3600*_xlfn.SEQUENCE(L$1-1))))+$J331} -> 0 | M331: {=SUM(($J331*EXP(-$H331*24*3600*_xlfn.SEQUENCE(M$1-1))))+$J331} -> 0
B332: 26053 | C332: 0 | D332: =0 -> 0 | E332: =VLOOKUP(B332,Nuclides!A:E,5,FALSE) -> Fe53 | F332: =VLOOKUP(B332,Nuclides!A:E,4,FALSE) -> 510.6 | G332: =IF(F332="STABLE", "STABLE", IF(F332<60, F332&"s", IF(F332<3600, ROUND(F332/60,2)&"min", IF(F332<86400, ROUND(F332/3600,2)&"h", IF(F332<31536000, ROUND(F332/86400,2)&"d", ROUND(F332/31536000,2)&"y"))))) -> 8.51min | H332: =LN(2)/F332 -> 0.001357515 | I332: =60*6240000000000*C332*(1-EXP(-H332*2*3600)) -> 0 | J332: =I332*EXP(-H332*10*3600) -> 0 | K332: =E332 -> Fe53 | L332: {=SUM(($J332*EXP(-$H332*24*3600*_xlfn.SEQUENCE(L$1-1))))+$J332} -> 0 | M332: {=SUM(($J332*EXP(-$H332*24*3600*_xlfn.SEQUENCE(M$1-1))))+$J332} -> 0
B333: 26054 | C333: 0 | D333: =0 -> 0 | E333: =VLOOKUP(B333,Nuclides!A:E,5,FALSE) -> Fe54 | F333: =VLOOKUP(B333,Nuclides!A:E,4,FALSE) -> STABLE | G333: =IF(F333="STABLE", "STABLE", IF(F333<60, F333&"s", IF(F333<3600, ROUND(F333/60,2)&"min", IF(F333<86400, ROUND(F333/3600,2)&"h", IF(F333<31536000, ROUND(F333/86400,2)&"d", ROUND(F333/31536000,2)&"y"))))) -> STABLE | H333: =LN(2)/F333 -> #VALUE! | I333: =60*6240000000000*C333*(1-EXP(-H333*2*3600)) -> #VALUE! | J333: =I333*EXP(-H333*10*3600) -> #VALUE! | K333: =E333 -> Fe54 | L333: {=SUM(($J333*EXP(-$H333*24*3600*_xlfn.SEQUENCE(L$1-1))))+$J333} -> #VALUE! | M333: {=SUM(($J333*EXP(-$H333*24*3600*_xlfn.SEQUENCE(M$1-1))))+$J333} -> #VALUE!
B334: 26055 | C334: 0.0087162983 | D334: =0 -> 0 | E334: =VLOOKUP(B334,Nuclides!A:E,5,FALSE) -> Fe55 | F334: =VLOOKUP(B334,Nuclides!A:E,4,FALSE) -> 86594054 | G334: =IF(F334="STABLE", "STABLE", IF(F334<60, F334&"s", IF(F334<3600, ROUND(F334/60,2)&"min", IF(F334<86400, ROUND(F334/3600,2)&"h", IF(F334<31536000, ROUND(F334/86400,2)&"d", ROUND(F334/31536000,2)&"y"))))) -> 2.75y | H334: =LN(2)/F334 -> 8.0045586e-09 | I334: =60*6240000000000*C334*(1-EXP(-H334*2*3600)) -> 1.880725e+08 | J334: =I334*EXP(-H334*10*3600) -> 1.8801831e+08 | K334: =E334 -> Fe55 | L334: {=SUM(($J334*EXP(-$H334*24*3600*_xlfn.SEQUENCE(L$1-1))))+$J334} -> 1.0666759e+11 | M334: {=SUM(($J334*EXP(-$H334*24*3600*_xlfn.SEQUENCE(M$1-1))))+$J334} -> 2.7008591e+11 | O334: =K334 -> Fe55 | P334: =M334 -> 2.7008591e+11 | Q334: =0 -> 0 | S334: =O334 -> Fe55 | T334: =G334 -> 2.75y | U334: =P334 -> 2.7008591e+11 | V334: 中
B335: 26056 | C335: 0 | D335: =0 -> 0 | E335: =VLOOKUP(B335,Nuclides!A:E,5,FALSE) -> Fe56 | F335: =VLOOKUP(B335,Nuclides!A:E,4,FALSE) -> STABLE | G335: =IF(F335="STABLE", "STABLE", IF(F335<60, F335&"s", IF(F335<3600, ROUND(F335/60,2)&"min", IF(F335<86400, ROUND(F335/3600,2)&"h", IF(F335<31536000, ROUND(F335/86400,2)&"d", ROUND(F335/31536000,2)&"y"))))) -> STABLE | H335: =LN(2)/F335 -> #VALUE! | I335: =60*6240000000000*C335*(1-EXP(-H335*2*3600)) -> #VALUE! | J335: =I335*EXP(-H335*10*3600) -> #VALUE! | K335: =E335 -> Fe56 | L335: {=SUM(($J335*EXP(-$H335*24*3600*_xlfn.SEQUENCE(L$1-1))))+$J335} -> #VALUE! | M335: {=SUM(($J335*EXP(-$H335*24*3600*_xlfn.SEQUENCE(M$1-1))))+$J335} -> #VALUE!
B336: 26057 | C336: 0.13749073 | D336: =0 -> 0 | E336: =VLOOKUP(B336,Nuclides!A:E,5,FALSE) -> Fe57 | F336: =VLOOKUP(B336,Nuclides!A:E,4,FALSE) -> STABLE | G336: =IF(F336="STABLE", "STABLE", IF(F336<60, F336&"s", IF(F336<3600, ROUND(F336/60,2)&"min", IF(F336<86400, ROUND(F336/3600,2)&"h", IF(F336<31536000, ROUND(F336/86400,2)&"d", ROUND(F336/31536000,2)&"y"))))) -> STABLE | H336: =LN(2)/F336 -> #VALUE! | I336: =60*6240000000000*C336*(1-EXP(-H336*2*3600)) -> #VALUE! | J336: =I336*EXP(-H336*10*3600) -> #VALUE! | K336: =E336 -> Fe57 | L336: {=SUM(($J336*EXP(-$H336*24*3600*_xlfn.SEQUENCE(L$1-1))))+$J336} -> #VALUE! | M336: {=SUM(($J336*EXP(-$H336*24*3600*_xlfn.SEQUENCE(M$1-1))))+$J336} -> #VALUE!
B337: 26058 | C337: 0.0031453119 | D337: =0 -> 0 | E337: =VLOOKUP(B337,Nuclides!A:E,5,FALSE) -> Fe58 | F337: =VLOOKUP(B337,Nuclides!A:E,4,FALSE) -> STABLE | G337: =IF(F337="STABLE", "STABLE", IF(F337<60, F337&"s", IF(F337<3600, ROUND(F337/60,2)&"min", IF(F337<86400, ROUND(F337/3600,2)&"h", IF(F337<31536000, ROUND(F337/86400,2)&"d", ROUND(F337/31536000,2)&"y"))))) -> STABLE | H337: =LN(2)/F337 -> #VALUE! | I337: =60*6240000000000*C337*(1-EXP(-H337*2*3600)) -> #VALUE! | J337: =I337*EXP(-H337*10*3600) -> #VALUE! | K337: =E337 -> Fe58 | L337: {=SUM(($J337*EXP(-$H337*24*3600*_xlfn.SEQUENCE(L$1-1))))+$J337} -> #VALUE! | M337: {=SUM(($J337*EXP(-$H337*24*3600*_xlfn.SEQUENCE(M$1-1))))+$J337} -> #VALUE!
B338: 26059 | C338: 0.00041946646 | D338: =0 -> 0 | E338: =VLOOKUP(B338,Nuclides!A:E,5,FALSE) -> Fe59 | F338: =VLOOKUP(B338,Nuclides!A:E,4,FALSE) -> 3844368 | G338: =IF(F338="STABLE", "STABLE", IF(F338<60, F338&"s", IF(F338<3600, ROUND(F338/60,2)&"min", IF(F338<86400, ROUND(F338/3600,2)&"h", IF(F338<31536000, ROUND(F338/86400,2)&"d", ROUND(F338/31536000,2)&"y"))))) -> 44.5d | H338: =LN(2)/F338 -> 1.8030198e-07 | I338: =60*6240000000000*C338*(1-EXP(-H338*2*3600)) -> 2.0374372e+08 | J338: =I338*EXP(-H338*10*3600) -> 2.0242552e+08 | K338: =E338 -> Fe59 | L338: {=SUM(($J338*EXP(-$H338*24*3600*_xlfn.SEQUENCE(L$1-1))))+$J338} -> 1.3095544e+10 | M338: {=SUM(($J338*EXP(-$H338*24*3600*_xlfn.SEQUENCE(M$1-1))))+$J338} -> 1.309572e+10 | O338: =K338 -> Fe59 | P338: =M338 -> 1.309572e+10 | Q338: =0 -> 0 | S338: =O338 -> Fe59 | T338: =G338 -> 44.5d | U338: =P338 -> 1.309572e+10 | V338: 中
B339: 26060 | C339: 0 | D339: =0 -> 0 | E339: =VLOOKUP(B339,Nuclides!A:E,5,FALSE) -> Fe60 | F339: =VLOOKUP(B339,Nuclides!A:E,4,FALSE) -> 82680912000000 | G339: =IF(F339="STABLE", "STABLE", IF(F339<60, F339&"s", IF(F339<3600, ROUND(F339/60,2)&"min", IF(F339<86400, ROUND(F339/3600,2)&"h", IF(F339<31536000, ROUND(F339/86400,2)&"d", ROUND(F339/31536000,2)&"y"))))) -> 2621794.52y | H339: =LN(2)/F339 -> 8.3834003e-15 | I339: =60*6240000000000*C339*(1-EXP(-H339*2*3600)) -> 0 | J339: =I339*EXP(-H339*10*3600) -> 0 | K339: =E339 -> Fe60 | L339: {=SUM(($J339*EXP(-$H339*24*3600*_xlfn.SEQUENCE(L$1-1))))+$J339} -> 0 | M339: {=SUM(($J339*EXP(-$H339*24*3600*_xlfn.SEQUENCE(M$1-1))))+$J339} -> 0
B340: 26061 | C340: 0 | D340: =0 -> 0 | E340: =VLOOKUP(B340,Nuclides!A:E,5,FALSE) -> Fe61 | F340: =VLOOKUP(B340,Nuclides!A:E,4,FALSE) -> 358.8 | G340: =IF(F340="STABLE", "STABLE", IF(F340<60, F340&"s", IF(F340<3600, ROUND(F340/60,2)&"min", IF(F340<86400, ROUND(F340/3600,2)&"h", IF(F340<31536000, ROUND(F340/86400,2)&"d", ROUND(F340/31536000,2)&"y"))))) -> 5.98min | H340: =LN(2)/F340 -> 0.0019318483 | I340: =60*6240000000000*C340*(1-EXP(-H340*2*3600)) -> 0 | J340: =I340*EXP(-H340*10*3600) -> 0 | K340: =E340 -> Fe61 | L340: {=SUM(($J340*EXP(-$H340*24*3600*_xlfn.SEQUENCE(L$1-1))))+$J340} -> 0 | M340: {=SUM(($J340*EXP(-$H340*24*3600*_xlfn.SEQUENCE(M$1-1))))+$J340} -> 0
B341: 26062 | C341: 0 | D341: =0 -> 0 | E341: =VLOOKUP(B341,Nuclides!A:E,5,FALSE) -> Fe62 | F341: =VLOOKUP(B341,Nuclides!A:E,4,FALSE) -> 68 | G341: =IF(F341="STABLE", "STABLE", IF(F341<60, F341&"s", IF(F341<3600, ROUND(F341/60,2)&"min", IF(F341<86400, ROUND(F341/3600,2)&"h", IF(F341<31536000, ROUND(F341/86400,2)&"d", ROUND(F341/31536000,2)&"y"))))) -> 1.13min | H341: =LN(2)/F341 -> 0.010193341 | I341: =60*6240000000000*C341*(1-EXP(-H341*2*3600)) -> 0 | J341: =I341*EXP(-H341*10*3600) -> 0 | K341: =E341 -> Fe62 | L341: {=SUM(($J341*EXP(-$H341*24*3600*_xlfn.SEQUENCE(L$1-1))))+$J341} -> 0 | M341: {=SUM(($J341*EXP(-$H341*24*3600*_xlfn.SEQUENCE(M$1-1))))+$J341} -> 0
B342: 26063 | C342: 0 | D342: =0 -> 0 | E342: =VLOOKUP(B342,Nuclides!A:E,5,FALSE) -> Fe63 | F342: =VLOOKUP(B342,Nuclides!A:E,4,FALSE) -> 6.1 | G342: =IF(F342="STABLE", "STABLE", IF(F342<60, F342&"s", IF(F342<3600, ROUND(F342/60,2)&"min", IF(F342<86400, ROUND(F342/3600,2)&"h", IF(F342<31536000, ROUND(F342/86400,2)&"d", ROUND(F342/31536000,2)&"y"))))) -> 6.1s | H342: =LN(2)/F342 -> 0.11363069 | I342: =60*6240000000000*C342*(1-EXP(-H342*2*3600)) -> 0 | J342: =I342*EXP(-H342*10*3600) -> 0 | K342: =E342 -> Fe63 | L342: {=SUM(($J342*EXP(-$H342*24*3600*_xlfn.SEQUENCE(L$1-1))))+$J342} -> 0 | M342: {=SUM(($J342*EXP(-$H342*24*3600*_xlfn.SEQUENCE(M$1-1))))+$J342} -> 0
B343: 26064 | C343: 0 | D343: =0 -> 0 | E343: =VLOOKUP(B343,Nuclides!A:E,5,FALSE) -> Fe64 | F343: =VLOOKUP(B343,Nuclides!A:E,4,FALSE) -> 2 | G343: =IF(F343="STABLE", "STABLE", IF(F343<60, F343&"s", IF(F343<3600, ROUND(F343/60,2)&"min", IF(F343<86400, ROUND(F343/3600,2)&"h", IF(F343<31536000, ROUND(F343/86400,2)&"d", ROUND(F343/31536000,2)&"y"))))) -> 2s | H343: =LN(2)/F343 -> 0.34657359 | I343: =60*6240000000000*C343*(1-EXP(-H343*2*3600)) -> 0 | J343: =I343*EXP(-H343*10*3600) -> 0 | K343: =E343 -> Fe64 | L343: {=SUM(($J343*EXP(-$H343*24*3600*_xlfn.SEQUENCE(L$1-1))))+$J343} -> 0 | M343: {=SUM(($J343*EXP(-$H343*24*3600*_xlfn.SEQUENCE(M$1-1))))+$J343} -> 0
B344: 27053 | C344: 0 | D344: =0 -> 0 | E344: =VLOOKUP(B344,Nuclides!A:E,5,FALSE) -> Co53 | F344: =VLOOKUP(B344,Nuclides!A:E,4,FALSE) -> 0.24 | G344: =IF(F344="STABLE", "STABLE", IF(F344<60, F344&"s", IF(F344<3600, ROUND(F344/60,2)&"min", IF(F344<86400, ROUND(F344/3600,2)&"h", IF(F344<31536000, ROUND(F344/86400,2)&"d", ROUND(F344/31536000,2)&"y"))))) -> 0.24s | H344: =LN(2)/F344 -> 2.8881133 | I344: =60*6240000000000*C344*(1-EXP(-H344*2*3600)) -> 0 | J344: =I344*EXP(-H344*10*3600) -> 0 | K344: =E344 -> Co53 | L344: {=SUM(($J344*EXP(-$H344*24*3600*_xlfn.SEQUENCE(L$1-1))))+$J344} -> 0 | M344: {=SUM(($J344*EXP(-$H344*24*3600*_xlfn.SEQUENCE(M$1-1))))+$J344} -> 0
B345: 27054 | C345: 0 | D345: =0 -> 0 | E345: =VLOOKUP(B345,Nuclides!A:E,5,FALSE) -> Co54 | F345: =VLOOKUP(B345,Nuclides!A:E,4,FALSE) -> 0.193 | G345: =IF(F345="STABLE", "STABLE", IF(F345<60, F345&"s", IF(F345<3600, ROUND(F345/60,2)&"min", IF(F345<86400, ROUND(F345/3600,2)&"h", IF(F345<31536000, ROUND(F345/86400,2)&"d", ROUND(F345/31536000,2)&"y"))))) -> 0.193s | H345: =LN(2)/F345 -> 3.5914362 | I345: =60*6240000000000*C345*(1-EXP(-H345*2*3600)) -> 0 | J345: =I345*EXP(-H345*10*3600) -> 0 | K345: =E345 -> Co54 | L345: {=SUM(($J345*EXP(-$H345*24*3600*_xlfn.SEQUENCE(L$1-1))))+$J345} -> 0 | M345: {=SUM(($J345*EXP(-$H345*24*3600*_xlfn.SEQUENCE(M$1-1))))+$J345} -> 0
B346: 27055 | C346: 0 | D346: =0 -> 0 | E346: =VLOOKUP(B346,Nuclides!A:E,5,FALSE) -> Co55 | F346: =VLOOKUP(B346,Nuclides!A:E,4,FALSE) -> 63108 | G346: =IF(F346="STABLE", "STABLE", IF(F346<60, F346&"s", IF(F346<3600, ROUND(F346/60,2)&"min", IF(F346<86400, ROUND(F346/3600,2)&"h", IF(F346<31536000, ROUND(F346/86400,2)&"d", ROUND(F346/31536000,2)&"y"))))) -> 17.53h | H346: =LN(2)/F346 -> 1.0983507e-05 | I346: =60*6240000000000*C346*(1-EXP(-H346*2*3600)) -> 0 | J346: =I346*EXP(-H346*10*3600) -> 0 | K346: =E346 -> Co55 | L346: {=SUM(($J346*EXP(-$H346*24*3600*_xlfn.SEQUENCE(L$1-1))))+$J346} -> 0 | M346: {=SUM(($J346*EXP(-$H346*24*3600*_xlfn.SEQUENCE(M$1-1))))+$J346} -> 0
B347: 27056 | C347: 0 | D347: =0 -> 0 | E347: =VLOOKUP(B347,Nuclides!A:E,5,FALSE) -> Co56 | F347: =VLOOKUP(B347,Nuclides!A:E,4,FALSE) -> 6673190.4 | G347: =IF(F347="STABLE", "STABLE", IF(F347<60, F347&"s", IF(F347<3600, ROUND(F347/60,2)&"min", IF(F347<86400, ROUND(F347/3600,2)&"h", IF(F347<31536000, ROUND(F347/86400,2)&"d", ROUND(F347/31536000,2)&"y"))))) -> 77.24d | H347: =LN(2)/F347 -> 1.0387043e-07 | I347: =60*6240000000000*C347*(1-EXP(-H347*2*3600)) -> 0 | J347: =I347*EXP(-H347*10*3600) -> 0 | K347: =E347 -> Co56 | L347: {=SUM(($J347*EXP(-$H347*24*3600*_xlfn.SEQUENCE(L$1-1))))+$J347} -> 0 | M347: {=SUM(($J347*EXP(-$H347*24*3600*_xlfn.SEQUENCE(M$1-1))))+$J347} -> 0
B348: 27057 | C348: 0 | D348: =0 -> 0 | E348: =VLOOKUP(B348,Nuclides!A:E,5,FALSE) -> Co57 | F348: =VLOOKUP(B348,Nuclides!A:E,4,FALSE) -> 23478336 | G348: =IF(F348="STABLE", "STABLE", IF(F348<60, F348&"s", IF(F348<3600, ROUND(F348/60,2)&"min", IF(F348<86400, ROUND(F348/3600,2)&"h", IF(F348<31536000, ROUND(F348/86400,2)&"d", ROUND(F348/31536000,2)&"y"))))) -> 271.74d | H348: =LN(2)/F348 -> 2.9522841e-08 | I348: =60*6240000000000*C348*(1-EXP(-H348*2*3600)) -> 0 | J348: =I348*EXP(-H348*10*3600) -> 0 | K348: =E348 -> Co57 | L348: {=SUM(($J348*EXP(-$H348*24*3600*_xlfn.SEQUENCE(L$1-1))))+$J348} -> 0 | M348: {=SUM(($J348*EXP(-$H348*24*3600*_xlfn.SEQUENCE(M$1-1))))+$J348} -> 0
B349: 27058 | C349: 0 | D349: =0 -> 0 | E349: =VLOOKUP(B349,Nuclides!A:E,5,FALSE) -> Co58 | F349: =VLOOKUP(B349,Nuclides!A:E,4,FALSE) -> 6122304 | G349: =IF(F349="STABLE", "STABLE", IF(F349<60, F349&"s", IF(F349<3600, ROUND(F349/60,2)&"min", IF(F349<86400, ROUND(F349/3600,2)&"h", IF(F349<31536000, ROUND(F349/86400,2)&"d", ROUND(F349/31536000,2)&"y"))))) -> 70.86d | H349: =LN(2)/F349 -> 1.1321672e-07 | I349: =60*6240000000000*C349*(1-EXP(-H349*2*3600)) -> 0 | J349: =I349*EXP(-H349*10*3600) -> 0 | K349: =E349 -> Co58 | L349: {=SUM(($J349*EXP(-$H349*24*3600*_xlfn.SEQUENCE(L$1-1))))+$J349} -> 0 | M349: {=SUM(($J349*EXP(-$H349*24*3600*_xlfn.SEQUENCE(M$1-1))))+$J349} -> 0
B350: 27059 | C350: 0 | D350: =0 -> 0 | E350: =VLOOKUP(B350,Nuclides!A:E,5,FALSE) -> Co59 | F350: =VLOOKUP(B350,Nuclides!A:E,4,FALSE) -> STABLE | G350: =IF(F350="STABLE", "STABLE", IF(F350<60, F350&"s", IF(F350<3600, ROUND(F350/60,2)&"min", IF(F350<86400, ROUND(F350/3600,2)&"h", IF(F350<31536000, ROUND(F350/86400,2)&"d", ROUND(F350/31536000,2)&"y"))))) -> STABLE | H350: =LN(2)/F350 -> #VALUE! | I350: =60*6240000000000*C350*(1-EXP(-H350*2*3600)) -> #VALUE! | J350: =I350*EXP(-H350*10*3600) -> #VALUE! | K350: =E350 -> Co59 | L350: {=SUM(($J350*EXP(-$H350*24*3600*_xlfn.SEQUENCE(L$1-1))))+$J350} -> #VALUE! | M350: {=SUM(($J350*EXP(-$H350*24*3600*_xlfn.SEQUENCE(M$1-1))))+$J350} -> #VALUE!
B351: 27060 | C351: 6.81376e-10 | D351: =0 -> 0 | E351: =VLOOKUP(B351,Nuclides!A:E,5,FALSE) -> Co60 | F351: =VLOOKUP(B351,Nuclides!A:E,4,FALSE) -> 166344192 | G351: =IF(F351="STABLE", "STABLE", IF(F351<60, F351&"s", IF(F351<3600, ROUND(F351/60,2)&"min", IF(F351<86400, ROUND(F351/3600,2)&"h", IF(F351<31536000, ROUND(F351/86400,2)&"d", ROUND(F351/31536000,2)&"y"))))) -> 5.27y | H351: =LN(2)/F351 -> 4.1669455e-09 | I351: =60*6240000000000*C351*(1-EXP(-H351*2*3600)) -> 7.6536126 | J351: =I351*EXP(-H351*10*3600) -> 7.6524645 | K351: =E351 -> Co60 | L351: {=SUM(($J351*EXP(-$H351*24*3600*_xlfn.SEQUENCE(L$1-1))))+$J351} -> 4854.4373 | M351: {=SUM(($J351*EXP(-$H351*24*3600*_xlfn.SEQUENCE(M$1-1))))+$J351} -> 19667.843 | O351: =K351 -> Co60 | P351: =M351 -> 19667.843 | Q351: =0 -> 0 | S351: =O351 -> Co60 | T351: =G351 -> 5.27y | U351: =P351 -> 19667.843 | V351: 高
B352: 27061 | C352: 0 | D352: =0 -> 0 | E352: =VLOOKUP(B352,Nuclides!A:E,5,FALSE) -> Co61 | F352: =VLOOKUP(B352,Nuclides!A:E,4,FALSE) -> 5936.4 | G352: =IF(F352="STABLE", "STABLE", IF(F352<60, F352&"s", IF(F352<3600, ROUND(F352/60,2)&"min", IF(F352<86400, ROUND(F352/3600,2)&"h", IF(F352<31536000, ROUND(F352/86400,2)&"d", ROUND(F352/31536000,2)&"y"))))) -> 1.65h | H352: =LN(2)/F352 -> 0.00011676221 | I352: =60*6240000000000*C352*(1-EXP(-H352*2*3600)) -> 0 | J352: =I352*EXP(-H352*10*3600) -> 0 | K352: =E352 -> Co61 | L352: {=SUM(($J352*EXP(-$H352*24*3600*_xlfn.SEQUENCE(L$1-1))))+$J352} -> 0 | M352: {=SUM(($J352*EXP(-$H352*24*3600*_xlfn.SEQUENCE(M$1-1))))+$J352} -> 0
B353: 27062 | C353: 3.25371e-10 | D353: =0 -> 0 | E353: =VLOOKUP(B353,Nuclides!A:E,5,FALSE) -> Co62 | F353: =VLOOKUP(B353,Nuclides!A:E,4,FALSE) -> 90 | G353: =IF(F353="STABLE", "STABLE", IF(F353<60, F353&"s", IF(F353<3600, ROUND(F353/60,2)&"min", IF(F353<86400, ROUND(F353/3600,2)&"h", IF(F353<31536000, ROUND(F353/86400,2)&"d", ROUND(F353/31536000,2)&"y"))))) -> 1.5min | H353: =LN(2)/F353 -> 0.0077016353 | I353: =60*6240000000000*C353*(1-EXP(-H353*2*3600)) -> 121818.9 | J353: =I353*EXP(-H353*10*3600) -> 4.717549e-116 | K353: =E353 -> Co62 | L353: {=SUM(($J353*EXP(-$H353*24*3600*_xlfn.SEQUENCE(L$1-1))))+$J353} -> 4.717549e-116 | M353: {=SUM(($J353*EXP(-$H353*24*3600*_xlfn.SEQUENCE(M$1-1))))+$J353} -> 4.717549e-116
B354: 27063 | C354: 0 | D354: =0 -> 0 | E354: =VLOOKUP(B354,Nuclides!A:E,5,FALSE) -> Co63 | F354: =VLOOKUP(B354,Nuclides!A:E,4,FALSE) -> 27.4 | G354: =IF(F354="STABLE", "STABLE", IF(F354<60, F354&"s", IF(F354<3600, ROUND(F354/60,2)&"min", IF(F354<86400, ROUND(F354/3600,2)&"h", IF(F354<31536000, ROUND(F354/86400,2)&"d", ROUND(F354/31536000,2)&"y"))))) -> 27.4s | H354: =LN(2)/F354 -> 0.025297342 | I354: =60*6240000000000*C354*(1-EXP(-H354*2*3600)) -> 0 | J354: =I354*EXP(-H354*10*3600) -> 0 | K354: =E354 -> Co63 | L354: {=SUM(($J354*EXP(-$H354*24*3600*_xlfn.SEQUENCE(L$1-1))))+$J354} -> 0 | M354: {=SUM(($J354*EXP(-$H354*24*3600*_xlfn.SEQUENCE(M$1-1))))+$J354} -> 0
B355: 27064 | C355: 0 | D355: =0 -> 0 | E355: =VLOOKUP(B355,Nuclides!A:E,5,FALSE) -> Co64 | F355: =VLOOKUP(B355,Nuclides!A:E,4,FALSE) -> 0.3 | G355: =IF(F355="STABLE", "STABLE", IF(F355<60, F355&"s", IF(F355<3600, ROUND(F355/60,2)&"min", IF(F355<86400, ROUND(F355/3600,2)&"h", IF(F355<31536000, ROUND(F355/86400,2)&"d", ROUND(F355/31536000,2)&"y"))))) -> 0.3s | H355: =LN(2)/F355 -> 2.3104906 | I355: =60*6240000000000*C355*(1-EXP(-H355*2*3600)) -> 0 | J355: =I355*EXP(-H355*10*3600) -> 0 | K355: =E355 -> Co64 | L355: {=SUM(($J355*EXP(-$H355*24*3600*_xlfn.SEQUENCE(L$1-1))))+$J355} -> 0 | M355: {=SUM(($J355*EXP(-$H355*24*3600*_xlfn.SEQUENCE(M$1-1))))+$J355} -> 0
B356: 28053 | C356: 0 | D356: =0 -> 0 | E356: =VLOOKUP(B356,Nuclides!A:E,5,FALSE) -> Ni53 | F356: =VLOOKUP(B356,Nuclides!A:E,4,FALSE) -> 0.0552 | G356: =IF(F356="STABLE", "STABLE", IF(F356<60, F356&"s", IF(F356<3600, ROUND(F356/60,2)&"min", IF(F356<86400, ROUND(F356/3600,2)&"h", IF(F356<31536000, ROUND(F356/86400,2)&"d", ROUND(F356/31536000,2)&"y"))))) -> 0.0552s | H356: =LN(2)/F356 -> 12.557014 | I356: =60*6240000000000*C356*(1-EXP(-H356*2*3600)) -> 0 | J356: =I356*EXP(-H356*10*3600) -> 0 | K356: =E356 -> Ni53 | L356: {=SUM(($J356*EXP(-$H356*24*3600*_xlfn.SEQUENCE(L$1-1))))+$J356} -> 0 | M356: {=SUM(($J356*EXP(-$H356*24*3600*_xlfn.SEQUENCE(M$1-1))))+$J356} -> 0
B357: 28054 | C357: 0 | D357: =0 -> 0 | E357: =VLOOKUP(B357,Nuclides!A:E,5,FALSE) -> Ni54 | F357: =VLOOKUP(B357,Nuclides!A:E,4,FALSE) -> 0.1142 | G357: =IF(F357="STABLE", "STABLE", IF(F357<60, F357&"s", IF(F357<3600, ROUND(F357/60,2)&"min", IF(F357<86400, ROUND(F357/3600,2)&"h", IF(F357<31536000, ROUND(F357/86400,2)&"d", ROUND(F357/31536000,2)&"y"))))) -> 0.1142s | H357: =LN(2)/F357 -> 6.06959 | I357: =60*6240000000000*C357*(1-EXP(-H357*2*3600)) -> 0 | J357: =I357*EXP(-H357*10*3600) -> 0 | K357: =E357 -> Ni54 | L357: {=SUM(($J357*EXP(-$H357*24*3600*_xlfn.SEQUENCE(L$1-1))))+$J357} -> 0 | M357: {=SUM(($J357*EXP(-$H357*24*3600*_xlfn.SEQUENCE(M$1-1))))+$J357} -> 0
B358: 28055 | C358: 0 | D358: =0 -> 0 | E358: =VLOOKUP(B358,Nuclides!A:E,5,FALSE) -> Ni55 | F358: =VLOOKUP(B358,Nuclides!A:E,4,FALSE) -> 0.2047 | G358: =IF(F358="STABLE", "STABLE", IF(F358<60, F358&"s", IF(F358<3600, ROUND(F358/60,2)&"min", IF(F358<86400, ROUND(F358/3600,2)&"h", IF(F358<31536000, ROUND(F358/86400,2)&"d", ROUND(F358/31536000,2)&"y"))))) -> 0.2047s | H358: =LN(2)/F358 -> 3.3861611 | I358: =60*6240000000000*C358*(1-EXP(-H358*2*3600)) -> 0 | J358: =I358*EXP(-H358*10*3600) -> 0 | K358: =E358 -> Ni55 | L358: {=SUM(($J358*EXP(-$H358*24*3600*_xlfn.SEQUENCE(L$1-1))))+$J358} -> 0 | M358: {=SUM(($J358*EXP(-$H358*24*3600*_xlfn.SEQUENCE(M$1-1))))+$J358} -> 0
B359: 28056 | C359: 0 | D359: =0 -> 0 | E359: =VLOOKUP(B359,Nuclides!A:E,5,FALSE) -> Ni56 | F359: =VLOOKUP(B359,Nuclides!A:E,4,FALSE) -> 524880 | G359: =IF(F359="STABLE", "STABLE", IF(F359<60, F359&"s", IF(F359<3600, ROUND(F359/60,2)&"min", IF(F359<86400, ROUND(F359/3600,2)&"h", IF(F359<31536000, ROUND(F359/86400,2)&"d", ROUND(F359/31536000,2)&"y"))))) -> 6.08d | H359: =LN(2)/F359 -> 1.3205822e-06 | I359: =60*6240000000000*C359*(1-EXP(-H359*2*3600)) -> 0 | J359: =I359*EXP(-H359*10*3600) -> 0 | K359: =E359 -> Ni56 | L359: {=SUM(($J359*EXP(-$H359*24*3600*_xlfn.SEQUENCE(L$1-1))))+$J359} -> 0 | M359: {=SUM(($J359*EXP(-$H359*24*3600*_xlfn.SEQUENCE(M$1-1))))+$J359} -> 0
B360: 28057 | C360: 0 | D360: =0 -> 0 | E360: =VLOOKUP(B360,Nuclides!A:E,5,FALSE) -> Ni57 | F360: =VLOOKUP(B360,Nuclides!A:E,4,FALSE) -> 128160 | G360: =IF(F360="STABLE", "STABLE", IF(F360<60, F360&"s", IF(F360<3600, ROUND(F360/60,2)&"min", IF(F360<86400, ROUND(F360/3600,2)&"h", IF(F360<31536000, ROUND(F360/86400,2)&"d", ROUND(F360/31536000,2)&"y"))))) -> 1.48d | H360: =LN(2)/F360 -> 5.4084518e-06 | I360: =60*6240000000000*C360*(1-EXP(-H360*2*3600)) -> 0 | J360: =I360*EXP(-H360*10*3600) -> 0 | K360: =E360 -> Ni57 | L360: {=SUM(($J360*EXP(-$H360*24*3600*_xlfn.SEQUENCE(L$1-1))))+$J360} -> 0 | M360: {=SUM(($J360*EXP(-$H360*24*3600*_xlfn.SEQUENCE(M$1-1))))+$J360} -> 0
B361: 28058 | C361: 0 | D361: =0 -> 0 | E361: =VLOOKUP(B361,Nuclides!A:E,5,FALSE) -> Ni58 | F361: =VLOOKUP(B361,Nuclides!A:E,4,FALSE) -> STABLE | G361: =IF(F361="STABLE", "STABLE", IF(F361<60, F361&"s", IF(F361<3600, ROUND(F361/60,2)&"min", IF(F361<86400, ROUND(F361/3600,2)&"h", IF(F361<31536000, ROUND(F361/86400,2)&"d", ROUND(F361/31536000,2)&"y"))))) -> STABLE | H361: =LN(2)/F361 -> #VALUE! | I361: =60*6240000000000*C361*(1-EXP(-H361*2*3600)) -> #VALUE! | J361: =I361*EXP(-H361*10*3600) -> #VALUE! | K361: =E361 -> Ni58 | L361: {=SUM(($J361*EXP(-$H361*24*3600*_xlfn.SEQUENCE(L$1-1))))+$J361} -> #VALUE! | M361: {=SUM(($J361*EXP(-$H361*24*3600*_xlfn.SEQUENCE(M$1-1))))+$J361} -> #VALUE!
B362: 28059 | C362: 0 | D362: =0 -> 0 | E362: =VLOOKUP(B362,Nuclides!A:E,5,FALSE) -> Ni59 | F362: =VLOOKUP(B362,Nuclides!A:E,4,FALSE) -> 2398377600000 | G362: =IF(F362="STABLE", "STABLE", IF(F362<60, F362&"s", IF(F362<3600, ROUND(F362/60,2)&"min", IF(F362<86400, ROUND(F362/3600,2)&"h", IF(F362<31536000, ROUND(F362/86400,2)&"d", ROUND(F362/31536000,2)&"y"))))) -> 76052.05y | H362: =LN(2)/F362 -> 2.8900669e-13 | I362: =60*6240000000000*C362*(1-EXP(-H362*2*3600)) -> 0 | J362: =I362*EXP(-H362*10*3600) -> 0 | K362: =E362 -> Ni59 | L362: {=SUM(($J362*EXP(-$H362*24*3600*_xlfn.SEQUENCE(L$1-1))))+$J362} -> 0 | M362: {=SUM(($J362*EXP(-$H362*24*3600*_xlfn.SEQUENCE(M$1-1))))+$J362} -> 0
B363: 28060 | C363: 0 | D363: =0 -> 0 | E363: =VLOOKUP(B363,Nuclides!A:E,5,FALSE) -> Ni60 | F363: =VLOOKUP(B363,Nuclides!A:E,4,FALSE) -> STABLE | G363: =IF(F363="STABLE", "STABLE", IF(F363<60, F363&"s", IF(F363<3600, ROUND(F363/60,2)&"min", IF(F363<86400, ROUND(F363/3600,2)&"h", IF(F363<31536000, ROUND(F363/86400,2)&"d", ROUND(F363/31536000,2)&"y"))))) -> STABLE | H363: =LN(2)/F363 -> #VALUE! | I363: =60*6240000000000*C363*(1-EXP(-H363*2*3600)) -> #VALUE! | J363: =I363*EXP(-H363*10*3600) -> #VALUE! | K363: =E363 -> Ni60 | L363: {=SUM(($J363*EXP(-$H363*24*3600*_xlfn.SEQUENCE(L$1-1))))+$J363} -> #VALUE! | M363: {=SUM(($J363*EXP(-$H363*24*3600*_xlfn.SEQUENCE(M$1-1))))+$J363} -> #VALUE!
... B365: 28062 | C365: 0 | D365: =0 -> 0 | E365: =VLOOKUP(B365,Nuclides!A:E,5,FALSE) -> Ni62 | F365: =VLOOKUP(B365,Nuclides!A:E,4,FALSE) -> STABLE | G365: =IF(F365="STABLE", "STABLE", IF(F365<60, F365&"s", IF(F365<3600, ROUND(F365/60,2)&"min", IF(F365<86400, ROUND(F365/3600,2)&"h", IF(F365<31536000, ROUND(F365/86400,2)&"d", ROUND(F365/31536000,2)&"y"))))) -> STABLE | H365: =LN(2)/F365 -> #VALUE! | I365: =60*6240000000000*C365*(1-EXP(-H365*2*3600)) -> #VALUE! | J365: =I365*EXP(-H365*10*3600) -> #VALUE! | K365: =E365 -> Ni62 | L365: {=SUM(($J365*EXP(-$H365*24*3600*_xlfn.SEQUENCE(L$1-1))))+$J365} -> #VALUE! | M365: {=SUM(($J365*EXP(-$H365*24*3600*_xlfn.SEQUENCE(M$1-1))))+$J365} -> #VALUE!
B366: 28063 | C366: 7.27013e-06 | D366: =0 -> 0 | E366: =VLOOKUP(B366,Nuclides!A:E,5,FALSE) -> Ni63 | F366: =VLOOKUP(B366,Nuclides!A:E,4,FALSE) -> 3193629120 | G366: =IF(F366="STABLE", "STABLE", IF(F366<60, F366&"s", IF(F366<3600, ROUND(F366/60,2)&"min", IF(F366<86400, ROUND(F366/3600,2)&"h", IF(F366<31536000, ROUND(F366/86400,2)&"d", ROUND(F366/31536000,2)&"y"))))) -> 101.27y | H366: =LN(2)/F366 -> 2.170406e-10 | I366: =60*6240000000000*C366*(1-EXP(-H366*2*3600)) -> 4253.5462 | J366: =I366*EXP(-H366*10*3600) -> 4253.513 | K366: =E366 -> Ni63 | L366: {=SUM(($J366*EXP(-$H366*24*3600*_xlfn.SEQUENCE(L$1-1))))+$J366} -> 3041976 | M366: {=SUM(($J366*EXP(-$H366*24*3600*_xlfn.SEQUENCE(M$1-1))))+$J366} -> 28648090 | O366: =K366 -> Ni63 | P366: =M366 -> 28648090 | Q366: =0 -> 0 | S366: =O366 -> Ni63 | T366: =G366 -> 101.27y | U366: =P366 -> 28648090 | V366: 中
B367: 28064 | C367: 0 | D367: =0 -> 0 | E367: =VLOOKUP(B367,Nuclides!A:E,5,FALSE) -> Ni64 | F367: =VLOOKUP(B367,Nuclides!A:E,4,FALSE) -> STABLE | G367: =IF(F367="STABLE", "STABLE", IF(F367<60, F367&"s", IF(F367<3600, ROUND(F367/60,2)&"min", IF(F367<86400, ROUND(F367/3600,2)&"h", IF(F367<31536000, ROUND(F367/86400,2)&"d", ROUND(F367/31536000,2)&"y"))))) -> STABLE | H367: =LN(2)/F367 -> #VALUE! | I367: =60*6240000000000*C367*(1-EXP(-H367*2*3600)) -> #VALUE! | J367: =I367*EXP(-H367*10*3600) -> #VALUE! | K367: =E367 -> Ni64 | L367: {=SUM(($J367*EXP(-$H367*24*3600*_xlfn.SEQUENCE(L$1-1))))+$J367} -> #VALUE! | M367: {=SUM(($J367*EXP(-$H367*24*3600*_xlfn.SEQUENCE(M$1-1))))+$J367} -> #VALUE!
B368: 28065 | C368: 3.24063e-06 | D368: =0 -> 0 | E368: =VLOOKUP(B368,Nuclides!A:E,5,FALSE) -> Ni65 | F368: =VLOOKUP(B368,Nuclides!A:E,4,FALSE) -> 9063 | G368: =IF(F368="STABLE", "STABLE", IF(F368<60, F368&"s", IF(F368<3600, ROUND(F368/60,2)&"min", IF(F368<86400, ROUND(F368/3600,2)&"h", IF(F368<31536000, ROUND(F368/86400,2)&"d", ROUND(F368/31536000,2)&"y"))))) -> 2.52h | H368: =LN(2)/F368 -> 7.6480986e-05 | I368: =60*6240000000000*C368*(1-EXP(-H368*2*3600)) -> 5.1374738e+08 | J368: =I368*EXP(-H368*10*3600) -> 32734061 | K368: =E368 -> Ni65 | L368: {=SUM(($J368*EXP(-$H368*24*3600*_xlfn.SEQUENCE(L$1-1))))+$J368} -> 32778298 | M368: {=SUM(($J368*EXP(-$H368*24*3600*_xlfn.SEQUENCE(M$1-1))))+$J368} -> 32778298 | O368: =K368 -> Ni65 | P368: =M368 -> 32778298 | Q368: =0 -> 0 | S368: =O368 -> Ni65 | T368: =G368 -> 2.52h | U368: =P368 -> 32778298 | V368: 低
B369: 28066 | C369: 0 | D369: =0 -> 0 | E369: =VLOOKUP(B369,Nuclides!A:E,5,FALSE) -> Ni66 | F369: =VLOOKUP(B369,Nuclides!A:E,4,FALSE) -> 196560 | G369: =IF(F369="STABLE", "STABLE", IF(F369<60, F369&"s", IF(F369<3600, ROUND(F369/60,2)&"min", IF(F369<86400, ROUND(F369/3600,2)&"h", IF(F369<31536000, ROUND(F369/86400,2)&"d", ROUND(F369/31536000,2)&"y"))))) -> 2.28d | H369: =LN(2)/F369 -> 3.5263898e-06 | I369: =60*6240000000000*C369*(1-EXP(-H369*2*3600)) -> 0 | J369: =I369*EXP(-H369*10*3600) -> 0 | K369: =E369 -> Ni66 | L369: {=SUM(($J369*EXP(-$H369*24*3600*_xlfn.SEQUENCE(L$1-1))))+$J369} -> 0 | M369: {=SUM(($J369*EXP(-$H369*24*3600*_xlfn.SEQUENCE(M$1-1))))+$J369} -> 0
B370: 28067 | C370: 0 | D370: =0 -> 0 | E370: =VLOOKUP(B370,Nuclides!A:E,5,FALSE) -> Ni67 | F370: =VLOOKUP(B370,Nuclides!A:E,4,FALSE) -> 21 | G370: =IF(F370="STABLE", "STABLE", IF(F370<60, F370&"s", IF(F370<3600, ROUND(F370/60,2)&"min", IF(F370<86400, ROUND(F370/3600,2)&"h", IF(F370<31536000, ROUND(F370/86400,2)&"d", ROUND(F370/31536000,2)&"y"))))) -> 21s | H370: =LN(2)/F370 -> 0.033007009 | I370: =60*6240000000000*C370*(1-EXP(-H370*2*3600)) -> 0 | J370: =I370*EXP(-H370*10*3600) -> 0 | K370: =E370 -> Ni67 | L370: {=SUM(($J370*EXP(-$H370*24*3600*_xlfn.SEQUENCE(L$1-1))))+$J370} -> 0 | M370: {=SUM(($J370*EXP(-$H370*24*3600*_xlfn.SEQUENCE(M$1-1))))+$J370} -> 0
B371: 28068 | C371: 0 | D371: =0 -> 0 | E371: =VLOOKUP(B371,Nuclides!A:E,5,FALSE) -> Ni68 | F371: =VLOOKUP(B371,Nuclides!A:E,4,FALSE) -> 29 | G371: =IF(F371="STABLE", "STABLE", IF(F371<60, F371&"s", IF(F371<3600, ROUND(F371/60,2)&"min", IF(F371<86400, ROUND(F371/3600,2)&"h", IF(F371<31536000, ROUND(F371/86400,2)&"d", ROUND(F371/31536000,2)&"y"))))) -> 29s | H371: =LN(2)/F371 -> 0.023901627 | I371: =60*6240000000000*C371*(1-EXP(-H371*2*3600)) -> 0 | J371: =I371*EXP(-H371*10*3600) -> 0 | K371: =E371 -> Ni68 | L371: {=SUM(($J371*EXP(-$H371*24*3600*_xlfn.SEQUENCE(L$1-1))))+$J371} -> 0 | M371: {=SUM(($J371*EXP(-$H371*24*3600*_xlfn.SEQUENCE(M$1-1))))+$J371} -> 0
B372: 29057 | C372: 0 | D372: =0 -> 0 | E372: =VLOOKUP(B372,Nuclides!A:E,5,FALSE) -> Cu57 | F372: =VLOOKUP(B372,Nuclides!A:E,4,FALSE) -> 0.1963 | G372: =IF(F372="STABLE", "STABLE", IF(F372<60, F372&"s", IF(F372<3600, ROUND(F372/60,2)&"min", IF(F372<86400, ROUND(F372/3600,2)&"h", IF(F372<31536000, ROUND(F372/86400,2)&"d", ROUND(F372/31536000,2)&"y"))))) -> 0.1963s | H372: =LN(2)/F372 -> 3.5310605 | I372: =60*6240000000000*C372*(1-EXP(-H372*2*3600)) -> 0 | J372: =I372*EXP(-H372*10*3600) -> 0 | K372: =E372 -> Cu57 | L372: {=SUM(($J372*EXP(-$H372*24*3600*_xlfn.SEQUENCE(L$1-1))))+$J372} -> 0 | M372: {=SUM(($J372*EXP(-$H372*24*3600*_xlfn.SEQUENCE(M$1-1))))+$J372} -> 0
B373: 29058 | C373: 0 | D373: =0 -> 0 | E373: =VLOOKUP(B373,Nuclides!A:E,5,FALSE) -> Cu58 | F373: =VLOOKUP(B373,Nuclides!A:E,4,FALSE) -> 3.204 | G373: =IF(F373="STABLE", "STABLE", IF(F373<60, F373&"s", IF(F373<3600, ROUND(F373/60,2)&"min", IF(F373<86400, ROUND(F373/3600,2)&"h", IF(F373<31536000, ROUND(F373/86400,2)&"d", ROUND(F373/31536000,2)&"y"))))) -> 3.204s | H373: =LN(2)/F373 -> 0.21633807 | I373: =60*6240000000000*C373*(1-EXP(-H373*2*3600)) -> 0 | J373: =I373*EXP(-H373*10*3600) -> 0 | K373: =E373 -> Cu58 | L373: {=SUM(($J373*EXP(-$H373*24*3600*_xlfn.SEQUENCE(L$1-1))))+$J373} -> 0 | M373: {=SUM(($J373*EXP(-$H373*24*3600*_xlfn.SEQUENCE(M$1-1))))+$J373} -> 0
B374: 29059 | C374: 0 | D374: =0 -> 0 | E374: =VLOOKUP(B374,Nuclides!A:E,5,FALSE) -> Cu59 | F374: =VLOOKUP(B374,Nuclides!A:E,4,FALSE) -> 81.5 | G374: =IF(F374="STABLE", "STABLE", IF(F374<60, F374&"s", IF(F374<3600, ROUND(F374/60,2)&"min", IF(F374<86400, ROUND(F374/3600,2)&"h", IF(F374<31536000, ROUND(F374/86400,2)&"d", ROUND(F374/31536000,2)&"y"))))) -> 1.36min | H374: =LN(2)/F374 -> 0.0085048734 | I374: =60*6240000000000*C374*(1-EXP(-H374*2*3600)) -> 0 | J374: =I374*EXP(-H374*10*3600) -> 0 | K374: =E374 -> Cu59 | L374: {=SUM(($J374*EXP(-$H374*24*3600*_xlfn.SEQUENCE(L$1-1))))+$J374} -> 0 | M374: {=SUM(($J374*EXP(-$H374*24*3600*_xlfn.SEQUENCE(M$1-1))))+$J374} -> 0
...
