Workbook

Sheet Nuclides
B2: n | C2: z | D2: halflife/s | F2: halflife/s
A3: 1001 | B3: 1 | C3: 0 | D3: 613.9 | E3: H1 | F3: 613.9
A4: 1002 | B4: 1 | C4: 1 | D4: STABLE | E4: H2 | F4: STABLE
A5: 1003 | B5: 2 | C5: 1 | D5: 388789632 | E5: H3 | F5: 388789632
A6: 1005 | B6: 4 | C6: 1 | D6: 7.9947368e-23 | E6: H5 | F6: 7.9947368e-23
A7: 1006 | B7: 5 | C7: 1 | D7: 2.848125e-22 | E7: H6 | F7: 2.848125e-22
A8: 2003 | B8: 1 | C8: 2 | D8: STABLE | E8: He3 | F8: STABLE
A9: 2004 | B9: 2 | C9: 2 | D9: STABLE | E9: He4 | F9: STABLE
A10: 2005 | B10: 3 | C10: 2 | D10: 7.595e-22 | E10: He5 | F10: 7.595e-22
A11: 2006 | B11: 4 | C11: 2 | D11: 0.8067 | E11: He6 | F11: 0.8067
A12: 2007 | B12: 5 | C12: 2 | D12: 3.038e-21 | E12: He7 | F12: 3.038e-21
A13: 2008 | B13: 6 | C13: 2 | D13: 0.1191 | E13: He8 | F13: 0.1191
A14: 2010 | B14: 8 | C14: 2 | D14: 1.519e-21 | E14: He10 | F14: 1.519e-21
A15: 3004 | B15: 1 | C15: 3 | D15: 7.5572139e-23 | E15: Li4 | F15: 7.5572139e-23
A16: 3005 | B16: 2 | C16: 3 | D16: 3.038e-22 | E16: Li5 | F16: 3.038e-22
A17: 3006 | B17: 3 | C17: 3 | D17: STABLE | E17: Li6 | F17: STABLE
A18: 3007 | B18: 4 | C18: 3 | D18: STABLE | E18: Li7 | F18: STABLE
A19: 3008 | B19: 5 | C19: 3 | D19: 0.8399 | E19: Li8 | F19: 0.8399
A20: 3009 | B20: 6 | C20: 3 | D20: 0.1783 | E20: Li9 | F20: 0.1783
A21: 3011 | B21: 8 | C21: 3 | D21: 0.00875 | E21: Li11 | F21: 0.00875
A22: 4006 | B22: 2 | C22: 4 | D22: 4.9532609e-21 | E22: Be6 | F22: 4.9532609e-21
A23: 4007 | B23: 3 | C23: 4 | D23: 4598208 | E23: Be7 | F23: 4598208
A24: 4008 | B24: 4 | C24: 4 | D24: 8.1813285e-17 | E24: Be8 | F24: 8.1813285e-17
A25: 4009 | B25: 5 | C25: 4 | D25: STABLE | E25: Be9 | F25: STABLE
A26: 4010 | B26: 6 | C26: 4 | D26: 47651976000000 | E26: Be10 | F26: 47651976000000
A27: 4011 | B27: 7 | C27: 4 | D27: 13.76 | E27: Be11 | F27: 13.76
A28: 4012 | B28: 8 | C28: 4 | D28: 0.02147 | E28: Be12 | F28: 0.02147
A29: 4013 | B29: 9 | C29: 4 | D29: 2.7e-21 | E29: Be13 | F29: 2.7e-21
A30: 4014 | B30: 10 | C30: 4 | D30: 0.00435 | E30: Be14 | F30: 0.00435
A31: 4015 | B31: 11 | C31: 4 | D31: 7.8568966e-22 | E31: Be15 | F31: 7.8568966e-22
A32: 4016 | B32: 12 | C32: 4 | D32: 5.69625e-22 | E32: Be16 | F32: 5.69625e-22
A33: 5007 | B33: 2 | C33: 5 | D33: 3.255e-22 | E33: B7 | F33: 3.255e-22
A34: 5008 | B34: 3 | C34: 5 | D34: 0.77 | E34: B8 | F34: 0.77
A35: 5009 | B35: 4 | C35: 5 | D35: 8.4388889e-19 | E35: B9 | F35: 8.4388889e-19
A36: 5010 | B36: 5 | C36: 5 | D36: STABLE | E36: B10 | F36: STABLE
A37: 5011 | B37: 6 | C37: 5 | D37: STABLE | E37: B11 | F37: STABLE
A38: 5012 | B38: 7 | C38: 5 | D38: 0.0202 | E38: B12 | F38: 0.0202
A39: 5013 | B39: 8 | C39: 5 | D39: 0.01733 | E39: B13 | F39: 0.01733
A40: 5014 | B40: 9 | C40: 5 | D40: 0.01236 | E40: B14 | F40: 0.01236
A41: 5015 | B41: 10 | C41: 5 | D41: 0.01018 | E41: B15 | F41: 0.01018
A42: 5017 | B42: 12 | C42: 5 | D42: 0.00508 | E42: B17 | F42: 0.00508
A43: 5019 | B43: 14 | C43: 5 | D43: 0.00292 | E43: B19 | F43: 0.00292
A44: 6008 | B44: 2 | C44: 6 | D44: 1.9813043e-21 | E44: C8 | F44: 1.9813043e-21
A45: 6009 | B45: 3 | C45: 6 | D45: 0.1265 | E45: C9 | F45: 0.1265
A46: 6010 | B46: 4 | C46: 6 | D46: 19.308 | E46: C10 | F46: 19.308
A47: 6011 | B47: 5 | C47: 6 | D47: 1221.84 | E47: C11 | F47: 1221.84
A48: 6012 | B48: 6 | C48: 6 | D48: STABLE | E48: C12 | F48: STABLE
A49: 6013 | B49: 7 | C49: 6 | D49: STABLE | E49: C13 | F49: STABLE
A50: 6014 | B50: 8 | C50: 6 | D50: 179878320000 | E50: C14 | F50: 179878320000
A51: 6015 | B51: 9 | C51: 6 | D51: 2.449 | E51: C15 | F51: 2.449
A52: 6016 | B52: 10 | C52: 6 | D52: 0.747 | E52: C16 | F52: 0.747
A53: 6017 | B53: 11 | C53: 6 | D53: 0.191 | E53: C17 | F53: 0.191
A54: 6018 | B54: 12 | C54: 6 | D54: 0.092 | E54: C18 | F54: 0.092
A55: 6019 | B55: 13 | C55: 6 | D55: 0.0462 | E55: C19 | F55: 0.0462
A56: 6020 | B56: 14 | C56: 6 | D56: 0.0162 | E56: C20 | F56: 0.0162
A57: 6022 | B57: 16 | C57: 6 | D57: 0.0061 | E57: C22 | F57: 0.0061
A58: 7011 | B58: 4 | C58: 7 | D58: 5.4903614e-22 | E58: N11 | F58: 5.4903614e-22
A59: 7012 | B59: 5 | C59: 7 | D59: 0.011 | E59: N12 | F59: 0.011
A60: 7013 | B60: 6 | C60: 7 | D60: 597.9 | E60: N13 | F60: 597.9
A61: 7014 | B61: 7 | C61: 7 | D61: STABLE | E61: N14 | F61: STABLE
A62: 7015 | B62: 8 | C62: 7 | D62: STABLE | E62: N15 | F62: STABLE
A63: 7016 | B63: 9 | C63: 7 | D63: 7.13 | E63: N16 | F63: 7.13
A64: 7017 | B64: 10 | C64: 7 | D64: 4.171 | E64: N17 | F64: 4.171
A65: 7018 | B65: 11 | C65: 7 | D65: 0.619 | E65: N18 | F65: 0.619
A66: 7019 | B66: 12 | C66: 7 | D66: 0.336 | E66: N19 | F66: 0.336
A67: 7020 | B67: 13 | C67: 7 | D67: 0.136 | E67: N20 | F67: 0.136
A68: 7021 | B68: 14 | C68: 7 | D68: 0.0848 | E68: N21 | F68: 0.0848
A69: 7022 | B69: 15 | C69: 7 | D69: 0.0195 | E69: N22 | F69: 0.0195
A70: 7023 | B70: 16 | C70: 7 | D70: 0.0141 | E70: N23 | F70: 0.0141
A71: 8012 | B71: 4 | C71: 8 | D71: 1.13925e-21 | E71: O12 | F71: 1.13925e-21
A72: 8013 | B72: 5 | C72: 8 | D72: 0.00858 | E72: O13 | F72: 0.00858
A73: 8014 | B73: 6 | C73: 8 | D73: 70.62 | E73: O14 | F73: 70.62
A74: 8015 | B74: 7 | C74: 8 | D74: 122.24 | E74: O15 | F74: 122.24
A75: 8016 | B75: 8 | C75: 8 | D75: STABLE | E75: O16 | F75: STABLE
A76: 8017 | B76: 9 | C76: 8 | D76: STABLE | E76: O17 | F76: STABLE
A77: 8018 | B77: 10 | C77: 8 | D77: STABLE | E77: O18 | F77: STABLE
A78: 8019 | B78: 11 | C78: 8 | D78: 26.88 | E78: O19 | F78: 26.88
A79: 8020 | B79: 12 | C79: 8 | D79: 13.51 | E79: O20 | F79: 13.51
A80: 8021 | B80: 13 | C80: 8 | D80: 3.42 | E80: O21 | F80: 3.42
A81: 8022 | B81: 14 | C81: 8 | D81: 2.25 | E81: O22 | F81: 2.25
A82: 8023 | B82: 15 | C82: 8 | D82: 0.097 | E82: O23 | F82: 0.097
A83: 8024 | B83: 16 | C83: 8 | D83: 0.072 | E83: O24 | F83: 0.072
A84: 8025 | B84: 17 | C84: 8 | D84: 6.3e-21 | E84: O25 | F84: 6.3e-21
A85: 8026 | B85: 18 | C85: 8 | D85: 4.5e-12 | E85: O26 | F85: 4.5e-12
A86: 9014 | B86: 5 | C86: 9 | D86: 5.0076923e-22 | E86: F14 | F86: 5.0076923e-22
A87: 9015 | B87: 6 | C87: 9 | D87: 6.9045455e-22 | E87: F15 | F87: 6.9045455e-22
A88: 9016 | B88: 7 | C88: 9 | D88: 1.13925e-20 | E88: F16 | F88: 1.13925e-20
A89: 9017 | B89: 8 | C89: 9 | D89: 64.49 | E89: F17 | F89: 64.49
A90: 9018 | B90: 9 | C90: 9 | D90: 6586.2 | E90: F18 | F90: 6586.2
A91: 9019 | B91: 10 | C91: 9 | D91: STABLE | E91: F19 | F91: STABLE
A92: 9020 | B92: 11 | C92: 9 | D92: 11.07 | E92: F20 | F92: 11.07
A93: 9021 | B93: 12 | C93: 9 | D93: 4.158 | E93: F21 | F93: 4.158
A94: 9022 | B94: 13 | C94: 9 | D94: 4.23 | E94: F22 | F94: 4.23
A95: 9023 | B95: 14 | C95: 9 | D95: 2.23 | E95: F23 | F95: 2.23
A96: 9024 | B96: 15 | C96: 9 | D96: 0.382 | E96: F24 | F96: 0.382
A97: 9025 | B97: 16 | C97: 9 | D97: 0.08 | E97: F25 | F97: 0.08
A98: 9026 | B98: 17 | C98: 9 | D98: 0.0082 | E98: F26 | F98: 0.0082
A99: 9027 | B99: 18 | C99: 9 | D99: 0.005 | E99: F27 | F99: 0.005
A100: 9028 | B100: 19 | C100: 9 | D100: 4.6e-20 | E100: F28 | F100: 4.6e-20
A101: 9029 | B101: 20 | C101: 9 | D101: 0.00267 | E101: F29 | F101: 0.00267
...

Sheet Data
F3: 10μA-轰击时间/min
B5: 铜托 | C5: 银片-1mm | D5: 镍镀层-100μm | E5: 0.114209 | F5: =10/(E5/2.5) -> 218.89693
B7: 银托 | D7: 镍镀层-100μm | E7: 0.083366 | F7: =10/(E7/2.5) -> 299.88245
B9: 钽托 | D9: 镍镀层-100μm | E9: 0.0643774 | F9: =10/(E9/2.5) -> 388.33504
B11: 铜托 | C11: 镀金-15μm | D11: 镍镀层-100μm | E11: 13.6121 | F11: =10/(E11/2.5) -> 1.8366013
B15: 铜托 | D15: 钇片-1mm | E15: 2.7667 | F15: =10/(E15/2.5) -> 9.0360357
D17: 纯钇-1mm | E17: 2.82473 | F17: =10/(E17/2.5) -> 8.8504034
B19: 铌托 | D19: 钇片-1mm | E19: 2.82473 | F19: =10/(E19/2.5) -> 8.8504034

Sheet Cu-Au-Ni
G1: Nuclides | H1: T1/2 | I1: T1/2 | J1: λ | K1: 10μA-10min | L1: cool-30min | M1: Nuclides
C3: 1 | D3: 2 | E3: 3
B4: 1001 | C4: 0 | D4: 0 | E4: 0 | F4: =SUM(C4:E4) -> 0 | G4: =VLOOKUP(B4,Nuclides!A:F,5,FALSE) -> H1 | H4: =VLOOKUP(B4,Nuclides!A:F,4,FALSE) -> 613.9 | I4: =IF(H4="STABLE", "STABLE", IF(H4<60, H4&"s", IF(H4<3600, ROUND(H4/60,2)&"min", IF(H4<86400, ROUND(H4/3600,2)&"h", IF(H4<31536000, ROUND(H4/86400,2)&"d", ROUND(H4/31536000,2)&"y"))))) -> 10.23min | J4: =LN(2)/H4 -> 0.0011290881 | K4: =10*F4*(1-EXP(-J4*600))*6240000000000 -> 0 | L4: =EXP(-J4*30*60)*K4 -> 0 | M4: =G4 -> H1
B5: 1002 | C5: 0 | D5: 0 | E5: 0 | F5: =SUM(C5:E5) -> 0 | G5: =VLOOKUP(B5,Nuclides!A:F,5,FALSE) -> H2 | H5: =VLOOKUP(B5,Nuclides!A:F,4,FALSE) -> STABLE | I5: =IF(H5="STABLE", "STABLE", IF(H5<60, H5&"s", IF(H5<3600, ROUND(H5/60,2)&"min", IF(H5<86400, ROUND(H5/3600,2)&"h", IF(H5<31536000, ROUND(H5/86400,2)&"d", ROUND(H5/31536000,2)&"y"))))) -> STABLE | J5: =LN(2)/H5 -> #VALUE! | K5: =10*F5*(1-EXP(-J5*600))*6240000000000 -> #VALUE! | L5: =EXP(-J5*30*60)*K5 -> #VALUE! | M5: =G5 -> H2
B6: 1003 | C6: 0 | D6: 0 | E6: 0 | F6: =SUM(C6:E6) -> 0 | G6: =VLOOKUP(B6,Nuclides!A:F,5,FALSE) -> H3 | H6: =VLOOKUP(B6,Nuclides!A:F,4,FALSE) -> 388789632 | I6: =IF(H6="STABLE", "STABLE", IF(H6<60, H6&"s", IF(H6<3600, ROUND(H6/60,2)&"min", IF(H6<86400, ROUND(H6/3600,2)&"h", IF(H6<31536000, ROUND(H6/86400,2)&"d", ROUND(H6/31536000,2)&"y"))))) -> 12.33y | J6: =LN(2)/H6 -> 1.7828335e-09 | K6: =10*F6*(1-EXP(-J6*600))*6240000000000 -> 0 | L6: =EXP(-J6*30*60)*K6 -> 0 | M6: =G6 -> H3
B7: 2003 | C7: 0 | D7: 0 | E7: 0 | F7: =SUM(C7:E7) -> 0 | G7: =VLOOKUP(B7,Nuclides!A:F,5,FALSE) -> He3 | H7: =VLOOKUP(B7,Nuclides!A:F,4,FALSE) -> STABLE | I7: =IF(H7="STABLE", "STABLE", IF(H7<60, H7&"s", IF(H7<3600, ROUND(H7/60,2)&"min", IF(H7<86400, ROUND(H7/3600,2)&"h", IF(H7<31536000, ROUND(H7/86400,2)&"d", ROUND(H7/31536000,2)&"y"))))) -> STABLE | J7: =LN(2)/H7 -> #VALUE! | K7: =10*F7*(1-EXP(-J7*600))*6240000000000 -> #VALUE! | L7: =EXP(-J7*30*60)*K7 -> #VALUE! | M7: =G7 -> He3
B8: 2004 | C8: 0 | D8: 0 | E8: 0 | F8: =SUM(C8:E8) -> 0 | G8: =VLOOKUP(B8,Nuclides!A:F,5,FALSE) -> He4 | H8: =VLOOKUP(B8,Nuclides!A:F,4,FALSE) -> STABLE | I8: =IF(H8="STABLE", "STABLE", IF(H8<60, H8&"s", IF(H8<3600, ROUND(H8/60,2)&"min", IF(H8<86400, ROUND(H8/3600,2)&"h", IF(H8<31536000, ROUND(H8/86400,2)&"d", ROUND(H8/31536000,2)&"y"))))) -> STABLE | J8: =LN(2)/H8 -> #VALUE! | K8: =10*F8*(1-EXP(-J8*600))*6240000000000 -> #VALUE! | L8: =EXP(-J8*30*60)*K8 -> #VALUE! | M8: =G8 -> He4
B9: 2005 | C9: 0 | D9: 0 | E9: 0 | F9: =SUM(C9:E9) -> 0 | G9: =VLOOKUP(B9,Nuclides!A:F,5,FALSE) -> He5 | H9: =VLOOKUP(B9,Nuclides!A:F,4,FALSE) -> 7.595e-22 | I9: =IF(H9="STABLE", "STABLE", IF(H9<60, H9&"s", IF(H9<3600, ROUND(H9/60,2)&"min", IF(H9<86400, ROUND(H9/3600,2)&"h", IF(H9<31536000, ROUND(H9/86400,2)&"d", ROUND(H9/31536000,2)&"y"))))) -> 7.595E-22s | J9: =LN(2)/H9 -> 9.1263618e+20 | K9: =10*F9*(1-EXP(-J9*600))*6240000000000 -> 0 | L9: =EXP(-J9*30*60)*K9 -> 0 | M9: =G9 -> He5
B10: 2006 | C10: 0 | D10: 0 | E10: 0 | F10: =SUM(C10:E10) -> 0 | G10: =VLOOKUP(B10,Nuclides!A:F,5,FALSE) -> He6 | H10: =VLOOKUP(B10,Nuclides!A:F,4,FALSE) -> 0.8067 | I10: =IF(H10="STABLE", "STABLE", IF(H10<60, H10&"s", IF(H10<3600, ROUND(H10/60,2)&"min", IF(H10<86400, ROUND(H10/3600,2)&"h", IF(H10<31536000, ROUND(H10/86400,2)&"d", ROUND(H10/31536000,2)&"y"))))) -> 0.8067s | J10: =LN(2)/H10 -> 0.85923786 | K10: =10*F10*(1-EXP(-J10*600))*6240000000000 -> 0 | L10: =EXP(-J10*30*60)*K10 -> 0 | M10: =G10 -> He6
B11: 2007 | C11: 0 | D11: 0 | E11: 0 | F11: =SUM(C11:E11) -> 0 | G11: =VLOOKUP(B11,Nuclides!A:F,5,FALSE) -> He7 | H11: =VLOOKUP(B11,Nuclides!A:F,4,FALSE) -> 3.038e-21 | I11: =IF(H11="STABLE", "STABLE", IF(H11<60, H11&"s", IF(H11<3600, ROUND(H11/60,2)&"min", IF(H11<86400, ROUND(H11/3600,2)&"h", IF(H11<31536000, ROUND(H11/86400,2)&"d", ROUND(H11/31536000,2)&"y"))))) -> 3.038E-21s | J11: =LN(2)/H11 -> 2.2815905e+20 | K11: =10*F11*(1-EXP(-J11*600))*6240000000000 -> 0 | L11: =EXP(-J11*30*60)*K11 -> 0 | M11: =G11 -> He7
B12: 2008 | C12: 0 | D12: 0 | E12: 0 | F12: =SUM(C12:E12) -> 0 | G12: =VLOOKUP(B12,Nuclides!A:F,5,FALSE) -> He8 | H12: =VLOOKUP(B12,Nuclides!A:F,4,FALSE) -> 0.1191 | I12: =IF(H12="STABLE", "STABLE", IF(H12<60, H12&"s", IF(H12<3600, ROUND(H12/60,2)&"min", IF(H12<86400, ROUND(H12/3600,2)&"h", IF(H12<31536000, ROUND(H12/86400,2)&"d", ROUND(H12/31536000,2)&"y"))))) -> 0.1191s | J12: =LN(2)/H12 -> 5.8198756 | K12: =10*F12*(1-EXP(-J12*600))*6240000000000 -> 0 | L12: =EXP(-J12*30*60)*K12 -> 0 | M12: =G12 -> He8
B13: 3005 | C13: 0 | D13: 0 | E13: 0 | F13: =SUM(C13:E13) -> 0 | G13: =VLOOKUP(B13,Nuclides!A:F,5,FALSE) -> Li5 | H13: =VLOOKUP(B13,Nuclides!A:F,4,FALSE) -> 3.038e-22 | I13: =IF(H13="STABLE", "STABLE", IF(H13<60, H13&"s", IF(H13<3600, ROUND(H13/60,2)&"min", IF(H13<86400, ROUND(H13/3600,2)&"h", IF(H13<31536000, ROUND(H13/86400,2)&"d", ROUND(H13/31536000,2)&"y"))))) -> 3.038E-22s | J13: =LN(2)/H13 -> 2.2815905e+21 | K13: =10*F13*(1-EXP(-J13*600))*6240000000000 -> 0 | L13: =EXP(-J13*30*60)*K13 -> 0 | M13: =G13 -> Li5
B14: 3006 | C14: 0 | D14: 0 | E14: 0 | F14: =SUM(C14:E14) -> 0 | G14: =VLOOKUP(B14,Nuclides!A:F,5,FALSE) -> Li6 | H14: =VLOOKUP(B14,Nuclides!A:F,4,FALSE) -> STABLE | I14: =IF(H14="STABLE", "STABLE", IF(H14<60, H14&"s", IF(H14<3600, ROUND(H14/60,2)&"min", IF(H14<86400, ROUND(H14/3600,2)&"h", IF(H14<31536000, ROUND(H14/86400,2)&"d", ROUND(H14/31536000,2)&"y"))))) -> STABLE | J14: =LN(2)/H14 -> #VALUE! | K14: =10*F14*(1-EXP(-J14*600))*6240000000000 -> #VALUE! | L14: =EXP(-J14*30*60)*K14 -> #VALUE! | M14: =G14 -> Li6
B15: 3007 | C15: 0 | D15: 0 | E15: 0 | F15: =SUM(C15:E15) -> 0 | G15: =VLOOKUP(B15,Nuclides!A:F,5,FALSE) -> Li7 | H15: =VLOOKUP(B15,Nuclides!A:F,4,FALSE) -> STABLE | I15: =IF(H15="STABLE", "STABLE", IF(H15<60, H15&"s", IF(H15<3600, ROUND(H15/60,2)&"min", IF(H15<86400, ROUND(H15/3600,2)&"h", IF(H15<31536000, ROUND(H15/86400,2)&"d", ROUND(H15/31536000,2)&"y"))))) -> STABLE | J15: =LN(2)/H15 -> #VALUE! | K15: =10*F15*(1-EXP(-J15*600))*6240000000000 -> #VALUE! | L15: =EXP(-J15*30*60)*K15 -> #VALUE! | M15: =G15 -> Li7
... B351: 27060 | C351: 0 | D351: 0 | E351: 0 | F351: =SUM(C351:E351) -> 0 | G351: =VLOOKUP(B351,Nuclides!A:F,5,FALSE) -> Co60 | H351: =VLOOKUP(B351,Nuclides!A:F,4,FALSE) -> 166344192 | I351: =IF(H351="STABLE", "STABLE", IF(H351<60, H351&"s", IF(H351<3600, ROUND(H351/60,2)&"min", IF(H351<86400, ROUND(H351/3600,2)&"h", IF(H351<31536000, ROUND(H351/86400,2)&"d", ROUND(H351/31536000,2)&"y"))))) -> 5.27y | J351: =LN(2)/H351 -> 4.1669455e-09 | K351: =10*F351*(1-EXP(-J351*600))*6240000000000 -> 0 | L351: =EXP(-J351*30*60)*K351 -> 0 | M351: =G351 -> Co60
B352: 27061 | C352: 5.8e-06 | D352: 0 | E352: 0 | F352: =SUM(C352:E352) -> 5.8e-06 | G352: =VLOOKUP(B352,Nuclides!A:F,5,FALSE) -> Co61 | H352: =VLOOKUP(B352,Nuclides!A:F,4,FALSE) -> 5936.4 | I352: =IF(H352="STABLE", "STABLE", IF(H352<60, H352&"s", IF(H352<3600, ROUND(H352/60,2)&"min", IF(H352<86400, ROUND(H352/3600,2)&"h", IF(H352<31536000, ROUND(H352/86400,2)&"d", ROUND(H352/31536000,2)&"y"))))) -> 1.65h | J352: =LN(2)/H352 -> 0.00011676221 | K352: =10*F352*(1-EXP(-J352*600))*6240000000000 -> 24487373 | L352: =EXP(-J352*30*60)*K352 -> 19845665 | M352: =G352 -> Co61 | N352: =L352 -> 19845665 | O352: =0 -> 0
B353: 27062 | C353: 0 | D353: 0 | E353: 0 | F353: =SUM(C353:E353) -> 0 | G353: =VLOOKUP(B353,Nuclides!A:F,5,FALSE) -> Co62 | H353: =VLOOKUP(B353,Nuclides!A:F,4,FALSE) -> 90 | I353: =IF(H353="STABLE", "STABLE", IF(H353<60, H353&"s", IF(H353<3600, ROUND(H353/60,2)&"min", IF(H353<86400, ROUND(H353/3600,2)&"h", IF(H353<31536000, ROUND(H353/86400,2)&"d", ROUND(H353/31536000,2)&"y"))))) -> 1.5min | J353: =LN(2)/H353 -> 0.0077016353 | K353: =10*F353*(1-EXP(-J353*600))*6240000000000 -> 0 | L353: =EXP(-J353*30*60)*K353 -> 0 | M353: =G353 -> Co62
B354: 27063 | C354: 0 | D354: 0 | E354: 0 | F354: =SUM(C354:E354) -> 0 | G354: =VLOOKUP(B354,Nuclides!A:F,5,FALSE) -> Co63 | H354: =VLOOKUP(B354,Nuclides!A:F,4,FALSE) -> 27.4 | I354: =IF(H354="STABLE", "STABLE", IF(H354<60, H354&"s", IF(H354<3600, ROUND(H354/60,2)&"min", IF(H354<86400, ROUND(H354/3600,2)&"h", IF(H354<31536000, ROUND(H354/86400,2)&"d", ROUND(H354/31536000,2)&"y"))))) -> 27.4s | J354: =LN(2)/H354 -> 0.025297342 | K354: =10*F354*(1-EXP(-J354*600))*6240000000000 -> 0 | L354: =EXP(-J354*30*60)*K354 -> 0 | M354: =G354 -> Co63
B355: 27064 | C355: 0 | D355: 0 | E355: 0 | F355: =SUM(C355:E355) -> 0 | G355: =VLOOKUP(B355,Nuclides!A:F,5,FALSE) -> Co64 | H355: =VLOOKUP(B355,Nuclides!A:F,4,FALSE) -> 0.3 | I355: =IF(H355="STABLE", "STABLE", IF(H355<60, H355&"s", IF(H355<3600, ROUND(H355/60,2)&"min", IF(H355<86400, ROUND(H355/3600,2)&"h", IF(H355<31536000, ROUND(H355/86400,2)&"d", ROUND(H355/31536000,2)&"y"))))) -> 0.3s | J355: =LN(2)/H355 -> 2.3104906 | K355: =10*F355*(1-EXP(-J355*600))*6240000000000 -> 0 | L355: =EXP(-J355*30*60)*K355 -> 0 | M355: =G355 -> Co64
B356: 28053 | C356: 0 | D356: 0 | E356: 0 | F356: =SUM(C356:E356) -> 0 | G356: =VLOOKUP(B356,Nuclides!A:F,5,FALSE) -> Ni53 | H356: =VLOOKUP(B356,Nuclides!A:F,4,FALSE) -> 0.0552 | I356: =IF(H356="STABLE", "STABLE", IF(H356<60, H356&"s", IF(H356<3600, ROUND(H356/60,2)&"min", IF(H356<86400, ROUND(H356/3600,2)&"h", IF(H356<31536000, ROUND(H356/86400,2)&"d", ROUND(H356/31536000,2)&"y"))))) -> 0.0552s | J356: =LN(2)/H356 -> 12.557014 | K356: =10*F356*(1-EXP(-J356*600))*6240000000000 -> 0 | L356: =EXP(-J356*30*60)*K356 -> 0 | M356: =G356 -> Ni53
B357: 28054 | C357: 0 | D357: 0 | E357: 0 | F357: =SUM(C357:E357) -> 0 | G357: =VLOOKUP(B357,Nuclides!A:F,5,FALSE) -> Ni54 | H357: =VLOOKUP(B357,Nuclides!A:F,4,FALSE) -> 0.1142 | I357: =IF(H357="STABLE", "STABLE", IF(H357<60, H357&"s", IF(H357<3600, ROUND(H357/60,2)&"min", IF(H357<86400, ROUND(H357/3600,2)&"h", IF(H357<31536000, ROUND(H357/86400,2)&"d", ROUND(H357/31536000,2)&"y"))))) -> 0.1142s | J357: =LN(2)/H357 -> 6.06959 | K357: =10*F357*(1-EXP(-J357*600))*6240000000000 -> 0 | L357: =EXP(-J357*30*60)*K357 -> 0 | M357: =G357 -> Ni54
B358: 28055 | C358: 0 | D358: 0 | E358: 0 | F358: =SUM(C358:E358) -> 0 | G358: =VLOOKUP(B358,Nuclides!A:F,5,FALSE) -> Ni55 | H358: =VLOOKUP(B358,Nuclides!A:F,4,FALSE) -> 0.2047 | I358: =IF(H358="STABLE", "STABLE", IF(H358<60, H358&"s", IF(H358<3600, ROUND(H358/60,2)&"min", IF(H358<86400, ROUND(H358/3600,2)&"h", IF(H358<31536000, ROUND(H358/86400,2)&"d", ROUND(H358/31536000,2)&"y"))))) -> 0.2047s | J358: =LN(2)/H358 -> 3.3861611 | K358: =10*F358*(1-EXP(-J358*600))*6240000000000 -> 0 | L358: =EXP(-J358*30*60)*K358 -> 0 | M358: =G358 -> Ni55
B359: 28056 | C359: 0 | D359: 0 | E359: 0 | F359: =SUM(C359:E359) -> 0 | G359: =VLOOKUP(B359,Nuclides!A:F,5,FALSE) -> Ni56 | H359: =VLOOKUP(B359,Nuclides!A:F,4,FALSE) -> 524880 | I359: =IF(H359="STABLE", "STABLE", IF(H359<60, H359&"s", IF(H359<3600, ROUND(H359/60,2)&"min", IF(H359<86400, ROUND(H359/3600,2)&"h", IF(H359<31536000, ROUND(H359/86400,2)&"d", ROUND(H359/31536000,2)&"y"))))) -> 6.08d | J359: =LN(2)/H359 -> 1.3205822e-06 | K359: =10*F359*(1-EXP(-J359*600))*6240000000000 -> 0 | L359: =EXP(-J359*30*60)*K359 -> 0 | M359: =G359 -> Ni56
B360: 28057 | C360: 0 | D360: 0 | E360: 0 | F360: =SUM(C360:E360) -> 0 | G360: =VLOOKUP(B360,Nuclides!A:F,5,FALSE) -> Ni57 | H360: =VLOOKUP(B360,Nuclides!A:F,4,FALSE) -> 128160 | I360: =IF(H360="STABLE", "STABLE", IF(H360<60, H360&"s", IF(H360<3600, ROUND(H360/60,2)&"min", IF(H360<86400, ROUND(H360/3600,2)&"h", IF(H360<31536000, ROUND(H360/86400,2)&"d", ROUND(H360/31536000,2)&"y"))))) -> 1.48d | J360: =LN(2)/H360 -> 5.4084518e-06 | K360: =10*F360*(1-EXP(-J360*600))*6240000000000 -> 0 | L360: =EXP(-J360*30*60)*K360 -> 0 | M360: =G360 -> Ni57
B361: 28058 | C361: 0 | D361: 0 | E361: 0 | F361: =SUM(C361:E361) -> 0 | G361: =VLOOKUP(B361,Nuclides!A:F,5,FALSE) -> Ni58 | H361: =VLOOKUP(B361,Nuclides!A:F,4,FALSE) -> STABLE | I361: =IF(H361="STABLE", "STABLE", IF(H361<60, H361&"s", IF(H361<3600, ROUND(H361/60,2)&"min", IF(H361<86400, ROUND(H361/3600,2)&"h", IF(H361<31536000, ROUND(H361/86400,2)&"d", ROUND(H361/31536000,2)&"y"))))) -> STABLE | J361: =LN(2)/H361 -> #VALUE! | K361: =10*F361*(1-EXP(-J361*600))*6240000000000 -> #VALUE! | L361: =EXP(-J361*30*60)*K361 -> #VALUE! | M361: =G361 -> Ni58
B362: 28059 | C362: 0 | D362: 0 | E362: 0 | F362: =SUM(C362:E362) -> 0 | G362: =VLOOKUP(B362,Nuclides!A:F,5,FALSE) -> Ni59 | H362: =VLOOKUP(B362,Nuclides!A:F,4,FALSE) -> 2398377600000 | I362: =IF(H362="STABLE", "STABLE", IF(H362<60, H362&"s", IF(H362<3600, ROUND(H362/60,2)&"min", IF(H362<86400, ROUND(H362/3600,2)&"h", IF(H362<31536000, ROUND(H362/86400,2)&"d", ROUND(H362/31536000,2)&"y"))))) -> 76052.05y | J362: =LN(2)/H362 -> 2.8900669e-13 | K362: =10*F362*(1-EXP(-J362*600))*6240000000000 -> 0 | L362: =EXP(-J362*30*60)*K362 -> 0 | M362: =G362 -> Ni59
B363: 28060 | C363: 0 | D363: 0 | E363: 0.0001248 | F363: =SUM(C363:E363) -> 0.0001248 | G363: =VLOOKUP(B363,Nuclides!A:F,5,FALSE) -> Ni60 | H363: =VLOOKUP(B363,Nuclides!A:F,4,FALSE) -> STABLE | I363: =IF(H363="STABLE", "STABLE", IF(H363<60, H363&"s", IF(H363<3600, ROUND(H363/60,2)&"min", IF(H363<86400, ROUND(H363/3600,2)&"h", IF(H363<31536000, ROUND(H363/86400,2)&"d", ROUND(H363/31536000,2)&"y"))))) -> STABLE | J363: =LN(2)/H363 -> #VALUE! | K363: =10*F363*(1-EXP(-J363*600))*6240000000000 -> #VALUE! | L363: =EXP(-J363*30*60)*K363 -> #VALUE! | M363: =G363 -> Ni60
B364: 28061 | C364: 0 | D364: 0 | E364: 0 | F364: =SUM(C364:E364) -> 0 | G364: =VLOOKUP(B364,Nuclides!A:F,5,FALSE) -> Ni61 | H364: =VLOOKUP(B364,Nuclides!A:F,4,FALSE) -> STABLE | I364: =IF(H364="STABLE", "STABLE", IF(H364<60, H364&"s", IF(H364<3600, ROUND(H364/60,2)&"min", IF(H364<86400, ROUND(H364/3600,2)&"h", IF(H364<31536000, ROUND(H364/86400,2)&"d", ROUND(H364/31536000,2)&"y"))))) -> STABLE | J364: =LN(2)/H364 -> #VALUE! | K364: =10*F364*(1-EXP(-J364*600))*6240000000000 -> #VALUE! | L364: =EXP(-J364*30*60)*K364 -> #VALUE! | M364: =G364 -> Ni61
B365: 28062 | C365: 0 | D365: 0 | E365: 1.65e-05 | F365: =SUM(C365:E365) -> 1.65e-05 | G365: =VLOOKUP(B365,Nuclides!A:F,5,FALSE) -> Ni62 | H365: =VLOOKUP(B365,Nuclides!A:F,4,FALSE) -> STABLE | I365: =IF(H365="STABLE", "STABLE", IF(H365<60, H365&"s", IF(H365<3600, ROUND(H365/60,2)&"min", IF(H365<86400, ROUND(H365/3600,2)&"h", IF(H365<31536000, ROUND(H365/86400,2)&"d", ROUND(H365/31536000,2)&"y"))))) -> STABLE | J365: =LN(2)/H365 -> #VALUE! | K365: =10*F365*(1-EXP(-J365*600))*6240000000000 -> #VALUE! | L365: =EXP(-J365*30*60)*K365 -> #VALUE! | M365: =G365 -> Ni62
B366: 28063 | C366: 1.7e-06 | D366: 0 | E366: 2.6e-06 | F366: =SUM(C366:E366) -> 4.3e-06 | G366: =VLOOKUP(B366,Nuclides!A:F,5,FALSE) -> Ni63 | H366: =VLOOKUP(B366,Nuclides!A:F,4,FALSE) -> 3193629120 | I366: =IF(H366="STABLE", "STABLE", IF(H366<60, H366&"s", IF(H366<3600, ROUND(H366/60,2)&"min", IF(H366<86400, ROUND(H366/3600,2)&"h", IF(H366<31536000, ROUND(H366/86400,2)&"d", ROUND(H366/31536000,2)&"y"))))) -> 101.27y | J366: =LN(2)/H366 -> 2.170406e-10 | K366: =10*F366*(1-EXP(-J366*600))*6240000000000 -> 34.941798 | L366: =EXP(-J366*30*60)*K366 -> 34.941784 | M366: =G366 -> Ni63 | N366: =L366 -> 34.941784 | O366: =0 -> 0
B367: 28064 | C367: 0.0008535 | D367: 0 | E367: 0 | F367: =SUM(C367:E367) -> 0.0008535 | G367: =VLOOKUP(B367,Nuclides!A:F,5,FALSE) -> Ni64 | H367: =VLOOKUP(B367,Nuclides!A:F,4,FALSE) -> STABLE | I367: =IF(H367="STABLE", "STABLE", IF(H367<60, H367&"s", IF(H367<3600, ROUND(H367/60,2)&"min", IF(H367<86400, ROUND(H367/3600,2)&"h", IF(H367<31536000, ROUND(H367/86400,2)&"d", ROUND(H367/31536000,2)&"y"))))) -> STABLE | J367: =LN(2)/H367 -> #VALUE! | K367: =10*F367*(1-EXP(-J367*600))*6240000000000 -> #VALUE! | L367: =EXP(-J367*30*60)*K367 -> #VALUE! | M367: =G367 -> Ni64
B368: 28065 | C368: 0 | D368: 0 | E368: 0 | F368: =SUM(C368:E368) -> 0 | G368: =VLOOKUP(B368,Nuclides!A:F,5,FALSE) -> Ni65 | H368: =VLOOKUP(B368,Nuclides!A:F,4,FALSE) -> 9063 | I368: =IF(H368="STABLE", "STABLE", IF(H368<60, H368&"s", IF(H368<3600, ROUND(H368/60,2)&"min", IF(H368<86400, ROUND(H368/3600,2)&"h", IF(H368<31536000, ROUND(H368/86400,2)&"d", ROUND(H368/31536000,2)&"y"))))) -> 2.52h | J368: =LN(2)/H368 -> 7.6480986e-05 | K368: =10*F368*(1-EXP(-J368*600))*6240000000000 -> 0 | L368: =EXP(-J368*30*60)*K368 -> 0 | M368: =G368 -> Ni65
B369: 28066 | C369: 0 | D369: 0 | E369: 0 | F369: =SUM(C369:E369) -> 0 | G369: =VLOOKUP(B369,Nuclides!A:F,5,FALSE) -> Ni66 | H369: =VLOOKUP(B369,Nuclides!A:F,4,FALSE) -> 196560 | I369: =IF(H369="STABLE", "STABLE", IF(H369<60, H369&"s", IF(H369<3600, ROUND(H369/60,2)&"min", IF(H369<86400, ROUND(H369/3600,2)&"h", IF(H369<31536000, ROUND(H369/86400,2)&"d", ROUND(H369/31536000,2)&"y"))))) -> 2.28d | J369: =LN(2)/H369 -> 3.5263898e-06 | K369: =10*F369*(1-EXP(-J369*600))*6240000000000 -> 0 | L369: =EXP(-J369*30*60)*K369 -> 0 | M369: =G369 -> Ni66
B370: 28067 | C370: 0 | D370: 0 | E370: 0 | F370: =SUM(C370:E370) -> 0 | G370: =VLOOKUP(B370,Nuclides!A:F,5,FALSE) -> Ni67 | H370: =VLOOKUP(B370,Nuclides!A:F,4,FALSE) -> 21 | I370: =IF(H370="STABLE", "STABLE", IF(H370<60, H370&"s", IF(H370<3600, ROUND(H370/60,2)&"min", IF(H370<86400, ROUND(H370/3600,2)&"h", IF(H370<31536000, ROUND(H370/86400,2)&"d", ROUND(H370/31536000,2)&"y"))))) -> 21s | J370: =LN(2)/H370 -> 0.033007009 | K370: =10*F370*(1-EXP(-J370*600))*6240000000000 -> 0 | L370: =EXP(-J370*30*60)*K370 -> 0 | M370: =G370 -> Ni67
B371: 28068 | C371: 0 | D371: 0 | E371: 0 | F371: =SUM(C371:E371) -> 0 | G371: =VLOOKUP(B371,Nuclides!A:F,5,FALSE) -> Ni68 | H371: =VLOOKUP(B371,Nuclides!A:F,4,FALSE) -> 29 | I371: =IF(H371="STABLE", "STABLE", IF(H371<60, H371&"s", IF(H371<3600, ROUND(H371/60,2)&"min", IF(H371<86400, ROUND(H371/3600,2)&"h", IF(H371<31536000, ROUND(H371/86400,2)&"d", ROUND(H371/31536000,2)&"y"))))) -> 29s | J371: =LN(2)/H371 -> 0.023901627 | K371: =10*F371*(1-EXP(-J371*600))*6240000000000 -> 0 | L371: =EXP(-J371*30*60)*K371 -> 0 | M371: =G371 -> Ni68
B372: 29057 | C372: 0 | D372: 0 | E372: 0 | F372: =SUM(C372:E372) -> 0 | G372: =VLOOKUP(B372,Nuclides!A:F,5,FALSE) -> Cu57 | H372: =VLOOKUP(B372,Nuclides!A:F,4,FALSE) -> 0.1963 | I372: =IF(H372="STABLE", "STABLE", IF(H372<60, H372&"s", IF(H372<3600, ROUND(H372/60,2)&"min", IF(H372<86400, ROUND(H372/3600,2)&"h", IF(H372<31536000, ROUND(H372/86400,2)&"d", ROUND(H372/31536000,2)&"y"))))) -> 0.1963s | J372: =LN(2)/H372 -> 3.5310605 | K372: =10*F372*(1-EXP(-J372*600))*6240000000000 -> 0 | L372: =EXP(-J372*30*60)*K372 -> 0 | M372: =G372 -> Cu57
B373: 29058 | C373: 0 | D373: 0 | E373: 0 | F373: =SUM(C373:E373) -> 0 | G373: =VLOOKUP(B373,Nuclides!A:F,5,FALSE) -> Cu58 | H373: =VLOOKUP(B373,Nuclides!A:F,4,FALSE) -> 3.204 | I373: =IF(H373="STABLE", "STABLE", IF(H373<60, H373&"s", IF(H373<3600, ROUND(H373/60,2)&"min", IF(H373<86400, ROUND(H373/3600,2)&"h", IF(H373<31536000, ROUND(H373/86400,2)&"d", ROUND(H373/31536000,2)&"y"))))) -> 3.204s | J373: =LN(2)/H373 -> 0.21633807 | K373: =10*F373*(1-EXP(-J373*600))*6240000000000 -> 0 | L373: =EXP(-J373*30*60)*K373 -> 0 | M373: =G373 -> Cu58
B374: 29059 | C374: 0 | D374: 0 | E374: 0 | F374: =SUM(C374:E374) -> 0 | G374: =VLOOKUP(B374,Nuclides!A:F,5,FALSE) -> Cu59 | H374: =VLOOKUP(B374,Nuclides!A:F,4,FALSE) -> 81.5 | I374: =IF(H374="STABLE", "STABLE", IF(H374<60, H374&"s", IF(H374<3600, ROUND(H374/60,2)&"min", IF(H374<86400, ROUND(H374/3600,2)&"h", IF(H374<31536000, ROUND(H374/86400,2)&"d", ROUND(H374/31536000,2)&"y"))))) -> 1.36min | J374: =LN(2)/H374 -> 0.0085048734 | K374: =10*F374*(1-EXP(-J374*600))*6240000000000 -> 0 | L374: =EXP(-J374*30*60)*K374 -> 0 | M374: =G374 -> Cu59
B375: 29060 | C375: 0 | D375: 0 | E375: 0 | F375: =SUM(C375:E375) -> 0 | G375: =VLOOKUP(B375,Nuclides!A:F,5,FALSE) -> Cu60 | H375: =VLOOKUP(B375,Nuclides!A:F,4,FALSE) -> 1422 | I375: =IF(H375="STABLE", "STABLE", IF(H375<60, H375&"s", IF(H375<3600, ROUND(H375/60,2)&"min", IF(H375<86400, ROUND(H375/3600,2)&"h", IF(H375<31536000, ROUND(H375/86400,2)&"d", ROUND(H375/31536000,2)&"y"))))) -> 23.7min | J375: =LN(2)/H375 -> 0.00048744527 | K375: =10*F375*(1-EXP(-J375*600))*6240000000000 -> 0 | L375: =EXP(-J375*30*60)*K375 -> 0 | M375: =G375 -> Cu60
B376: 29061 | C376: 0 | D376: 0 | E376: 0 | F376: =SUM(C376:E376) -> 0 | G376: =VLOOKUP(B376,Nuclides!A:F,5,FALSE) -> Cu61 | H376: =VLOOKUP(B376,Nuclides!A:F,4,FALSE) -> 12020.4 | I376: =IF(H376="STABLE", "STABLE", IF(H376<60, H376&"s", IF(H376<3600, ROUND(H376/60,2)&"min", IF(H376<86400, ROUND(H376/3600,2)&"h", IF(H376<31536000, ROUND(H376/86400,2)&"d", ROUND(H376/31536000,2)&"y"))))) -> 3.34h | J376: =LN(2)/H376 -> 5.7664236e-05 | K376: =10*F376*(1-EXP(-J376*600))*6240000000000 -> 0 | L376: =EXP(-J376*30*60)*K376 -> 0 | M376: =G376 -> Cu61
B377: 29062 | C377: 0 | D377: 0 | E377: 0 | F377: =SUM(C377:E377) -> 0 | G377: =VLOOKUP(B377,Nuclides!A:F,5,FALSE) -> Cu62 | H377: =VLOOKUP(B377,Nuclides!A:F,4,FALSE) -> 580.38 | I377: =IF(H377="STABLE", "STABLE", IF(H377<60, H377&"s", IF(H377<3600, ROUND(H377/60,2)&"min", IF(H377<86400, ROUND(H377/3600,2)&"h", IF(H377<31536000, ROUND(H377/86400,2)&"d", ROUND(H377/31536000,2)&"y"))))) -> 9.67min | J377: =LN(2)/H377 -> 0.0011942989 | K377: =10*F377*(1-EXP(-J377*600))*6240000000000 -> 0 | L377: =EXP(-J377*30*60)*K377 -> 0 | M377: =G377 -> Cu62
B378: 29063 | C378: 0.0004743 | D378: 0 | E378: 0.0017635 | F378: =SUM(C378:E378) -> 0.0022378 | G378: =VLOOKUP(B378,Nuclides!A:F,5,FALSE) -> Cu63 | H378: =VLOOKUP(B378,Nuclides!A:F,4,FALSE) -> STABLE | I378: =IF(H378="STABLE", "STABLE", IF(H378<60, H378&"s", IF(H378<3600, ROUND(H378/60,2)&"min", IF(H378<86400, ROUND(H378/3600,2)&"h", IF(H378<31536000, ROUND(H378/86400,2)&"d", ROUND(H378/31536000,2)&"y"))))) -> STABLE | J378: =LN(2)/H378 -> #VALUE! | K378: =10*F378*(1-EXP(-J378*600))*6240000000000 -> #VALUE! | L378: =EXP(-J378*30*60)*K378 -> #VALUE! | M378: =G378 -> Cu63
B379: 29064 | C379: 0.000351 | D379: 0 | E379: 1.8e-06 | F379: =SUM(C379:E379) -> 0.0003528 | G379: =VLOOKUP(B379,Nuclides!A:F,5,FALSE) -> Cu64 | H379: =VLOOKUP(B379,Nuclides!A:F,4,FALSE) -> 45723.6 | I379: =IF(H379="STABLE", "STABLE", IF(H379<60, H379&"s", IF(H379<3600, ROUND(H379/60,2)&"min", IF(H379<86400, ROUND(H379/3600,2)&"h", IF(H379<31536000, ROUND(H379/86400,2)&"d", ROUND(H379/31536000,2)&"y"))))) -> 12.7h | J379: =LN(2)/H379 -> 1.5159506e-05 | K379: =10*F379*(1-EXP(-J379*600))*6240000000000 -> 1.9933146e+08 | L379: =EXP(-J379*30*60)*K379 -> 1.9396582e+08 | M379: =G379 -> Cu64 | N379: =L379 -> 1.9396582e+08 | O379: =0 -> 0
B380: 29065 | C380: 0 | D380: 0 | E380: 0.0005252 | F380: =SUM(C380:E380) -> 0.0005252 | G380: =VLOOKUP(B380,Nuclides!A:F,5,FALSE) -> Cu65 | H380: =VLOOKUP(B380,Nuclides!A:F,4,FALSE) -> STABLE | I380: =IF(H380="STABLE", "STABLE", IF(H380<60, H380&"s", IF(H380<3600, ROUND(H380/60,2)&"min", IF(H380<86400, ROUND(H380/3600,2)&"h", IF(H380<31536000, ROUND(H380/86400,2)&"d", ROUND(H380/31536000,2)&"y"))))) -> STABLE | J380: =LN(2)/H380 -> #VALUE! | K380: =10*F380*(1-EXP(-J380*600))*6240000000000 -> #VALUE! | L380: =EXP(-J380*30*60)*K380 -> #VALUE! | M380: =G380 -> Cu65
B381: 29066 | C381: 0 | D381: 0 | E381: 4e-07 | F381: =SUM(C381:E381) -> 4e-07 | G381: =VLOOKUP(B381,Nuclides!A:F,5,FALSE) -> Cu66 | H381: =VLOOKUP(B381,Nuclides!A:F,4,FALSE) -> 307.2 | I381: =IF(H381="STABLE", "STABLE", IF(H381<60, H381&"s", IF(H381<3600, ROUND(H381/60,2)&"min", IF(H381<86400, ROUND(H381/3600,2)&"h", IF(H381<31536000, ROUND(H381/86400,2)&"d", ROUND(H381/31536000,2)&"y"))))) -> 5.12min | J381: =LN(2)/H381 -> 0.0022563385 | K381: =10*F381*(1-EXP(-J381*600))*6240000000000 -> 18513925 | L381: =EXP(-J381*30*60)*K381 -> 318897.32 | M381: =G381 -> Cu66 | N381: =L381 -> 318897.32 | O381: =0 -> 0
B382: 29067 | C382: 0 | D382: 0 | E382: 0 | F382: =SUM(C382:E382) -> 0 | G382: =VLOOKUP(B382,Nuclides!A:F,5,FALSE) -> Cu67 | H382: =VLOOKUP(B382,Nuclides!A:F,4,FALSE) -> 222588 | I382: =IF(H382="STABLE", "STABLE", IF(H382<60, H382&"s", IF(H382<3600, ROUND(H382/60,2)&"min", IF(H382<86400, ROUND(H382/3600,2)&"h", IF(H382<31536000, ROUND(H382/86400,2)&"d", ROUND(H382/31536000,2)&"y"))))) -> 2.58d | J382: =LN(2)/H382 -> 3.1140366e-06 | K382: =10*F382*(1-EXP(-J382*600))*6240000000000 -> 0 | L382: =EXP(-J382*30*60)*K382 -> 0 | M382: =G382 -> Cu67
B383: 29068 | C383: 0 | D383: 0 | E383: 0 | F383: =SUM(C383:E383) -> 0 | G383: =VLOOKUP(B383,Nuclides!A:F,5,FALSE) -> Cu68 | H383: =VLOOKUP(B383,Nuclides!A:F,4,FALSE) -> 30.9 | I383: =IF(H383="STABLE", "STABLE", IF(H383<60, H383&"s", IF(H383<3600, ROUND(H383/60,2)&"min", IF(H383<86400, ROUND(H383/3600,2)&"h", IF(H383<31536000, ROUND(H383/86400,2)&"d", ROUND(H383/31536000,2)&"y"))))) -> 30.9s | J383: =LN(2)/H383 -> 0.022431948 | K383: =10*F383*(1-EXP(-J383*600))*6240000000000 -> 0 | L383: =EXP(-J383*30*60)*K383 -> 0 | M383: =G383 -> Cu68
B384: 29069 | C384: 0 | D384: 0 | E384: 0 | F384: =SUM(C384:E384) -> 0 | G384: =VLOOKUP(B384,Nuclides!A:F,5,FALSE) -> Cu69 | H384: =VLOOKUP(B384,Nuclides!A:F,4,FALSE) -> 171 | I384: =IF(H384="STABLE", "STABLE", IF(H384<60, H384&"s", IF(H384<3600, ROUND(H384/60,2)&"min", IF(H384<86400, ROUND(H384/3600,2)&"h", IF(H384<31536000, ROUND(H384/86400,2)&"d", ROUND(H384/31536000,2)&"y"))))) -> 2.85min | J384: =LN(2)/H384 -> 0.0040534923 | K384: =10*F384*(1-EXP(-J384*600))*6240000000000 -> 0 | L384: =EXP(-J384*30*60)*K384 -> 0 | M384: =G384 -> Cu69
B385: 29070 | C385: 0 | D385: 0 | E385: 0 | F385: =SUM(C385:E385) -> 0 | G385: =VLOOKUP(B385,Nuclides!A:F,5,FALSE) -> Cu70 | H385: =VLOOKUP(B385,Nuclides!A:F,4,FALSE) -> 44.5 | I385: =IF(H385="STABLE", "STABLE", IF(H385<60, H385&"s", IF(H385<3600, ROUND(H385/60,2)&"min", IF(H385<86400, ROUND(H385/3600,2)&"h", IF(H385<31536000, ROUND(H385/86400,2)&"d", ROUND(H385/31536000,2)&"y"))))) -> 44.5s | J385: =LN(2)/H385 -> 0.015576341 | K385: =10*F385*(1-EXP(-J385*600))*6240000000000 -> 0 | L385: =EXP(-J385*30*60)*K385 -> 0 | M385: =G385 -> Cu70
B386: 29071 | C386: 0 | D386: 0 | E386: 0 | F386: =SUM(C386:E386) -> 0 | G386: =VLOOKUP(B386,Nuclides!A:F,5,FALSE) -> Cu71 | H386: =VLOOKUP(B386,Nuclides!A:F,4,FALSE) -> 19.4 | I386: =IF(H386="STABLE", "STABLE", IF(H386<60, H386&"s", IF(H386<3600, ROUND(H386/60,2)&"min", IF(H386<86400, ROUND(H386/3600,2)&"h", IF(H386<31536000, ROUND(H386/86400,2)&"d", ROUND(H386/31536000,2)&"y"))))) -> 19.4s | J386: =LN(2)/H386 -> 0.035729236 | K386: =10*F386*(1-EXP(-J386*600))*6240000000000 -> 0 | L386: =EXP(-J386*30*60)*K386 -> 0 | M386: =G386 -> Cu71
B387: 29072 | C387: 0 | D387: 0 | E387: 0 | F387: =SUM(C387:E387) -> 0 | G387: =VLOOKUP(B387,Nuclides!A:F,5,FALSE) -> Cu72 | H387: =VLOOKUP(B387,Nuclides!A:F,4,FALSE) -> 6.63 | I387: =IF(H387="STABLE", "STABLE", IF(H387<60, H387&"s", IF(H387<3600, ROUND(H387/60,2)&"min", IF(H387<86400, ROUND(H387/3600,2)&"h", IF(H387<31536000, ROUND(H387/86400,2)&"d", ROUND(H387/31536000,2)&"y"))))) -> 6.63s | J387: =LN(2)/H387 -> 0.10454709 | K387: =10*F387*(1-EXP(-J387*600))*6240000000000 -> 0 | L387: =EXP(-J387*30*60)*K387 -> 0 | M387: =G387 -> Cu72
B388: 29073 | C388: 0 | D388: 0 | E388: 0 | F388: =SUM(C388:E388) -> 0 | G388: =VLOOKUP(B388,Nuclides!A:F,5,FALSE) -> Cu73 | H388: =VLOOKUP(B388,Nuclides!A:F,4,FALSE) -> 4.2 | I388: =IF(H388="STABLE", "STABLE", IF(H388<60, H388&"s", IF(H388<3600, ROUND(H388/60,2)&"min", IF(H388<86400, ROUND(H388/3600,2)&"h", IF(H388<31536000, ROUND(H388/86400,2)&"d", ROUND(H388/31536000,2)&"y"))))) -> 4.2s | J388: =LN(2)/H388 -> 0.16503504 | K388: =10*F388*(1-EXP(-J388*600))*6240000000000 -> 0 | L388: =EXP(-J388*30*60)*K388 -> 0 | M388: =G388 -> Cu73
B389: 30057 | C389: 0 | D389: 0 | E389: 0 | F389: =SUM(C389:E389) -> 0 | G389: =VLOOKUP(B389,Nuclides!A:F,5,FALSE) -> Zn57 | H389: =VLOOKUP(B389,Nuclides!A:F,4,FALSE) -> 0.038 | I389: =IF(H389="STABLE", "STABLE", IF(H389<60, H389&"s", IF(H389<3600, ROUND(H389/60,2)&"min", IF(H389<86400, ROUND(H389/3600,2)&"h", IF(H389<31536000, ROUND(H389/86400,2)&"d", ROUND(H389/31536000,2)&"y"))))) -> 0.038s | J389: =LN(2)/H389 -> 18.240715 | K389: =10*F389*(1-EXP(-J389*600))*6240000000000 -> 0 | L389: =EXP(-J389*30*60)*K389 -> 0 | M389: =G389 -> Zn57
B390: 30058 | C390: 0 | D390: 0 | E390: 0 | F390: =SUM(C390:E390) -> 0 | G390: =VLOOKUP(B390,Nuclides!A:F,5,FALSE) -> Zn58 | H390: =VLOOKUP(B390,Nuclides!A:F,4,FALSE) -> 0.086 | I390: =IF(H390="STABLE", "STABLE", IF(H390<60, H390&"s", IF(H390<3600, ROUND(H390/60,2)&"min", IF(H390<86400, ROUND(H390/3600,2)&"h", IF(H390<31536000, ROUND(H390/86400,2)&"d", ROUND(H390/31536000,2)&"y"))))) -> 0.086s | J390: =LN(2)/H390 -> 8.0598509 | K390: =10*F390*(1-EXP(-J390*600))*6240000000000 -> 0 | L390: =EXP(-J390*30*60)*K390 -> 0 | M390: =G390 -> Zn58
B391: 30059 | C391: 0 | D391: 0 | E391: 0 | F391: =SUM(C391:E391) -> 0 | G391: =VLOOKUP(B391,Nuclides!A:F,5,FALSE) -> Zn59 | H391: =VLOOKUP(B391,Nuclides!A:F,4,FALSE) -> 0.182 | I391: =IF(H391="STABLE", "STABLE", IF(H391<60, H391&"s", IF(H391<3600, ROUND(H391/60,2)&"min", IF(H391<86400, ROUND(H391/3600,2)&"h", IF(H391<31536000, ROUND(H391/86400,2)&"d", ROUND(H391/31536000,2)&"y"))))) -> 0.182s | J391: =LN(2)/H391 -> 3.808501 | K391: =10*F391*(1-EXP(-J391*600))*6240000000000 -> 0 | L391: =EXP(-J391*30*60)*K391 -> 0 | M391: =G391 -> Zn59
B392: 30060 | C392: 0 | D392: 0 | E392: 0 | F392: =SUM(C392:E392) -> 0 | G392: =VLOOKUP(B392,Nuclides!A:F,5,FALSE) -> Zn60 | H392: =VLOOKUP(B392,Nuclides!A:F,4,FALSE) -> 142.8 | I392: =IF(H392="STABLE", "STABLE", IF(H392<60, H392&"s", IF(H392<3600, ROUND(H392/60,2)&"min", IF(H392<86400, ROUND(H392/3600,2)&"h", IF(H392<31536000, ROUND(H392/86400,2)&"d", ROUND(H392/31536000,2)&"y"))))) -> 2.38min | J392: =LN(2)/H392 -> 0.0048539719 | K392: =10*F392*(1-EXP(-J392*600))*6240000000000 -> 0 | L392: =EXP(-J392*30*60)*K392 -> 0 | M392: =G392 -> Zn60
B393: 30061 | C393: 0 | D393: 0 | E393: 0 | F393: =SUM(C393:E393) -> 0 | G393: =VLOOKUP(B393,Nuclides!A:F,5,FALSE) -> Zn61 | H393: =VLOOKUP(B393,Nuclides!A:F,4,FALSE) -> 89.1 | I393: =IF(H393="STABLE", "STABLE", IF(H393<60, H393&"s", IF(H393<3600, ROUND(H393/60,2)&"min", IF(H393<86400, ROUND(H393/3600,2)&"h", IF(H393<31536000, ROUND(H393/86400,2)&"d", ROUND(H393/31536000,2)&"y"))))) -> 1.49min | J393: =LN(2)/H393 -> 0.0077794296 | K393: =10*F393*(1-EXP(-J393*600))*6240000000000 -> 0 | L393: =EXP(-J393*30*60)*K393 -> 0 | M393: =G393 -> Zn61
B394: 30062 | C394: 0 | D394: 0 | E394: 0 | F394: =SUM(C394:E394) -> 0 | G394: =VLOOKUP(B394,Nuclides!A:F,5,FALSE) -> Zn62 | H394: =VLOOKUP(B394,Nuclides!A:F,4,FALSE) -> 33069.6 | I394: =IF(H394="STABLE", "STABLE", IF(H394<60, H394&"s", IF(H394<3600, ROUND(H394/60,2)&"min", IF(H394<86400, ROUND(H394/3600,2)&"h", IF(H394<31536000, ROUND(H394/86400,2)&"d", ROUND(H394/31536000,2)&"y"))))) -> 9.19h | J394: =LN(2)/H394 -> 2.0960253e-05 | K394: =10*F394*(1-EXP(-J394*600))*6240000000000 -> 0 | L394: =EXP(-J394*30*60)*K394 -> 0 | M394: =G394 -> Zn62
B395: 30063 | C395: 0 | D395: 0 | E395: 0.0007585 | F395: =SUM(C395:E395) -> 0.0007585 | G395: =VLOOKUP(B395,Nuclides!A:F,5,FALSE) -> Zn63 | H395: =VLOOKUP(B395,Nuclides!A:F,4,FALSE) -> 2308.2 | I395: =IF(H395="STABLE", "STABLE", IF(H395<60, H395&"s", IF(H395<3600, ROUND(H395/60,2)&"min", IF(H395<86400, ROUND(H395/3600,2)&"h", IF(H395<31536000, ROUND(H395/86400,2)&"d", ROUND(H395/31536000,2)&"y"))))) -> 38.47min | J395: =LN(2)/H395 -> 0.00030029771 | K395: =10*F395*(1-EXP(-J395*600))*6240000000000 -> 7.803788e+09 | L395: =EXP(-J395*30*60)*K395 -> 4.5452074e+09 | M395: =G395 -> Zn63 | N395: =L395 -> 4.5452074e+09 | O395: =0 -> 0
B396: 30064 | C396: 0 | D396: 0 | E396: 0.0002368 | F396: =SUM(C396:E396) -> 0.0002368 | G396: =VLOOKUP(B396,Nuclides!A:F,5,FALSE) -> Zn64 | H396: =VLOOKUP(B396,Nuclides!A:F,4,FALSE) -> 2.209032e+28 | I396: =IF(H396="STABLE", "STABLE", IF(H396<60, H396&"s", IF(H396<3600, ROUND(H396/60,2)&"min", IF(H396<86400, ROUND(H396/3600,2)&"h", IF(H396<31536000, ROUND(H396/86400,2)&"d", ROUND(H396/31536000,2)&"y"))))) -> 7.00479452054795E+20y | J396: =LN(2)/H396 -> 3.137787e-29 | K396: =10*F396*(1-EXP(-J396*600))*6240000000000 -> 0 | L396: =EXP(-J396*30*60)*K396 -> 0 | M396: =G396 -> Zn64
B397: 30065 | C397: 0 | D397: 0 | E397: 0.0007375 | F397: =SUM(C397:E397) -> 0.0007375 | G397: =VLOOKUP(B397,Nuclides!A:F,5,FALSE) -> Zn65 | H397: =VLOOKUP(B397,Nuclides!A:F,4,FALSE) -> 21075552 | I397: =IF(H397="STABLE", "STABLE", IF(H397<60, H397&"s", IF(H397<3600, ROUND(H397/60,2)&"min", IF(H397<86400, ROUND(H397/3600,2)&"h", IF(H397<31536000, ROUND(H397/86400,2)&"d", ROUND(H397/31536000,2)&"y"))))) -> 243.93d | J397: =LN(2)/H397 -> 3.2888685e-08 | K397: =10*F397*(1-EXP(-J397*600))*6240000000000 -> 908113.4 | L397: =EXP(-J397*30*60)*K397 -> 908059.64 | M397: =G397 -> Zn65 | N397: =L397 -> 908059.64 | O397: =0 -> 0
B398: 30066 | C398: 0 | D398: 0 | E398: 3.24e-05 | F398: =SUM(C398:E398) -> 3.24e-05 | G398: =VLOOKUP(B398,Nuclides!A:F,5,FALSE) -> Zn66 | H398: =VLOOKUP(B398,Nuclides!A:F,4,FALSE) -> STABLE | I398: =IF(H398="STABLE", "STABLE", IF(H398<60, H398&"s", IF(H398<3600, ROUND(H398/60,2)&"min", IF(H398<86400, ROUND(H398/3600,2)&"h", IF(H398<31536000, ROUND(H398/86400,2)&"d", ROUND(H398/31536000,2)&"y"))))) -> STABLE | J398: =LN(2)/H398 -> #VALUE! | K398: =10*F398*(1-EXP(-J398*600))*6240000000000 -> #VALUE! | L398: =EXP(-J398*30*60)*K398 -> #VALUE! | M398: =G398 -> Zn66
B399: 30067 | C399: 0 | D399: 0 | E399: 0 | F399: =SUM(C399:E399) -> 0 | G399: =VLOOKUP(B399,Nuclides!A:F,5,FALSE) -> Zn67 | H399: =VLOOKUP(B399,Nuclides!A:F,4,FALSE) -> STABLE | I399: =IF(H399="STABLE", "STABLE", IF(H399<60, H399&"s", IF(H399<3600, ROUND(H399/60,2)&"min", IF(H399<86400, ROUND(H399/3600,2)&"h", IF(H399<31536000, ROUND(H399/86400,2)&"d", ROUND(H399/31536000,2)&"y"))))) -> STABLE | J399: =LN(2)/H399 -> #VALUE! | K399: =10*F399*(1-EXP(-J399*600))*6240000000000 -> #VALUE! | L399: =EXP(-J399*30*60)*K399 -> #VALUE! | M399: =G399 -> Zn67
B400: 30068 | C400: 0 | D400: 0 | E400: 0 | F400: =SUM(C400:E400) -> 0 | G400: =VLOOKUP(B400,Nuclides!A:F,5,FALSE) -> Zn68 | H400: =VLOOKUP(B400,Nuclides!A:F,4,FALSE) -> STABLE | I400: =IF(H400="STABLE", "STABLE", IF(H400<60, H400&"s", IF(H400<3600, ROUND(H400/60,2)&"min", IF(H400<86400, ROUND(H400/3600,2)&"h", IF(H400<31536000, ROUND(H400/86400,2)&"d", ROUND(H400/31536000,2)&"y"))))) -> STABLE | J400: =LN(2)/H400 -> #VALUE! | K400: =10*F400*(1-EXP(-J400*600))*6240000000000 -> #VALUE! | L400: =EXP(-J400*30*60)*K400 -> #VALUE! | M400: =G400 -> Zn68
B401: 30069 | C401: 0 | D401: 0 | E401: 0 | F401: =SUM(C401:E401) -> 0 | G401: =VLOOKUP(B401,Nuclides!A:F,5,FALSE) -> Zn69 | H401: =VLOOKUP(B401,Nuclides!A:F,4,FALSE) -> 3384 | I401: =IF(H401="STABLE", "STABLE", IF(H401<60, H401&"s", IF(H401<3600, ROUND(H401/60,2)&"min", IF(H401<86400, ROUND(H401/3600,2)&"h", IF(H401<31536000, ROUND(H401/86400,2)&"d", ROUND(H401/31536000,2)&"y"))))) -> 56.4min | J401: =LN(2)/H401 -> 0.00020483073 | K401: =10*F401*(1-EXP(-J401*600))*6240000000000 -> 0 | L401: =EXP(-J401*30*60)*K401 -> 0 | M401: =G401 -> Zn69
B402: 30070 | C402: 0 | D402: 0 | E402: 0 | F402: =SUM(C402:E402) -> 0 | G402: =VLOOKUP(B402,Nuclides!A:F,5,FALSE) -> Zn70 | H402: =VLOOKUP(B402,Nuclides!A:F,4,FALSE) -> 7.258248e+24 | I402: =IF(H402="STABLE", "STABLE", IF(H402<60, H402&"s", IF(H402<3600, ROUND(H402/60,2)&"min", IF(H402<86400, ROUND(H402/3600,2)&"h", IF(H402<31536000, ROUND(H402/86400,2)&"d", ROUND(H402/31536000,2)&"y"))))) -> 230157534246575000y | J402: =LN(2)/H402 -> 9.5497864e-26 | K402: =10*F402*(1-EXP(-J402*600))*6240000000000 -> 0 | L402: =EXP(-J402*30*60)*K402 -> 0 | M402: =G402 -> Zn70
B403: 30071 | C403: 0 | D403: 0 | E403: 0 | F403: =SUM(C403:E403) -> 0 | G403: =VLOOKUP(B403,Nuclides!A:F,5,FALSE) -> Zn71 | H403: =VLOOKUP(B403,Nuclides!A:F,4,FALSE) -> 147 | I403: =IF(H403="STABLE", "STABLE", IF(H403<60, H403&"s", IF(H403<3600, ROUND(H403/60,2)&"min", IF(H403<86400, ROUND(H403/3600,2)&"h", IF(H403<31536000, ROUND(H403/86400,2)&"d", ROUND(H403/31536000,2)&"y"))))) -> 2.45min | J403: =LN(2)/H403 -> 0.0047152869 | K403: =10*F403*(1-EXP(-J403*600))*6240000000000 -> 0 | L403: =EXP(-J403*30*60)*K403 -> 0 | M403: =G403 -> Zn71
B404: 30072 | C404: 0 | D404: 0 | E404: 0 | F404: =SUM(C404:E404) -> 0 | G404: =VLOOKUP(B404,Nuclides!A:F,5,FALSE) -> Zn72 | H404: =VLOOKUP(B404,Nuclides!A:F,4,FALSE) -> 167400 | I404: =IF(H404="STABLE", "STABLE", IF(H404<60, H404&"s", IF(H404<3600, ROUND(H404/60,2)&"min", IF(H404<86400, ROUND(H404/3600,2)&"h", IF(H404<31536000, ROUND(H404/86400,2)&"d", ROUND(H404/31536000,2)&"y"))))) -> 1.94d | J404: =LN(2)/H404 -> 4.1406642e-06 | K404: =10*F404*(1-EXP(-J404*600))*6240000000000 -> 0 | L404: =EXP(-J404*30*60)*K404 -> 0 | M404: =G404 -> Zn72
B405: 30073 | C405: 0 | D405: 0 | E405: 0 | F405: =SUM(C405:E405) -> 0 | G405: =VLOOKUP(B405,Nuclides!A:F,5,FALSE) -> Zn73 | H405: =VLOOKUP(B405,Nuclides!A:F,4,FALSE) -> 23.5 | I405: =IF(H405="STABLE", "STABLE", IF(H405<60, H405&"s", IF(H405<3600, ROUND(H405/60,2)&"min", IF(H405<86400, ROUND(H405/3600,2)&"h", IF(H405<31536000, ROUND(H405/86400,2)&"d", ROUND(H405/31536000,2)&"y"))))) -> 23.5s | J405: =LN(2)/H405 -> 0.029495625 | K405: =10*F405*(1-EXP(-J405*600))*6240000000000 -> 0 | L405: =EXP(-J405*30*60)*K405 -> 0 | M405: =G405 -> Zn73
B406: 30074 | C406: 0 | D406: 0 | E406: 0 | F406: =SUM(C406:E406) -> 0 | G406: =VLOOKUP(B406,Nuclides!A:F,5,FALSE) -> Zn74 | H406: =VLOOKUP(B406,Nuclides!A:F,4,FALSE) -> 95.6 | I406: =IF(H406="STABLE", "STABLE", IF(H406<60, H406&"s", IF(H406<3600, ROUND(H406/60,2)&"min", IF(H406<86400, ROUND(H406/3600,2)&"h", IF(H406<31536000, ROUND(H406/86400,2)&"d", ROUND(H406/31536000,2)&"y"))))) -> 1.59min | J406: =LN(2)/H406 -> 0.0072504935 | K406: =10*F406*(1-EXP(-J406*600))*6240000000000 -> 0 | L406: =EXP(-J406*30*60)*K406 -> 0 | M406: =G406 -> Zn74
B407: 30075 | C407: 0 | D407: 0 | E407: 0 | F407: =SUM(C407:E407) -> 0 | G407: =VLOOKUP(B407,Nuclides!A:F,5,FALSE) -> Zn75 | H407: =VLOOKUP(B407,Nuclides!A:F,4,FALSE) -> 10.2 | I407: =IF(H407="STABLE", "STABLE", IF(H407<60, H407&"s", IF(H407<3600, ROUND(H407/60,2)&"min", IF(H407<86400, ROUND(H407/3600,2)&"h", IF(H407<31536000, ROUND(H407/86400,2)&"d", ROUND(H407/31536000,2)&"y"))))) -> 10.2s | J407: =LN(2)/H407 -> 0.067955606 | K407: =10*F407*(1-EXP(-J407*600))*6240000000000 -> 0 | L407: =EXP(-J407*30*60)*K407 -> 0 | M407: =G407 -> Zn75
B408: 30076 | C408: 0 | D408: 0 | E408: 0 | F408: =SUM(C408:E408) -> 0 | G408: =VLOOKUP(B408,Nuclides!A:F,5,FALSE) -> Zn76 | H408: =VLOOKUP(B408,Nuclides!A:F,4,FALSE) -> 5.7 | I408: =IF(H408="STABLE", "STABLE", IF(H408<60, H408&"s", IF(H408<3600, ROUND(H408/60,2)&"min", IF(H408<86400, ROUND(H408/3600,2)&"h", IF(H408<31536000, ROUND(H408/86400,2)&"d", ROUND(H408/31536000,2)&"y"))))) -> 5.7s | J408: =LN(2)/H408 -> 0.12160477 | K408: =10*F408*(1-EXP(-J408*600))*6240000000000 -> 0 | L408: =EXP(-J408*30*60)*K408 -> 0 | M408: =G408 -> Zn76
B409: 30077 | C409: 0 | D409: 0 | E409: 0 | F409: =SUM(C409:E409) -> 0 | G409: =VLOOKUP(B409,Nuclides!A:F,5,FALSE) -> Zn77 | H409: =VLOOKUP(B409,Nuclides!A:F,4,FALSE) -> 2.08 | I409: =IF(H409="STABLE", "STABLE", IF(H409<60, H409&"s", IF(H409<3600, ROUND(H409/60,2)&"min", IF(H409<86400, ROUND(H409/3600,2)&"h", IF(H409<31536000, ROUND(H409/86400,2)&"d", ROUND(H409/31536000,2)&"y"))))) -> 2.08s | J409: =LN(2)/H409 -> 0.33324384 | K409: =10*F409*(1-EXP(-J409*600))*6240000000000 -> 0 | L409: =EXP(-J409*30*60)*K409 -> 0 | M409: =G409 -> Zn77
... B1761: 80196 | C1761: 0 | D1761: 8.37e-05 | E1761: 0 | F1761: =SUM(C1761:E1761) -> 8.37e-05 | G1761: =VLOOKUP(B1761,Nuclides!A:F,5,FALSE) -> Hg196 | H1761: =VLOOKUP(B1761,Nuclides!A:F,4,FALSE) -> STABLE | I1761: =IF(H1761="STABLE", "STABLE", IF(H1761<60, H1761&"s", IF(H1761<3600, ROUND(H1761/60,2)&"min", IF(H1761<86400, ROUND(H1761/3600,2)&"h", IF(H1761<31536000, ROUND(H1761/86400,2)&"d", ROUND(H1761/31536000,2)&"y"))))) -> STABLE | J1761: =LN(2)/H1761 -> #VALUE! | K1761: =10*F1761*(1-EXP(-J1761*600))*6240000000000 -> #VALUE! | L1761: =EXP(-J1761*30*60)*K1761 -> #VALUE! | M1761: =G1761 -> Hg196
B1762: 80197 | C1762: 0 | D1762: 8.1e-06 | E1762: 0 | F1762: =SUM(C1762:E1762) -> 8.1e-06 | G1762: =VLOOKUP(B1762,Nuclides!A:F,5,FALSE) -> Hg197 | H1762: =VLOOKUP(B1762,Nuclides!A:F,4,FALSE) -> 230904 | I1762: =IF(H1762="STABLE", "STABLE", IF(H1762<60, H1762&"s", IF(H1762<3600, ROUND(H1762/60,2)&"min", IF(H1762<86400, ROUND(H1762/3600,2)&"h", IF(H1762<31536000, ROUND(H1762/86400,2)&"d", ROUND(H1762/31536000,2)&"y"))))) -> 2.67d | J1762: =LN(2)/H1762 -> 3.0018847e-06 | K1762: =10*F1762*(1-EXP(-J1762*600))*6240000000000 -> 909544.21 | L1762: =EXP(-J1762*30*60)*K1762 -> 904642.84 | M1762: =G1762 -> Hg197 | N1762: =L1762 -> 904642.84 | O1762: =0 -> 0
B1763: 80198 | C1763: 0 | D1763: 0 | E1763: 0 | F1763: =SUM(C1763:E1763) -> 0 | G1763: =VLOOKUP(B1763,Nuclides!A:F,5,FALSE) -> Hg198 | H1763: =VLOOKUP(B1763,Nuclides!A:F,4,FALSE) -> STABLE | I1763: =IF(H1763="STABLE", "STABLE", IF(H1763<60, H1763&"s", IF(H1763<3600, ROUND(H1763/60,2)&"min", IF(H1763<86400, ROUND(H1763/3600,2)&"h", IF(H1763<31536000, ROUND(H1763/86400,2)&"d", ROUND(H1763/31536000,2)&"y"))))) -> STABLE | J1763: =LN(2)/H1763 -> #VALUE! | K1763: =10*F1763*(1-EXP(-J1763*600))*6240000000000 -> #VALUE! | L1763: =EXP(-J1763*30*60)*K1763 -> #VALUE! | M1763: =G1763 -> Hg198
B1764: 80199 | C1764: 0 | D1764: 0 | E1764: 0 | F1764: =SUM(C1764:E1764) -> 0 | G1764: =VLOOKUP(B1764,Nuclides!A:F,5,FALSE) -> Hg199 | H1764: =VLOOKUP(B1764,Nuclides!A:F,4,FALSE) -> STABLE | I1764: =IF(H1764="STABLE", "STABLE", IF(H1764<60, H1764&"s", IF(H1764<3600, ROUND(H1764/60,2)&"min", IF(H1764<86400, ROUND(H1764/3600,2)&"h", IF(H1764<31536000, ROUND(H1764/86400,2)&"d", ROUND(H1764/31536000,2)&"y"))))) -> STABLE | J1764: =LN(2)/H1764 -> #VALUE! | K1764: =10*F1764*(1-EXP(-J1764*600))*6240000000000 -> #VALUE! | L1764: =EXP(-J1764*30*60)*K1764 -> #VALUE! | M1764: =G1764 -> Hg199
B1765: 80200 | C1765: 0 | D1765: 0 | E1765: 0 | F1765: =SUM(C1765:E1765) -> 0 | G1765: =VLOOKUP(B1765,Nuclides!A:F,5,FALSE) -> Hg200 | H1765: =VLOOKUP(B1765,Nuclides!A:F,4,FALSE) -> STABLE | I1765: =IF(H1765="STABLE", "STABLE", IF(H1765<60, H1765&"s", IF(H1765<3600, ROUND(H1765/60,2)&"min", IF(H1765<86400, ROUND(H1765/3600,2)&"h", IF(H1765<31536000, ROUND(H1765/86400,2)&"d", ROUND(H1765/31536000,2)&"y"))))) -> STABLE | J1765: =LN(2)/H1765 -> #VALUE! | K1765: =10*F1765*(1-EXP(-J1765*600))*6240000000000 -> #VALUE! | L1765: =EXP(-J1765*30*60)*K1765 -> #VALUE! | M1765: =G1765 -> Hg200
B1766: 80201 | C1766: 0 | D1766: 0 | E1766: 0 | F1766: =SUM(C1766:E1766) -> 0 | G1766: =VLOOKUP(B1766,Nuclides!A:F,5,FALSE) -> Hg201 | H1766: =VLOOKUP(B1766,Nuclides!A:F,4,FALSE) -> STABLE | I1766: =IF(H1766="STABLE", "STABLE", IF(H1766<60, H1766&"s", IF(H1766<3600, ROUND(H1766/60,2)&"min", IF(H1766<86400, ROUND(H1766/3600,2)&"h", IF(H1766<31536000, ROUND(H1766/86400,2)&"d", ROUND(H1766/31536000,2)&"y"))))) -> STABLE | J1766: =LN(2)/H1766 -> #VALUE! | K1766: =10*F1766*(1-EXP(-J1766*600))*6240000000000 -> #VALUE! | L1766: =EXP(-J1766*30*60)*K1766 -> #VALUE! | M1766: =G1766 -> Hg201
B1767: 80202 | C1767: 0 | D1767: 0 | E1767: 0 | F1767: =SUM(C1767:E1767) -> 0 | G1767: =VLOOKUP(B1767,Nuclides!A:F,5,FALSE) -> Hg202 | H1767: =VLOOKUP(B1767,Nuclides!A:F,4,FALSE) -> STABLE | I1767: =IF(H1767="STABLE", "STABLE", IF(H1767<60, H1767&"s", IF(H1767<3600, ROUND(H1767/60,2)&"min", IF(H1767<86400, ROUND(H1767/3600,2)&"h", IF(H1767<31536000, ROUND(H1767/86400,2)&"d", ROUND(H1767/31536000,2)&"y"))))) -> STABLE | J1767: =LN(2)/H1767 -> #VALUE! | K1767: =10*F1767*(1-EXP(-J1767*600))*6240000000000 -> #VALUE! | L1767: =EXP(-J1767*30*60)*K1767 -> #VALUE! | M1767: =G1767 -> Hg202
B1768: 80203 | C1768: 0 | D1768: 0 | E1768: 0 | F1768: =SUM(C1768:E1768) -> 0 | G1768: =VLOOKUP(B1768,Nuclides!A:F,5,FALSE) -> Hg203 | H1768: =VLOOKUP(B1768,Nuclides!A:F,4,FALSE) -> 4025721.6 | I1768: =IF(H1768="STABLE", "STABLE", IF(H1768<60, H1768&"s", IF(H1768<3600, ROUND(H1768/60,2)&"min", IF(H1768<86400, ROUND(H1768/3600,2)&"h", IF(H1768<31536000, ROUND(H1768/86400,2)&"d", ROUND(H1768/31536000,2)&"y"))))) -> 46.59d | J1768: =LN(2)/H1768 -> 1.7217961e-07 | K1768: =10*F1768*(1-EXP(-J1768*600))*6240000000000 -> 0 | L1768: =EXP(-J1768*30*60)*K1768 -> 0 | M1768: =G1768 -> Hg203
B1769: 80204 | C1769: 0 | D1769: 0 | E1769: 0 | F1769: =SUM(C1769:E1769) -> 0 | G1769: =VLOOKUP(B1769,Nuclides!A:F,5,FALSE) -> Hg204 | H1769: =VLOOKUP(B1769,Nuclides!A:F,4,FALSE) -> STABLE | I1769: =IF(H1769="STABLE", "STABLE", IF(H1769<60, H1769&"s", IF(H1769<3600, ROUND(H1769/60,2)&"min", IF(H1769<86400, ROUND(H1769/3600,2)&"h", IF(H1769<31536000, ROUND(H1769/86400,2)&"d", ROUND(H1769/31536000,2)&"y"))))) -> STABLE | J1769: =LN(2)/H1769 -> #VALUE! | K1769: =10*F1769*(1-EXP(-J1769*600))*6240000000000 -> #VALUE! | L1769: =EXP(-J1769*30*60)*K1769 -> #VALUE! | M1769: =G1769 -> Hg204
B1770: 80205 | C1770: 0 | D1770: 0 | E1770: 0 | F1770: =SUM(C1770:E1770) -> 0 | G1770: =VLOOKUP(B1770,Nuclides!A:F,5,FALSE) -> Hg205 | H1770: =VLOOKUP(B1770,Nuclides!A:F,4,FALSE) -> 308.4 | I1770: =IF(H1770="STABLE", "STABLE", IF(H1770<60, H1770&"s", IF(H1770<3600, ROUND(H1770/60,2)&"min", IF(H1770<86400, ROUND(H1770/3600,2)&"h", IF(H1770<31536000, ROUND(H1770/86400,2)&"d", ROUND(H1770/31536000,2)&"y"))))) -> 5.14min | J1770: =LN(2)/H1770 -> 0.002247559 | K1770: =10*F1770*(1-EXP(-J1770*600))*6240000000000 -> 0 | L1770: =EXP(-J1770*30*60)*K1770 -> 0 | M1770: =G1770 -> Hg205
B1771: 80206 | C1771: 0 | D1771: 0 | E1771: 0 | F1771: =SUM(C1771:E1771) -> 0 | G1771: =VLOOKUP(B1771,Nuclides!A:F,5,FALSE) -> Hg206 | H1771: =VLOOKUP(B1771,Nuclides!A:F,4,FALSE) -> 499.2 | I1771: =IF(H1771="STABLE", "STABLE", IF(H1771<60, H1771&"s", IF(H1771<3600, ROUND(H1771/60,2)&"min", IF(H1771<86400, ROUND(H1771/3600,2)&"h", IF(H1771<31536000, ROUND(H1771/86400,2)&"d", ROUND(H1771/31536000,2)&"y"))))) -> 8.32min | J1771: =LN(2)/H1771 -> 0.001388516 | K1771: =10*F1771*(1-EXP(-J1771*600))*6240000000000 -> 0 | L1771: =EXP(-J1771*30*60)*K1771 -> 0 | M1771: =G1771 -> Hg206

Sheet Cu-Ag-Ni
G1: Nuclides | H1: T1/2 | I1: T1/2 | J1: λ | K1: 10μA-10min | L1: cool-30min | M1: Nuclides
C3: 1 | D3: 2 | E3: 3
B4: 1001 | C4: 0 | D4: 0 | E4: 0 | F4: =SUM(C4:E4) -> 0 | G4: =VLOOKUP(B4,Nuclides!A:F,5,FALSE) -> H1 | H4: =VLOOKUP(B4,Nuclides!A:F,4,FALSE) -> 613.9 | I4: =IF(H4="STABLE", "STABLE", IF(H4<60, H4&"s", IF(H4<3600, ROUND(H4/60,2)&"min", IF(H4<86400, ROUND(H4/3600,2)&"h", IF(H4<31536000, ROUND(H4/86400,2)&"d", ROUND(H4/31536000,2)&"y"))))) -> 10.23min | J4: =LN(2)/H4 -> 0.0011290881 | K4: =10*F4*(1-EXP(-J4*600))*6240000000000 -> 0 | L4: =EXP(-J4*30*60)*K4 -> 0 | M4: =G4 -> H1 | N4: =L4 -> 0 | O4: =0 -> 0
B5: 1002 | C5: 0 | D5: 0 | E5: 0 | F5: =SUM(C5:E5) -> 0 | G5: =VLOOKUP(B5,Nuclides!A:F,5,FALSE) -> H2 | H5: =VLOOKUP(B5,Nuclides!A:F,4,FALSE) -> STABLE | I5: =IF(H5="STABLE", "STABLE", IF(H5<60, H5&"s", IF(H5<3600, ROUND(H5/60,2)&"min", IF(H5<86400, ROUND(H5/3600,2)&"h", IF(H5<31536000, ROUND(H5/86400,2)&"d", ROUND(H5/31536000,2)&"y"))))) -> STABLE | J5: =LN(2)/H5 -> #VALUE! | K5: =10*F5*(1-EXP(-J5*600))*6240000000000 -> #VALUE! | L5: =EXP(-J5*30*60)*K5 -> #VALUE! | M5: =G5 -> H2 | N5: =L5 -> #VALUE! | O5: =0 -> 0
B6: 1003 | C6: 0 | D6: 0 | E6: 0 | F6: =SUM(C6:E6) -> 0 | G6: =VLOOKUP(B6,Nuclides!A:F,5,FALSE) -> H3 | H6: =VLOOKUP(B6,Nuclides!A:F,4,FALSE) -> 388789632 | I6: =IF(H6="STABLE", "STABLE", IF(H6<60, H6&"s", IF(H6<3600, ROUND(H6/60,2)&"min", IF(H6<86400, ROUND(H6/3600,2)&"h", IF(H6<31536000, ROUND(H6/86400,2)&"d", ROUND(H6/31536000,2)&"y"))))) -> 12.33y | J6: =LN(2)/H6 -> 1.7828335e-09 | K6: =10*F6*(1-EXP(-J6*600))*6240000000000 -> 0 | L6: =EXP(-J6*30*60)*K6 -> 0 | M6: =G6 -> H3 | N6: =L6 -> 0 | O6: =0 -> 0
B7: 2003 | C7: 0 | D7: 0 | E7: 0 | F7: =SUM(C7:E7) -> 0 | G7: =VLOOKUP(B7,Nuclides!A:F,5,FALSE) -> He3 | H7: =VLOOKUP(B7,Nuclides!A:F,4,FALSE) -> STABLE | I7: =IF(H7="STABLE", "STABLE", IF(H7<60, H7&"s", IF(H7<3600, ROUND(H7/60,2)&"min", IF(H7<86400, ROUND(H7/3600,2)&"h", IF(H7<31536000, ROUND(H7/86400,2)&"d", ROUND(H7/31536000,2)&"y"))))) -> STABLE | J7: =LN(2)/H7 -> #VALUE! | K7: =10*F7*(1-EXP(-J7*600))*6240000000000 -> #VALUE! | L7: =EXP(-J7*30*60)*K7 -> #VALUE! | M7: =G7 -> He3 | N7: =L7 -> #VALUE! | O7: =0 -> 0
B8: 2004 | C8: 0 | D8: 0 | E8: 0 | F8: =SUM(C8:E8) -> 0 | G8: =VLOOKUP(B8,Nuclides!A:F,5,FALSE) -> He4 | H8: =VLOOKUP(B8,Nuclides!A:F,4,FALSE) -> STABLE | I8: =IF(H8="STABLE", "STABLE", IF(H8<60, H8&"s", IF(H8<3600, ROUND(H8/60,2)&"min", IF(H8<86400, ROUND(H8/3600,2)&"h", IF(H8<31536000, ROUND(H8/86400,2)&"d", ROUND(H8/31536000,2)&"y"))))) -> STABLE | J8: =LN(2)/H8 -> #VALUE! | K8: =10*F8*(1-EXP(-J8*600))*6240000000000 -> #VALUE! | L8: =EXP(-J8*30*60)*K8 -> #VALUE! | M8: =G8 -> He4 | N8: =L8 -> #VALUE! | O8: =0 -> 0
B9: 2005 | C9: 0 | D9: 0 | E9: 0 | F9: =SUM(C9:E9) -> 0 | G9: =VLOOKUP(B9,Nuclides!A:F,5,FALSE) -> He5 | H9: =VLOOKUP(B9,Nuclides!A:F,4,FALSE) -> 7.595e-22 | I9: =IF(H9="STABLE", "STABLE", IF(H9<60, H9&"s", IF(H9<3600, ROUND(H9/60,2)&"min", IF(H9<86400, ROUND(H9/3600,2)&"h", IF(H9<31536000, ROUND(H9/86400,2)&"d", ROUND(H9/31536000,2)&"y"))))) -> 7.595E-22s | J9: =LN(2)/H9 -> 9.1263618e+20 | K9: =10*F9*(1-EXP(-J9*600))*6240000000000 -> 0 | L9: =EXP(-J9*30*60)*K9 -> 0 | M9: =G9 -> He5 | N9: =L9 -> 0 | O9: =0 -> 0
B10: 2006 | C10: 0 | D10: 0 | E10: 0 | F10: =SUM(C10:E10) -> 0 | G10: =VLOOKUP(B10,Nuclides!A:F,5,FALSE) -> He6 | H10: =VLOOKUP(B10,Nuclides!A:F,4,FALSE) -> 0.8067 | I10: =IF(H10="STABLE", "STABLE", IF(H10<60, H10&"s", IF(H10<3600, ROUND(H10/60,2)&"min", IF(H10<86400, ROUND(H10/3600,2)&"h", IF(H10<31536000, ROUND(H10/86400,2)&"d", ROUND(H10/31536000,2)&"y"))))) -> 0.8067s | J10: =LN(2)/H10 -> 0.85923786 | K10: =10*F10*(1-EXP(-J10*600))*6240000000000 -> 0 | L10: =EXP(-J10*30*60)*K10 -> 0 | M10: =G10 -> He6 | N10: =L10 -> 0 | O10: =0 -> 0
B11: 2007 | C11: 0 | D11: 0 | E11: 0 | F11: =SUM(C11:E11) -> 0 | G11: =VLOOKUP(B11,Nuclides!A:F,5,FALSE) -> He7 | H11: =VLOOKUP(B11,Nuclides!A:F,4,FALSE) -> 3.038e-21 | I11: =IF(H11="STABLE", "STABLE", IF(H11<60, H11&"s", IF(H11<3600, ROUND(H11/60,2)&"min", IF(H11<86400, ROUND(H11/3600,2)&"h", IF(H11<31536000, ROUND(H11/86400,2)&"d", ROUND(H11/31536000,2)&"y"))))) -> 3.038E-21s | J11: =LN(2)/H11 -> 2.2815905e+20 | K11: =10*F11*(1-EXP(-J11*600))*6240000000000 -> 0 | L11: =EXP(-J11*30*60)*K11 -> 0 | M11: =G11 -> He7 | N11: =L11 -> 0 | O11: =0 -> 0
B12: 2008 | C12: 0 | D12: 0 | E12: 0 | F12: =SUM(C12:E12) -> 0 | G12: =VLOOKUP(B12,Nuclides!A:F,5,FALSE) -> He8 | H12: =VLOOKUP(B12,Nuclides!A:F,4,FALSE) -> 0.1191 | I12: =IF(H12="STABLE", "STABLE", IF(H12<60, H12&"s", IF(H12<3600, ROUND(H12/60,2)&"min", IF(H12<86400, ROUND(H12/3600,2)&"h", IF(H12<31536000, ROUND(H12/86400,2)&"d", ROUND(H12/31536000,2)&"y"))))) -> 0.1191s | J12: =LN(2)/H12 -> 5.8198756 | K12: =10*F12*(1-EXP(-J12*600))*6240000000000 -> 0 | L12: =EXP(-J12*30*60)*K12 -> 0 | M12: =G12 -> He8 | N12: =L12 -> 0 | O12: =0 -> 0
B13: 3005 | C13: 0 | D13: 0 | E13: 0 | F13: =SUM(C13:E13) -> 0 | G13: =VLOOKUP(B13,Nuclides!A:F,5,FALSE) -> Li5 | H13: =VLOOKUP(B13,Nuclides!A:F,4,FALSE) -> 3.038e-22 | I13: =IF(H13="STABLE", "STABLE", IF(H13<60, H13&"s", IF(H13<3600, ROUND(H13/60,2)&"min", IF(H13<86400, ROUND(H13/3600,2)&"h", IF(H13<31536000, ROUND(H13/86400,2)&"d", ROUND(H13/31536000,2)&"y"))))) -> 3.038E-22s | J13: =LN(2)/H13 -> 2.2815905e+21 | K13: =10*F13*(1-EXP(-J13*600))*6240000000000 -> 0 | L13: =EXP(-J13*30*60)*K13 -> 0 | M13: =G13 -> Li5 | N13: =L13 -> 0 | O13: =0 -> 0
B14: 3006 | C14: 0 | D14: 0 | E14: 0 | F14: =SUM(C14:E14) -> 0 | G14: =VLOOKUP(B14,Nuclides!A:F,5,FALSE) -> Li6 | H14: =VLOOKUP(B14,Nuclides!A:F,4,FALSE) -> STABLE | I14: =IF(H14="STABLE", "STABLE", IF(H14<60, H14&"s", IF(H14<3600, ROUND(H14/60,2)&"min", IF(H14<86400, ROUND(H14/3600,2)&"h", IF(H14<31536000, ROUND(H14/86400,2)&"d", ROUND(H14/31536000,2)&"y"))))) -> STABLE | J14: =LN(2)/H14 -> #VALUE! | K14: =10*F14*(1-EXP(-J14*600))*6240000000000 -> #VALUE! | L14: =EXP(-J14*30*60)*K14 -> #VALUE! | M14: =G14 -> Li6 | N14: =L14 -> #VALUE! | O14: =0 -> 0
B15: 3007 | C15: 0 | D15: 0 | E15: 0 | F15: =SUM(C15:E15) -> 0 | G15: =VLOOKUP(B15,Nuclides!A:F,5,FALSE) -> Li7 | H15: =VLOOKUP(B15,Nuclides!A:F,4,FALSE) -> STABLE | I15: =IF(H15="STABLE", "STABLE", IF(H15<60, H15&"s", IF(H15<3600, ROUND(H15/60,2)&"min", IF(H15<86400, ROUND(H15/3600,2)&"h", IF(H15<31536000, ROUND(H15/86400,2)&"d", ROUND(H15/31536000,2)&"y"))))) -> STABLE | J15: =LN(2)/H15 -> #VALUE! | K15: =10*F15*(1-EXP(-J15*600))*6240000000000 -> #VALUE! | L15: =EXP(-J15*30*60)*K15 -> #VALUE! | M15: =G15 -> Li7 | N15: =L15 -> #VALUE! | O15: =0 -> 0
... B1771: 80206 | C1771: 0 | D1771: 0 | E1771: 0 | F1771: =SUM(C1771:E1771) -> 0 | G1771: =VLOOKUP(B1771,Nuclides!A:F,5,FALSE) -> Hg206 | H1771: =VLOOKUP(B1771,Nuclides!A:F,4,FALSE) -> 499.2 | I1771: =IF(H1771="STABLE", "STABLE", IF(H1771<60, H1771&"s", IF(H1771<3600, ROUND(H1771/60,2)&"min", IF(H1771<86400, ROUND(H1771/3600,2)&"h", IF(H1771<31536000, ROUND(H1771/86400,2)&"d", ROUND(H1771/31536000,2)&"y"))))) -> 8.32min | J1771: =LN(2)/H1771 -> 0.001388516 | K1771: =10*F1771*(1-EXP(-J1771*600))*6240000000000 -> 0 | L1771: =EXP(-J1771*30*60)*K1771 -> 0 | M1771: =G1771 -> Hg206 | N1771: =L1771 -> 0 | O1771: =0 -> 0

Sheet Ag-Ni
G1: Nuclides | H1: T1/2 | I1: T1/2 | J1: λ | K1: 10μA-10min | L1: cool-30min | M1: Nuclides
C4: 1 | D4: 2 | E4: 3
B5: 1001 | C5: 0 | D5: 0 | E5: 0 | F5: =SUM(C5:E5) -> 0 | G5: =VLOOKUP(B5,Nuclides!A:F,5,FALSE) -> H1 | H5: =VLOOKUP(B5,Nuclides!A:F,4,FALSE) -> 613.9 | I5: =IF(H5="STABLE", "STABLE", IF(H5<60, H5&"s", IF(H5<3600, ROUND(H5/60,2)&"min", IF(H5<86400, ROUND(H5/3600,2)&"h", IF(H5<31536000, ROUND(H5/86400,2)&"d", ROUND(H5/31536000,2)&"y"))))) -> 10.23min | J5: =LN(2)/H5 -> 0.0011290881 | K5: =10*F5*(1-EXP(-J5*600))*6240000000000 -> 0 | L5: =EXP(-J5*30*60)*K5 -> 0 | M5: =G5 -> H1 | N5: =L5 -> 0 | O5: =0 -> 0
B6: 1002 | C6: 0 | D6: 0 | E6: 0 | F6: =SUM(C6:E6) -> 0 | G6: =VLOOKUP(B6,Nuclides!A:F,5,FALSE) -> H2 | H6: =VLOOKUP(B6,Nuclides!A:F,4,FALSE) -> STABLE | I6: =IF(H6="STABLE", "STABLE", IF(H6<60, H6&"s", IF(H6<3600, ROUND(H6/60,2)&"min", IF(H6<86400, ROUND(H6/3600,2)&"h", IF(H6<31536000, ROUND(H6/86400,2)&"d", ROUND(H6/31536000,2)&"y"))))) -> STABLE | J6: =LN(2)/H6 -> #VALUE! | K6: =10*F6*(1-EXP(-J6*600))*6240000000000 -> #VALUE! | L6: =EXP(-J6*30*60)*K6 -> #VALUE! | M6: =G6 -> H2 | N6: =L6 -> #VALUE! | O6: =0 -> 0
B7: 1003 | C7: 0 | D7: 0 | E7: 0 | F7: =SUM(C7:E7) -> 0 | G7: =VLOOKUP(B7,Nuclides!A:F,5,FALSE) -> H3 | H7: =VLOOKUP(B7,Nuclides!A:F,4,FALSE) -> 388789632 | I7: =IF(H7="STABLE", "STABLE", IF(H7<60, H7&"s", IF(H7<3600, ROUND(H7/60,2)&"min", IF(H7<86400, ROUND(H7/3600,2)&"h", IF(H7<31536000, ROUND(H7/86400,2)&"d", ROUND(H7/31536000,2)&"y"))))) -> 12.33y | J7: =LN(2)/H7 -> 1.7828335e-09 | K7: =10*F7*(1-EXP(-J7*600))*6240000000000 -> 0 | L7: =EXP(-J7*30*60)*K7 -> 0 | M7: =G7 -> H3 | N7: =L7 -> 0 | O7: =0 -> 0
B8: 2003 | C8: 0 | D8: 0 | E8: 0 | F8: =SUM(C8:E8) -> 0 | G8: =VLOOKUP(B8,Nuclides!A:F,5,FALSE) -> He3 | H8: =VLOOKUP(B8,Nuclides!A:F,4,FALSE) -> STABLE | I8: =IF(H8="STABLE", "STABLE", IF(H8<60, H8&"s", IF(H8<3600, ROUND(H8/60,2)&"min", IF(H8<86400, ROUND(H8/3600,2)&"h", IF(H8<31536000, ROUND(H8/86400,2)&"d", ROUND(H8/31536000,2)&"y"))))) -> STABLE | J8: =LN(2)/H8 -> #VALUE! | K8: =10*F8*(1-EXP(-J8*600))*6240000000000 -> #VALUE! | L8: =EXP(-J8*30*60)*K8 -> #VALUE! | M8: =G8 -> He3 | N8: =L8 -> #VALUE! | O8: =0 -> 0
B9: 2004 | C9: 0 | D9: 0 | E9: 0 | F9: =SUM(C9:E9) -> 0 | G9: =VLOOKUP(B9,Nuclides!A:F,5,FALSE) -> He4 | H9: =VLOOKUP(B9,Nuclides!A:F,4,FALSE) -> STABLE | I9: =IF(H9="STABLE", "STABLE", IF(H9<60, H9&"s", IF(H9<3600, ROUND(H9/60,2)&"min", IF(H9<86400, ROUND(H9/3600,2)&"h", IF(H9<31536000, ROUND(H9/86400,2)&"d", ROUND(H9/31536000,2)&"y"))))) -> STABLE | J9: =LN(2)/H9 -> #VALUE! | K9: =10*F9*(1-EXP(-J9*600))*6240000000000 -> #VALUE! | L9: =EXP(-J9*30*60)*K9 -> #VALUE! | M9: =G9 -> He4 | N9: =L9 -> #VALUE! | O9: =0 -> 0
B10: 2005 | C10: 0 | D10: 0 | E10: 0 | F10: =SUM(C10:E10) -> 0 | G10: =VLOOKUP(B10,Nuclides!A:F,5,FALSE) -> He5 | H10: =VLOOKUP(B10,Nuclides!A:F,4,FALSE) -> 7.595e-22 | I10: =IF(H10="STABLE", "STABLE", IF(H10<60, H10&"s", IF(H10<3600, ROUND(H10/60,2)&"min", IF(H10<86400, ROUND(H10/3600,2)&"h", IF(H10<31536000, ROUND(H10/86400,2)&"d", ROUND(H10/31536000,2)&"y"))))) -> 7.595E-22s | J10: =LN(2)/H10 -> 9.1263618e+20 | K10: =10*F10*(1-EXP(-J10*600))*6240000000000 -> 0 | L10: =EXP(-J10*30*60)*K10 -> 0 | M10: =G10 -> He5 | N10: =L10 -> 0 | O10: =0 -> 0
B11: 2006 | C11: 0 | D11: 0 | E11: 0 | F11: =SUM(C11:E11) -> 0 | G11: =VLOOKUP(B11,Nuclides!A:F,5,FALSE) -> He6 | H11: =VLOOKUP(B11,Nuclides!A:F,4,FALSE) -> 0.8067 | I11: =IF(H11="STABLE", "STABLE", IF(H11<60, H11&"s", IF(H11<3600, ROUND(H11/60,2)&"min", IF(H11<86400, ROUND(H11/3600,2)&"h", IF(H11<31536000, ROUND(H11/86400,2)&"d", ROUND(H11/31536000,2)&"y"))))) -> 0.8067s | J11: =LN(2)/H11 -> 0.85923786 | K11: =10*F11*(1-EXP(-J11*600))*6240000000000 -> 0 | L11: =EXP(-J11*30*60)*K11 -> 0 | M11: =G11 -> He6 | N11: =L11 -> 0 | O11: =0 -> 0
B12: 2007 | C12: 0 | D12: 0 | E12: 0 | F12: =SUM(C12:E12) -> 0 | G12: =VLOOKUP(B12,Nuclides!A:F,5,FALSE) -> He7 | H12: =VLOOKUP(B12,Nuclides!A:F,4,FALSE) -> 3.038e-21 | I12: =IF(H12="STABLE", "STABLE", IF(H12<60, H12&"s", IF(H12<3600, ROUND(H12/60,2)&"min", IF(H12<86400, ROUND(H12/3600,2)&"h", IF(H12<31536000, ROUND(H12/86400,2)&"d", ROUND(H12/31536000,2)&"y"))))) -> 3.038E-21s | J12: =LN(2)/H12 -> 2.2815905e+20 | K12: =10*F12*(1-EXP(-J12*600))*6240000000000 -> 0 | L12: =EXP(-J12*30*60)*K12 -> 0 | M12: =G12 -> He7 | N12: =L12 -> 0 | O12: =0 -> 0
B13: 2008 | C13: 0 | D13: 0 | E13: 0 | F13: =SUM(C13:E13) -> 0 | G13: =VLOOKUP(B13,Nuclides!A:F,5,FALSE) -> He8 | H13: =VLOOKUP(B13,Nuclides!A:F,4,FALSE) -> 0.1191 | I13: =IF(H13="STABLE", "STABLE", IF(H13<60, H13&"s", IF(H13<3600, ROUND(H13/60,2)&"min", IF(H13<86400, ROUND(H13/3600,2)&"h", IF(H13<31536000, ROUND(H13/86400,2)&"d", ROUND(H13/31536000,2)&"y"))))) -> 0.1191s | J13: =LN(2)/H13 -> 5.8198756 | K13: =10*F13*(1-EXP(-J13*600))*6240000000000 -> 0 | L13: =EXP(-J13*30*60)*K13 -> 0 | M13: =G13 -> He8 | N13: =L13 -> 0 | O13: =0 -> 0
B14: 3005 | C14: 0 | D14: 0 | E14: 0 | F14: =SUM(C14:E14) -> 0 | G14: =VLOOKUP(B14,Nuclides!A:F,5,FALSE) -> Li5 | H14: =VLOOKUP(B14,Nuclides!A:F,4,FALSE) -> 3.038e-22 | I14: =IF(H14="STABLE", "STABLE", IF(H14<60, H14&"s", IF(H14<3600, ROUND(H14/60,2)&"min", IF(H14<86400, ROUND(H14/3600,2)&"h", IF(H14<31536000, ROUND(H14/86400,2)&"d", ROUND(H14/31536000,2)&"y"))))) -> 3.038E-22s | J14: =LN(2)/H14 -> 2.2815905e+21 | K14: =10*F14*(1-EXP(-J14*600))*6240000000000 -> 0 | L14: =EXP(-J14*30*60)*K14 -> 0 | M14: =G14 -> Li5 | N14: =L14 -> 0 | O14: =0 -> 0
B15: 3006 | C15: 0 | D15: 0 | E15: 0 | F15: =SUM(C15:E15) -> 0 | G15: =VLOOKUP(B15,Nuclides!A:F,5,FALSE) -> Li6 | H15: =VLOOKUP(B15,Nuclides!A:F,4,FALSE) -> STABLE | I15: =IF(H15="STABLE", "STABLE", IF(H15<60, H15&"s", IF(H15<3600, ROUND(H15/60,2)&"min", IF(H15<86400, ROUND(H15/3600,2)&"h", IF(H15<31536000, ROUND(H15/86400,2)&"d", ROUND(H15/31536000,2)&"y"))))) -> STABLE | J15: =LN(2)/H15 -> #VALUE! | K15: =10*F15*(1-EXP(-J15*600))*6240000000000 -> #VALUE! | L15: =EXP(-J15*30*60)*K15 -> #VALUE! | M15: =G15 -> Li6 | N15: =L15 -> #VALUE! | O15: =0 -> 0
B16: 3007 | C16: 0 | D16: 0 | E16: 0 | F16: =SUM(C16:E16) -> 0 | G16: =VLOOKUP(B16,Nuclides!A:F,5,FALSE) -> Li7 | H16: =VLOOKUP(B16,Nuclides!A:F,4,FALSE) -> STABLE | I16: =IF(H16="STABLE", "STABLE", IF(H16<60, H16&"s", IF(H16<3600, ROUND(H16/60,2)&"min", IF(H16<86400, ROUND(H16/3600,2)&"h", IF(H16<31536000, ROUND(H16/86400,2)&"d", ROUND(H16/31536000,2)&"y"))))) -> STABLE | J16: =LN(2)/H16 -> #VALUE! | K16: =10*F16*(1-EXP(-J16*600))*6240000000000 -> #VALUE! | L16: =EXP(-J16*30*60)*K16 -> #VALUE! | M16: =G16 -> Li7 | N16: =L16 -> #VALUE! | O16: =0 -> 0
... B1772: 80206 | C1772: 0 | D1772: 0 | E1772: 0 | F1772: =SUM(C1772:E1772) -> 0 | G1772: =VLOOKUP(B1772,Nuclides!A:F,5,FALSE) -> Hg206 | H1772: =VLOOKUP(B1772,Nuclides!A:F,4,FALSE) -> 499.2 | I1772: =IF(H1772="STABLE", "STABLE", IF(H1772<60, H1772&"s", IF(H1772<3600, ROUND(H1772/60,2)&"min", IF(H1772<86400, ROUND(H1772/3600,2)&"h", IF(H1772<31536000, ROUND(H1772/86400,2)&"d", ROUND(H1772/31536000,2)&"y"))))) -> 8.32min | J1772: =LN(2)/H1772 -> 0.001388516 | K1772: =10*F1772*(1-EXP(-J1772*600))*6240000000000 -> 0 | L1772: =EXP(-J1772*30*60)*K1772 -> 0 | M1772: =G1772 -> Hg206 | N1772: =L1772 -> 0 | O1772: =0 -> 0

Sheet Ag1-Ni
G1: Nuclides | H1: T1/2 | I1: T1/2 | J1: λ | K1: 10μA-10min | L1: cool-30min | M1: Nuclides
C5: 1 | D5: 2 | E5: 3
B6: 1001 | C6: 0 | D6: 0 | E6: 0 | F6: =SUM(C6:E6) -> 0 | G6: =VLOOKUP(B6,Nuclides!A:F,5,FALSE) -> H1 | H6: =VLOOKUP(B6,Nuclides!A:F,4,FALSE) -> 613.9 | I6: =IF(H6="STABLE", "STABLE", IF(H6<60, H6&"s", IF(H6<3600, ROUND(H6/60,2)&"min", IF(H6<86400, ROUND(H6/3600,2)&"h", IF(H6<31536000, ROUND(H6/86400,2)&"d", ROUND(H6/31536000,2)&"y"))))) -> 10.23min | J6: =LN(2)/H6 -> 0.0011290881 | K6: =10*F6*(1-EXP(-J6*600))*6240000000000 -> 0 | L6: =EXP(-J6*30*60)*K6 -> 0 | M6: =G6 -> H1 | N6: =L6 -> 0 | O6: =0 -> 0
B7: 1002 | C7: 0 | D7: 0 | E7: 0 | F7: =SUM(C7:E7) -> 0 | G7: =VLOOKUP(B7,Nuclides!A:F,5,FALSE) -> H2 | H7: =VLOOKUP(B7,Nuclides!A:F,4,FALSE) -> STABLE | I7: =IF(H7="STABLE", "STABLE", IF(H7<60, H7&"s", IF(H7<3600, ROUND(H7/60,2)&"min", IF(H7<86400, ROUND(H7/3600,2)&"h", IF(H7<31536000, ROUND(H7/86400,2)&"d", ROUND(H7/31536000,2)&"y"))))) -> STABLE | J7: =LN(2)/H7 -> #VALUE! | K7: =10*F7*(1-EXP(-J7*600))*6240000000000 -> #VALUE! | L7: =EXP(-J7*30*60)*K7 -> #VALUE! | M7: =G7 -> H2 | N7: =L7 -> #VALUE! | O7: =0 -> 0
B8: 1003 | C8: 0 | D8: 0 | E8: 0 | F8: =SUM(C8:E8) -> 0 | G8: =VLOOKUP(B8,Nuclides!A:F,5,FALSE) -> H3 | H8: =VLOOKUP(B8,Nuclides!A:F,4,FALSE) -> 388789632 | I8: =IF(H8="STABLE", "STABLE", IF(H8<60, H8&"s", IF(H8<3600, ROUND(H8/60,2)&"min", IF(H8<86400, ROUND(H8/3600,2)&"h", IF(H8<31536000, ROUND(H8/86400,2)&"d", ROUND(H8/31536000,2)&"y"))))) -> 12.33y | J8: =LN(2)/H8 -> 1.7828335e-09 | K8: =10*F8*(1-EXP(-J8*600))*6240000000000 -> 0 | L8: =EXP(-J8*30*60)*K8 -> 0 | M8: =G8 -> H3 | N8: =L8 -> 0 | O8: =0 -> 0
B9: 2003 | C9: 0 | D9: 0 | E9: 0 | F9: =SUM(C9:E9) -> 0 | G9: =VLOOKUP(B9,Nuclides!A:F,5,FALSE) -> He3 | H9: =VLOOKUP(B9,Nuclides!A:F,4,FALSE) -> STABLE | I9: =IF(H9="STABLE", "STABLE", IF(H9<60, H9&"s", IF(H9<3600, ROUND(H9/60,2)&"min", IF(H9<86400, ROUND(H9/3600,2)&"h", IF(H9<31536000, ROUND(H9/86400,2)&"d", ROUND(H9/31536000,2)&"y"))))) -> STABLE | J9: =LN(2)/H9 -> #VALUE! | K9: =10*F9*(1-EXP(-J9*600))*6240000000000 -> #VALUE! | L9: =EXP(-J9*30*60)*K9 -> #VALUE! | M9: =G9 -> He3 | N9: =L9 -> #VALUE! | O9: =0 -> 0
B10: 2004 | C10: 0 | D10: 0 | E10: 0 | F10: =SUM(C10:E10) -> 0 | G10: =VLOOKUP(B10,Nuclides!A:F,5,FALSE) -> He4 | H10: =VLOOKUP(B10,Nuclides!A:F,4,FALSE) -> STABLE | I10: =IF(H10="STABLE", "STABLE", IF(H10<60, H10&"s", IF(H10<3600, ROUND(H10/60,2)&"min", IF(H10<86400, ROUND(H10/3600,2)&"h", IF(H10<31536000, ROUND(H10/86400,2)&"d", ROUND(H10/31536000,2)&"y"))))) -> STABLE | J10: =LN(2)/H10 -> #VALUE! | K10: =10*F10*(1-EXP(-J10*600))*6240000000000 -> #VALUE! | L10: =EXP(-J10*30*60)*K10 -> #VALUE! | M10: =G10 -> He4 | N10: =L10 -> #VALUE! | O10: =0 -> 0
B11: 2005 | C11: 0 | D11: 0 | E11: 0 | F11: =SUM(C11:E11) -> 0 | G11: =VLOOKUP(B11,Nuclides!A:F,5,FALSE) -> He5 | H11: =VLOOKUP(B11,Nuclides!A:F,4,FALSE) -> 7.595e-22 | I11: =IF(H11="STABLE", "STABLE", IF(H11<60, H11&"s", IF(H11<3600, ROUND(H11/60,2)&"min", IF(H11<86400, ROUND(H11/3600,2)&"h", IF(H11<31536000, ROUND(H11/86400,2)&"d", ROUND(H11/31536000,2)&"y"))))) -> 7.595E-22s | J11: =LN(2)/H11 -> 9.1263618e+20 | K11: =10*F11*(1-EXP(-J11*600))*6240000000000 -> 0 | L11: =EXP(-J11*30*60)*K11 -> 0 | M11: =G11 -> He5 | N11: =L11 -> 0 | O11: =0 -> 0
B12: 2006 | C12: 0 | D12: 0 | E12: 0 | F12: =SUM(C12:E12) -> 0 | G12: =VLOOKUP(B12,Nuclides!A:F,5,FALSE) -> He6 | H12: =VLOOKUP(B12,Nuclides!A:F,4,FALSE) -> 0.8067 | I12: =IF(H12="STABLE", "STABLE", IF(H12<60, H12&"s", IF(H12<3600, ROUND(H12/60,2)&"min", IF(H12<86400, ROUND(H12/3600,2)&"h", IF(H12<31536000, ROUND(H12/86400,2)&"d", ROUND(H12/31536000,2)&"y"))))) -> 0.8067s | J12: =LN(2)/H12 -> 0.85923786 | K12: =10*F12*(1-EXP(-J12*600))*6240000000000 -> 0 | L12: =EXP(-J12*30*60)*K12 -> 0 | M12: =G12 -> He6 | N12: =L12 -> 0 | O12: =0 -> 0
B13: 2007 | C13: 0 | D13: 0 | E13: 0 | F13: =SUM(C13:E13) -> 0 | G13: =VLOOKUP(B13,Nuclides!A:F,5,FALSE) -> He7 | H13: =VLOOKUP(B13,Nuclides!A:F,4,FALSE) -> 3.038e-21 | I13: =IF(H13="STABLE", "STABLE", IF(H13<60, H13&"s", IF(H13<3600, ROUND(H13/60,2)&"min", IF(H13<86400, ROUND(H13/3600,2)&"h", IF(H13<31536000, ROUND(H13/86400,2)&"d", ROUND(H13/31536000,2)&"y"))))) -> 3.038E-21s | J13: =LN(2)/H13 -> 2.2815905e+20 | K13: =10*F13*(1-EXP(-J13*600))*6240000000000 -> 0 | L13: =EXP(-J13*30*60)*K13 -> 0 | M13: =G13 -> He7 | N13: =L13 -> 0 | O13: =0 -> 0
B14: 2008 | C14: 0 | D14: 0 | E14: 0 | F14: =SUM(C14:E14) -> 0 | G14: =VLOOKUP(B14,Nuclides!A:F,5,FALSE) -> He8 | H14: =VLOOKUP(B14,Nuclides!A:F,4,FALSE) -> 0.1191 | I14: =IF(H14="STABLE", "STABLE", IF(H14<60, H14&"s", IF(H14<3600, ROUND(H14/60,2)&"min", IF(H14<86400, ROUND(H14/3600,2)&"h", IF(H14<31536000, ROUND(H14/86400,2)&"d", ROUND(H14/31536000,2)&"y"))))) -> 0.1191s | J14: =LN(2)/H14 -> 5.8198756 | K14: =10*F14*(1-EXP(-J14*600))*6240000000000 -> 0 | L14: =EXP(-J14*30*60)*K14 -> 0 | M14: =G14 -> He8 | N14: =L14 -> 0 | O14: =0 -> 0
B15: 3005 | C15: 0 | D15: 0 | E15: 0 | F15: =SUM(C15:E15) -> 0 | G15: =VLOOKUP(B15,Nuclides!A:F,5,FALSE) -> Li5 | H15: =VLOOKUP(B15,Nuclides!A:F,4,FALSE) -> 3.038e-22 | I15: =IF(H15="STABLE", "STABLE", IF(H15<60, H15&"s", IF(H15<3600, ROUND(H15/60,2)&"min", IF(H15<86400, ROUND(H15/3600,2)&"h", IF(H15<31536000, ROUND(H15/86400,2)&"d", ROUND(H15/31536000,2)&"y"))))) -> 3.038E-22s | J15: =LN(2)/H15 -> 2.2815905e+21 | K15: =10*F15*(1-EXP(-J15*600))*6240000000000 -> 0 | L15: =EXP(-J15*30*60)*K15 -> 0 | M15: =G15 -> Li5 | N15: =L15 -> 0 | O15: =0 -> 0
B16: 3006 | C16: 0 | D16: 0 | E16: 0 | F16: =SUM(C16:E16) -> 0 | G16: =VLOOKUP(B16,Nuclides!A:F,5,FALSE) -> Li6 | H16: =VLOOKUP(B16,Nuclides!A:F,4,FALSE) -> STABLE | I16: =IF(H16="STABLE", "STABLE", IF(H16<60, H16&"s", IF(H16<3600, ROUND(H16/60,2)&"min", IF(H16<86400, ROUND(H16/3600,2)&"h", IF(H16<31536000, ROUND(H16/86400,2)&"d", ROUND(H16/31536000,2)&"y"))))) -> STABLE | J16: =LN(2)/H16 -> #VALUE! | K16: =10*F16*(1-EXP(-J16*600))*6240000000000 -> #VALUE! | L16: =EXP(-J16*30*60)*K16 -> #VALUE! | M16: =G16 -> Li6 | N16: =L16 -> #VALUE! | O16: =0 -> 0
B17: 3007 | C17: 0 | D17: 0 | E17: 0 | F17: =SUM(C17:E17) -> 0 | G17: =VLOOKUP(B17,Nuclides!A:F,5,FALSE) -> Li7 | H17: =VLOOKUP(B17,Nuclides!A:F,4,FALSE) -> STABLE | I17: =IF(H17="STABLE", "STABLE", IF(H17<60, H17&"s", IF(H17<3600, ROUND(H17/60,2)&"min", IF(H17<86400, ROUND(H17/3600,2)&"h", IF(H17<31536000, ROUND(H17/86400,2)&"d", ROUND(H17/31536000,2)&"y"))))) -> STABLE | J17: =LN(2)/H17 -> #VALUE! | K17: =10*F17*(1-EXP(-J17*600))*6240000000000 -> #VALUE! | L17: =EXP(-J17*30*60)*K17 -> #VALUE! | M17: =G17 -> Li7 | N17: =L17 -> #VALUE! | O17: =0 -> 0
... B1773: 80206 | C1773: 0 | D1773: 0 | E1773: 0 | F1773: =SUM(C1773:E1773) -> 0 | G1773: =VLOOKUP(B1773,Nuclides!A:F,5,FALSE) -> Hg206 | H1773: =VLOOKUP(B1773,Nuclides!A:F,4,FALSE) -> 499.2 | I1773: =IF(H1773="STABLE", "STABLE", IF(H1773<60, H1773&"s", IF(H1773<3600, ROUND(H1773/60,2)&"min", IF(H1773<86400, ROUND(H1773/3600,2)&"h", IF(H1773<31536000, ROUND(H1773/86400,2)&"d", ROUND(H1773/31536000,2)&"y"))))) -> 8.32min | J1773: =LN(2)/H1773 -> 0.001388516 | K1773: =10*F1773*(1-EXP(-J1773*600))*6240000000000 -> 0 | L1773: =EXP(-J1773*30*60)*K1773 -> 0 | M1773: =G1773 -> Hg206 | N1773: =L1773 -> 0 | O1773: =0 -> 0

Sheet Ta-Ni
G1: Nuclides | H1: T1/2 | I1: T1/2 | J1: λ | K1: 10μA*10min | L1: cool-30min | M1: Nuclides
C3: 1 | D3: 2 | E3: 3
B4: 1001 | C4: 0 | D4: 0 | E4: 0 | F4: =SUM(C4:E4) -> 0 | G4: =VLOOKUP(B4,Nuclides!A:F,5,FALSE) -> H1 | H4: =VLOOKUP(B4,Nuclides!A:F,4,FALSE) -> 613.9 | I4: =IF(H4="STABLE", "STABLE", IF(H4<60, H4&"s", IF(H4<3600, ROUND(H4/60,2)&"min", IF(H4<86400, ROUND(H4/3600,2)&"h", IF(H4<31536000, ROUND(H4/86400,2)&"d", ROUND(H4/31536000,2)&"y"))))) -> 10.23min | J4: =LN(2)/H4 -> 0.0011290881 | K4: =10*F4*(1-EXP(-J4*600))*6240000000000 -> 0 | L4: =EXP(-J4*30*60)*K4 -> 0 | M4: =G4 -> H1 | N4: =0 -> 0
B5: 1002 | C5: 0 | D5: 0 | E5: 0 | F5: =SUM(C5:E5) -> 0 | G5: =VLOOKUP(B5,Nuclides!A:F,5,FALSE) -> H2 | H5: =VLOOKUP(B5,Nuclides!A:F,4,FALSE) -> STABLE | I5: =IF(H5="STABLE", "STABLE", IF(H5<60, H5&"s", IF(H5<3600, ROUND(H5/60,2)&"min", IF(H5<86400, ROUND(H5/3600,2)&"h", IF(H5<31536000, ROUND(H5/86400,2)&"d", ROUND(H5/31536000,2)&"y"))))) -> STABLE | J5: =LN(2)/H5 -> #VALUE! | K5: =10*F5*(1-EXP(-J5*600))*6240000000000 -> #VALUE! | L5: =EXP(-J5*30*60)*K5 -> #VALUE! | M5: =G5 -> H2 | N5: =0 -> 0
B6: 1003 | C6: 0 | D6: 0 | E6: 0 | F6: =SUM(C6:E6) -> 0 | G6: =VLOOKUP(B6,Nuclides!A:F,5,FALSE) -> H3 | H6: =VLOOKUP(B6,Nuclides!A:F,4,FALSE) -> 388789632 | I6: =IF(H6="STABLE", "STABLE", IF(H6<60, H6&"s", IF(H6<3600, ROUND(H6/60,2)&"min", IF(H6<86400, ROUND(H6/3600,2)&"h", IF(H6<31536000, ROUND(H6/86400,2)&"d", ROUND(H6/31536000,2)&"y"))))) -> 12.33y | J6: =LN(2)/H6 -> 1.7828335e-09 | K6: =10*F6*(1-EXP(-J6*600))*6240000000000 -> 0 | L6: =EXP(-J6*30*60)*K6 -> 0 | M6: =G6 -> H3 | N6: =0 -> 0
B7: 2003 | C7: 0 | D7: 0 | E7: 0 | F7: =SUM(C7:E7) -> 0 | G7: =VLOOKUP(B7,Nuclides!A:F,5,FALSE) -> He3 | H7: =VLOOKUP(B7,Nuclides!A:F,4,FALSE) -> STABLE | I7: =IF(H7="STABLE", "STABLE", IF(H7<60, H7&"s", IF(H7<3600, ROUND(H7/60,2)&"min", IF(H7<86400, ROUND(H7/3600,2)&"h", IF(H7<31536000, ROUND(H7/86400,2)&"d", ROUND(H7/31536000,2)&"y"))))) -> STABLE | J7: =LN(2)/H7 -> #VALUE! | K7: =10*F7*(1-EXP(-J7*600))*6240000000000 -> #VALUE! | L7: =EXP(-J7*30*60)*K7 -> #VALUE! | M7: =G7 -> He3 | N7: =0 -> 0
B8: 2004 | C8: 0 | D8: 0 | E8: 0 | F8: =SUM(C8:E8) -> 0 | G8: =VLOOKUP(B8,Nuclides!A:F,5,FALSE) -> He4 | H8: =VLOOKUP(B8,Nuclides!A:F,4,FALSE) -> STABLE | I8: =IF(H8="STABLE", "STABLE", IF(H8<60, H8&"s", IF(H8<3600, ROUND(H8/60,2)&"min", IF(H8<86400, ROUND(H8/3600,2)&"h", IF(H8<31536000, ROUND(H8/86400,2)&"d", ROUND(H8/31536000,2)&"y"))))) -> STABLE | J8: =LN(2)/H8 -> #VALUE! | K8: =10*F8*(1-EXP(-J8*600))*6240000000000 -> #VALUE! | L8: =EXP(-J8*30*60)*K8 -> #VALUE! | M8: =G8 -> He4 | N8: =0 -> 0
B9: 2005 | C9: 0 | D9: 0 | E9: 0 | F9: =SUM(C9:E9) -> 0 | G9: =VLOOKUP(B9,Nuclides!A:F,5,FALSE) -> He5 | H9: =VLOOKUP(B9,Nuclides!A:F,4,FALSE) -> 7.595e-22 | I9: =IF(H9="STABLE", "STABLE", IF(H9<60, H9&"s", IF(H9<3600, ROUND(H9/60,2)&"min", IF(H9<86400, ROUND(H9/3600,2)&"h", IF(H9<31536000, ROUND(H9/86400,2)&"d", ROUND(H9/31536000,2)&"y"))))) -> 7.595E-22s | J9: =LN(2)/H9 -> 9.1263618e+20 | K9: =10*F9*(1-EXP(-J9*600))*6240000000000 -> 0 | L9: =EXP(-J9*30*60)*K9 -> 0 | M9: =G9 -> He5 | N9: =0 -> 0
B10: 2006 | C10: 0 | D10: 0 | E10: 0 | F10: =SUM(C10:E10) -> 0 | G10: =VLOOKUP(B10,Nuclides!A:F,5,FALSE) -> He6 | H10: =VLOOKUP(B10,Nuclides!A:F,4,FALSE) -> 0.8067 | I10: =IF(H10="STABLE", "STABLE", IF(H10<60, H10&"s", IF(H10<3600, ROUND(H10/60,2)&"min", IF(H10<86400, ROUND(H10/3600,2)&"h", IF(H10<31536000, ROUND(H10/86400,2)&"d", ROUND(H10/31536000,2)&"y"))))) -> 0.8067s | J10: =LN(2)/H10 -> 0.85923786 | K10: =10*F10*(1-EXP(-J10*600))*6240000000000 -> 0 | L10: =EXP(-J10*30*60)*K10 -> 0 | M10: =G10 -> He6 | N10: =0 -> 0
B11: 2007 | C11: 0 | D11: 0 | E11: 0 | F11: =SUM(C11:E11) -> 0 | G11: =VLOOKUP(B11,Nuclides!A:F,5,FALSE) -> He7 | H11: =VLOOKUP(B11,Nuclides!A:F,4,FALSE) -> 3.038e-21 | I11: =IF(H11="STABLE", "STABLE", IF(H11<60, H11&"s", IF(H11<3600, ROUND(H11/60,2)&"min", IF(H11<86400, ROUND(H11/3600,2)&"h", IF(H11<31536000, ROUND(H11/86400,2)&"d", ROUND(H11/31536000,2)&"y"))))) -> 3.038E-21s | J11: =LN(2)/H11 -> 2.2815905e+20 | K11: =10*F11*(1-EXP(-J11*600))*6240000000000 -> 0 | L11: =EXP(-J11*30*60)*K11 -> 0 | M11: =G11 -> He7 | N11: =0 -> 0
B12: 2008 | C12: 0 | D12: 0 | E12: 0 | F12: =SUM(C12:E12) -> 0 | G12: =VLOOKUP(B12,Nuclides!A:F,5,FALSE) -> He8 | H12: =VLOOKUP(B12,Nuclides!A:F,4,FALSE) -> 0.1191 | I12: =IF(H12="STABLE", "STABLE", IF(H12<60, H12&"s", IF(H12<3600, ROUND(H12/60,2)&"min", IF(H12<86400, ROUND(H12/3600,2)&"h", IF(H12<31536000, ROUND(H12/86400,2)&"d", ROUND(H12/31536000,2)&"y"))))) -> 0.1191s | J12: =LN(2)/H12 -> 5.8198756 | K12: =10*F12*(1-EXP(-J12*600))*6240000000000 -> 0 | L12: =EXP(-J12*30*60)*K12 -> 0 | M12: =G12 -> He8 | N12: =0 -> 0
B13: 3005 | C13: 0 | D13: 0 | E13: 0 | F13: =SUM(C13:E13) -> 0 | G13: =VLOOKUP(B13,Nuclides!A:F,5,FALSE) -> Li5 | H13: =VLOOKUP(B13,Nuclides!A:F,4,FALSE) -> 3.038e-22 | I13: =IF(H13="STABLE", "STABLE", IF(H13<60, H13&"s", IF(H13<3600, ROUND(H13/60,2)&"min", IF(H13<86400, ROUND(H13/3600,2)&"h", IF(H13<31536000, ROUND(H13/86400,2)&"d", ROUND(H13/31536000,2)&"y"))))) -> 3.038E-22s | J13: =LN(2)/H13 -> 2.2815905e+21 | K13: =10*F13*(1-EXP(-J13*600))*6240000000000 -> 0 | L13: =EXP(-J13*30*60)*K13 -> 0 | M13: =G13 -> Li5 | N13: =0 -> 0
B14: 3006 | C14: 0 | D14: 0 | E14: 0 | F14: =SUM(C14:E14) -> 0 | G14: =VLOOKUP(B14,Nuclides!A:F,5,FALSE) -> Li6 | H14: =VLOOKUP(B14,Nuclides!A:F,4,FALSE) -> STABLE | I14: =IF(H14="STABLE", "STABLE", IF(H14<60, H14&"s", IF(H14<3600, ROUND(H14/60,2)&"min", IF(H14<86400, ROUND(H14/3600,2)&"h", IF(H14<31536000, ROUND(H14/86400,2)&"d", ROUND(H14/31536000,2)&"y"))))) -> STABLE | J14: =LN(2)/H14 -> #VALUE! | K14: =10*F14*(1-EXP(-J14*600))*6240000000000 -> #VALUE! | L14: =EXP(-J14*30*60)*K14 -> #VALUE! | M14: =G14 -> Li6 | N14: =0 -> 0
B15: 3007 | C15: 0 | D15: 0 | E15: 0 | F15: =SUM(C15:E15) -> 0 | G15: =VLOOKUP(B15,Nuclides!A:F,5,FALSE) -> Li7 | H15: =VLOOKUP(B15,Nuclides!A:F,4,FALSE) -> STABLE | I15: =IF(H15="STABLE", "STABLE", IF(H15<60, H15&"s", IF(H15<3600, ROUND(H15/60,2)&"min", IF(H15<86400, ROUND(H15/3600,2)&"h", IF(H15<31536000, ROUND(H15/86400,2)&"d", ROUND(H15/31536000,2)&"y"))))) -> STABLE | J15: =LN(2)/H15 -> #VALUE! | K15: =10*F15*(1-EXP(-J15*600))*6240000000000 -> #VALUE! | L15: =EXP(-J15*30*60)*K15 -> #VALUE! | M15: =G15 -> Li7 | N15: =0 -> 0
... B351: 27060 | C351: 0 | D351: 0 | E351: 0 | F351: =SUM(C351:E351) -> 0 | G351: =VLOOKUP(B351,Nuclides!A:F,5,FALSE) -> Co60 | H351: =VLOOKUP(B351,Nuclides!A:F,4,FALSE) -> 166344192 | I351: =IF(H351="STABLE", "STABLE", IF(H351<60, H351&"s", IF(H351<3600, ROUND(H351/60,2)&"min", IF(H351<86400, ROUND(H351/3600,2)&"h", IF(H351<31536000, ROUND(H351/86400,2)&"d", ROUND(H351/31536000,2)&"y"))))) -> 5.27y | J351: =LN(2)/H351 -> 4.1669455e-09 | K351: =10*F351*(1-EXP(-J351*600))*6240000000000 -> 0 | L351: =EXP(-J351*30*60)*K351 -> 0 | M351: =G351 -> Co60 | N351: =0 -> 0
B352: 27061 | C352: 5.8e-06 | D352: 0 | E352: 0 | F352: =SUM(C352:E352) -> 5.8e-06 | G352: =VLOOKUP(B352,Nuclides!A:F,5,FALSE) -> Co61 | H352: =VLOOKUP(B352,Nuclides!A:F,4,FALSE) -> 5936.4 | I352: =IF(H352="STABLE", "STABLE", IF(H352<60, H352&"s", IF(H352<3600, ROUND(H352/60,2)&"min", IF(H352<86400, ROUND(H352/3600,2)&"h", IF(H352<31536000, ROUND(H352/86400,2)&"d", ROUND(H352/31536000,2)&"y"))))) -> 1.65h | J352: =LN(2)/H352 -> 0.00011676221 | K352: =10*F352*(1-EXP(-J352*600))*6240000000000 -> 24487373 | L352: =EXP(-J352*30*60)*K352 -> 19845665 | M352: =G352 -> Co61 | N352: =L352 -> 19845665 | O352: 0
B353: 27062 | C353: 0 | D353: 0 | E353: 0 | F353: =SUM(C353:E353) -> 0 | G353: =VLOOKUP(B353,Nuclides!A:F,5,FALSE) -> Co62 | H353: =VLOOKUP(B353,Nuclides!A:F,4,FALSE) -> 90 | I353: =IF(H353="STABLE", "STABLE", IF(H353<60, H353&"s", IF(H353<3600, ROUND(H353/60,2)&"min", IF(H353<86400, ROUND(H353/3600,2)&"h", IF(H353<31536000, ROUND(H353/86400,2)&"d", ROUND(H353/31536000,2)&"y"))))) -> 1.5min | J353: =LN(2)/H353 -> 0.0077016353 | K353: =10*F353*(1-EXP(-J353*600))*6240000000000 -> 0 | L353: =EXP(-J353*30*60)*K353 -> 0 | M353: =G353 -> Co62 | N353: =0 -> 0
B354: 27063 | C354: 0 | D354: 0 | E354: 0 | F354: =SUM(C354:E354) -> 0 | G354: =VLOOKUP(B354,Nuclides!A:F,5,FALSE) -> Co63 | H354: =VLOOKUP(B354,Nuclides!A:F,4,FALSE) -> 27.4 | I354: =IF(H354="STABLE", "STABLE", IF(H354<60, H354&"s", IF(H354<3600, ROUND(H354/60,2)&"min", IF(H354<86400, ROUND(H354/3600,2)&"h", IF(H354<31536000, ROUND(H354/86400,2)&"d", ROUND(H354/31536000,2)&"y"))))) -> 27.4s | J354: =LN(2)/H354 -> 0.025297342 | K354: =10*F354*(1-EXP(-J354*600))*6240000000000 -> 0 | L354: =EXP(-J354*30*60)*K354 -> 0 | M354: =G354 -> Co63 | N354: =0 -> 0
B355: 27064 | C355: 0 | D355: 0 | E355: 0 | F355: =SUM(C355:E355) -> 0 | G355: =VLOOKUP(B355,Nuclides!A:F,5,FALSE) -> Co64 | H355: =VLOOKUP(B355,Nuclides!A:F,4,FALSE) -> 0.3 | I355: =IF(H355="STABLE", "STABLE", IF(H355<60, H355&"s", IF(H355<3600, ROUND(H355/60,2)&"min", IF(H355<86400, ROUND(H355/3600,2)&"h", IF(H355<31536000, ROUND(H355/86400,2)&"d", ROUND(H355/31536000,2)&"y"))))) -> 0.3s | J355: =LN(2)/H355 -> 2.3104906 | K355: =10*F355*(1-EXP(-J355*600))*6240000000000 -> 0 | L355: =EXP(-J355*30*60)*K355 -> 0 | M355: =G355 -> Co64 | N355: =0 -> 0
B356: 28053 | C356: 0 | D356: 0 | E356: 0 | F356: =SUM(C356:E356) -> 0 | G356: =VLOOKUP(B356,Nuclides!A:F,5,FALSE) -> Ni53 | H356: =VLOOKUP(B356,Nuclides!A:F,4,FALSE) -> 0.0552 | I356: =IF(H356="STABLE", "STABLE", IF(H356<60, H356&"s", IF(H356<3600, ROUND(H356/60,2)&"min", IF(H356<86400, ROUND(H356/3600,2)&"h", IF(H356<31536000, ROUND(H356/86400,2)&"d", ROUND(H356/31536000,2)&"y"))))) -> 0.0552s | J356: =LN(2)/H356 -> 12.557014 | K356: =10*F356*(1-EXP(-J356*600))*6240000000000 -> 0 | L356: =EXP(-J356*30*60)*K356 -> 0 | M356: =G356 -> Ni53 | N356: =0 -> 0
B357: 28054 | C357: 0 | D357: 0 | E357: 0 | F357: =SUM(C357:E357) -> 0 | G357: =VLOOKUP(B357,Nuclides!A:F,5,FALSE) -> Ni54 | H357: =VLOOKUP(B357,Nuclides!A:F,4,FALSE) -> 0.1142 | I357: =IF(H357="STABLE", "STABLE", IF(H357<60, H357&"s", IF(H357<3600, ROUND(H357/60,2)&"min", IF(H357<86400, ROUND(H357/3600,2)&"h", IF(H357<31536000, ROUND(H357/86400,2)&"d", ROUND(H357/31536000,2)&"y"))))) -> 0.1142s | J357: =LN(2)/H357 -> 6.06959 | K357: =10*F357*(1-EXP(-J357*600))*6240000000000 -> 0 | L357: =EXP(-J357*30*60)*K357 -> 0 | M357: =G357 -> Ni54 | N357: =0 -> 0
B358: 28055 | C358: 0 | D358: 0 | E358: 0 | F358: =SUM(C358:E358) -> 0 | G358: =VLOOKUP(B358,Nuclides!A:F,5,FALSE) -> Ni55 | H358: =VLOOKUP(B358,Nuclides!A:F,4,FALSE) -> 0.2047 | I358: =IF(H358="STABLE", "STABLE", IF(H358<60, H358&"s", IF(H358<3600, ROUND(H358/60,2)&"min", IF(H358<86400, ROUND(H358/3600,2)&"h", IF(H358<31536000, ROUND(H358/86400,2)&"d", ROUND(H358/31536000,2)&"y"))))) -> 0.2047s | J358: =LN(2)/H358 -> 3.3861611 | K358: =10*F358*(1-EXP(-J358*600))*6240000000000 -> 0 | L358: =EXP(-J358*30*60)*K358 -> 0 | M358: =G358 -> Ni55 | N358: =0 -> 0
B359: 28056 | C359: 0 | D359: 0 | E359: 0 | F359: =SUM(C359:E359) -> 0 | G359: =VLOOKUP(B359,Nuclides!A:F,5,FALSE) -> Ni56 | H359: =VLOOKUP(B359,Nuclides!A:F,4,FALSE) -> 524880 | I359: =IF(H359="STABLE", "STABLE", IF(H359<60, H359&"s", IF(H359<3600, ROUND(H359/60,2)&"min", IF(H359<86400, ROUND(H359/3600,2)&"h", IF(H359<31536000, ROUND(H359/86400,2)&"d", ROUND(H359/31536000,2)&"y"))))) -> 6.08d | J359: =LN(2)/H359 -> 1.3205822e-06 | K359: =10*F359*(1-EXP(-J359*600))*6240000000000 -> 0 | L359: =EXP(-J359*30*60)*K359 -> 0 | M359: =G359 -> Ni56 | N359: =0 -> 0
B360: 28057 | C360: 0 | D360: 0 | E360: 0 | F360: =SUM(C360:E360) -> 0 | G360: =VLOOKUP(B360,Nuclides!A:F,5,FALSE) -> Ni57 | H360: =VLOOKUP(B360,Nuclides!A:F,4,FALSE) -> 128160 | I360: =IF(H360="STABLE", "STABLE", IF(H360<60, H360&"s", IF(H360<3600, ROUND(H360/60,2)&"min", IF(H360<86400, ROUND(H360/3600,2)&"h", IF(H360<31536000, ROUND(H360/86400,2)&"d", ROUND(H360/31536000,2)&"y"))))) -> 1.48d | J360: =LN(2)/H360 -> 5.4084518e-06 | K360: =10*F360*(1-EXP(-J360*600))*6240000000000 -> 0 | L360: =EXP(-J360*30*60)*K360 -> 0 | M360: =G360 -> Ni57 | N360: =0 -> 0
B361: 28058 | C361: 0 | D361: 0 | E361: 0 | F361: =SUM(C361:E361) -> 0 | G361: =VLOOKUP(B361,Nuclides!A:F,5,FALSE) -> Ni58 | H361: =VLOOKUP(B361,Nuclides!A:F,4,FALSE) -> STABLE | I361: =IF(H361="STABLE", "STABLE", IF(H361<60, H361&"s", IF(H361<3600, ROUND(H361/60,2)&"min", IF(H361<86400, ROUND(H361/3600,2)&"h", IF(H361<31536000, ROUND(H361/86400,2)&"d", ROUND(H361/31536000,2)&"y"))))) -> STABLE | J361: =LN(2)/H361 -> #VALUE! | K361: =10*F361*(1-EXP(-J361*600))*6240000000000 -> #VALUE! | L361: =EXP(-J361*30*60)*K361 -> #VALUE! | M361: =G361 -> Ni58 | N361: =0 -> 0
B362: 28059 | C362: 0 | D362: 0 | E362: 0 | F362: =SUM(C362:E362) -> 0 | G362: =VLOOKUP(B362,Nuclides!A:F,5,FALSE) -> Ni59 | H362: =VLOOKUP(B362,Nuclides!A:F,4,FALSE) -> 2398377600000 | I362: =IF(H362="STABLE", "STABLE", IF(H362<60, H362&"s", IF(H362<3600, ROUND(H362/60,2)&"min", IF(H362<86400, ROUND(H362/3600,2)&"h", IF(H362<31536000, ROUND(H362/86400,2)&"d", ROUND(H362/31536000,2)&"y"))))) -> 76052.05y | J362: =LN(2)/H362 -> 2.8900669e-13 | K362: =10*F362*(1-EXP(-J362*600))*6240000000000 -> 0 | L362: =EXP(-J362*30*60)*K362 -> 0 | M362: =G362 -> Ni59 | N362: =0 -> 0
B363: 28060 | C363: 0 | D363: 0 | E363: 0 | F363: =SUM(C363:E363) -> 0 | G363: =VLOOKUP(B363,Nuclides!A:F,5,FALSE) -> Ni60 | H363: =VLOOKUP(B363,Nuclides!A:F,4,FALSE) -> STABLE | I363: =IF(H363="STABLE", "STABLE", IF(H363<60, H363&"s", IF(H363<3600, ROUND(H363/60,2)&"min", IF(H363<86400, ROUND(H363/3600,2)&"h", IF(H363<31536000, ROUND(H363/86400,2)&"d", ROUND(H363/31536000,2)&"y"))))) -> STABLE | J363: =LN(2)/H363 -> #VALUE! | K363: =10*F363*(1-EXP(-J363*600))*6240000000000 -> #VALUE! | L363: =EXP(-J363*30*60)*K363 -> #VALUE! | M363: =G363 -> Ni60 | N363: =0 -> 0
B364: 28061 | C364: 0 | D364: 0 | E364: 0 | F364: =SUM(C364:E364) -> 0 | G364: =VLOOKUP(B364,Nuclides!A:F,5,FALSE) -> Ni61 | H364: =VLOOKUP(B364,Nuclides!A:F,4,FALSE) -> STABLE | I364: =IF(H364="STABLE", "STABLE", IF(H364<60, H364&"s", IF(H364<3600, ROUND(H364/60,2)&"min", IF(H364<86400, ROUND(H364/3600,2)&"h", IF(H364<31536000, ROUND(H364/86400,2)&"d", ROUND(H364/31536000,2)&"y"))))) -> STABLE | J364: =LN(2)/H364 -> #VALUE! | K364: =10*F364*(1-EXP(-J364*600))*6240000000000 -> #VALUE! | L364: =EXP(-J364*30*60)*K364 -> #VALUE! | M364: =G364 -> Ni61 | N364: =0 -> 0
B365: 28062 | C365: 0 | D365: 0 | E365: 0 | F365: =SUM(C365:E365) -> 0 | G365: =VLOOKUP(B365,Nuclides!A:F,5,FALSE) -> Ni62 | H365: =VLOOKUP(B365,Nuclides!A:F,4,FALSE) -> STABLE | I365: =IF(H365="STABLE", "STABLE", IF(H365<60, H365&"s", IF(H365<3600, ROUND(H365/60,2)&"min", IF(H365<86400, ROUND(H365/3600,2)&"h", IF(H365<31536000, ROUND(H365/86400,2)&"d", ROUND(H365/31536000,2)&"y"))))) -> STABLE | J365: =LN(2)/H365 -> #VALUE! | K365: =10*F365*(1-EXP(-J365*600))*6240000000000 -> #VALUE! | L365: =EXP(-J365*30*60)*K365 -> #VALUE! | M365: =G365 -> Ni62 | N365: =0 -> 0
B366: 28063 | C366: 1.7e-06 | D366: 0 | E366: 0 | F366: =SUM(C366:E366) -> 1.7e-06 | G366: =VLOOKUP(B366,Nuclides!A:F,5,FALSE) -> Ni63 | H366: =VLOOKUP(B366,Nuclides!A:F,4,FALSE) -> 3193629120 | I366: =IF(H366="STABLE", "STABLE", IF(H366<60, H366&"s", IF(H366<3600, ROUND(H366/60,2)&"min", IF(H366<86400, ROUND(H366/3600,2)&"h", IF(H366<31536000, ROUND(H366/86400,2)&"d", ROUND(H366/31536000,2)&"y"))))) -> 101.27y | J366: =LN(2)/H366 -> 2.170406e-10 | K366: =10*F366*(1-EXP(-J366*600))*6240000000000 -> 13.814199 | L366: =EXP(-J366*30*60)*K366 -> 13.814194 | M366: =G366 -> Ni63 | N366: =L366 -> 13.814194 | O366: 0
B367: 28064 | C367: 0.0008535 | D367: 0 | E367: 0 | F367: =SUM(C367:E367) -> 0.0008535 | G367: =VLOOKUP(B367,Nuclides!A:F,5,FALSE) -> Ni64 | H367: =VLOOKUP(B367,Nuclides!A:F,4,FALSE) -> STABLE | I367: =IF(H367="STABLE", "STABLE", IF(H367<60, H367&"s", IF(H367<3600, ROUND(H367/60,2)&"min", IF(H367<86400, ROUND(H367/3600,2)&"h", IF(H367<31536000, ROUND(H367/86400,2)&"d", ROUND(H367/31536000,2)&"y"))))) -> STABLE | J367: =LN(2)/H367 -> #VALUE! | K367: =10*F367*(1-EXP(-J367*600))*6240000000000 -> #VALUE! | L367: =EXP(-J367*30*60)*K367 -> #VALUE! | M367: =G367 -> Ni64 | N367: =0 -> 0
B368: 28065 | C368: 0 | D368: 0 | E368: 0 | F368: =SUM(C368:E368) -> 0 | G368: =VLOOKUP(B368,Nuclides!A:F,5,FALSE) -> Ni65 | H368: =VLOOKUP(B368,Nuclides!A:F,4,FALSE) -> 9063 | I368: =IF(H368="STABLE", "STABLE", IF(H368<60, H368&"s", IF(H368<3600, ROUND(H368/60,2)&"min", IF(H368<86400, ROUND(H368/3600,2)&"h", IF(H368<31536000, ROUND(H368/86400,2)&"d", ROUND(H368/31536000,2)&"y"))))) -> 2.52h | J368: =LN(2)/H368 -> 7.6480986e-05 | K368: =10*F368*(1-EXP(-J368*600))*6240000000000 -> 0 | L368: =EXP(-J368*30*60)*K368 -> 0 | M368: =G368 -> Ni65 | N368: =0 -> 0
B369: 28066 | C369: 0 | D369: 0 | E369: 0 | F369: =SUM(C369:E369) -> 0 | G369: =VLOOKUP(B369,Nuclides!A:F,5,FALSE) -> Ni66 | H369: =VLOOKUP(B369,Nuclides!A:F,4,FALSE) -> 196560 | I369: =IF(H369="STABLE", "STABLE", IF(H369<60, H369&"s", IF(H369<3600, ROUND(H369/60,2)&"min", IF(H369<86400, ROUND(H369/3600,2)&"h", IF(H369<31536000, ROUND(H369/86400,2)&"d", ROUND(H369/31536000,2)&"y"))))) -> 2.28d | J369: =LN(2)/H369 -> 3.5263898e-06 | K369: =10*F369*(1-EXP(-J369*600))*6240000000000 -> 0 | L369: =EXP(-J369*30*60)*K369 -> 0 | M369: =G369 -> Ni66 | N369: =0 -> 0
B370: 28067 | C370: 0 | D370: 0 | E370: 0 | F370: =SUM(C370:E370) -> 0 | G370: =VLOOKUP(B370,Nuclides!A:F,5,FALSE) -> Ni67 | H370: =VLOOKUP(B370,Nuclides!A:F,4,FALSE) -> 21 | I370: =IF(H370="STABLE", "STABLE", IF(H370<60, H370&"s", IF(H370<3600, ROUND(H370/60,2)&"min", IF(H370<86400, ROUND(H370/3600,2)&"h", IF(H370<31536000, ROUND(H370/86400,2)&"d", ROUND(H370/31536000,2)&"y"))))) -> 21s | J370: =LN(2)/H370 -> 0.033007009 | K370: =10*F370*(1-EXP(-J370*600))*6240000000000 -> 0 | L370: =EXP(-J370*30*60)*K370 -> 0 | M370: =G370 -> Ni67 | N370: =0 -> 0
B371: 28068 | C371: 0 | D371: 0 | E371: 0 | F371: =SUM(C371:E371) -> 0 | G371: =VLOOKUP(B371,Nuclides!A:F,5,FALSE) -> Ni68 | H371: =VLOOKUP(B371,Nuclides!A:F,4,FALSE) -> 29 | I371: =IF(H371="STABLE", "STABLE", IF(H371<60, H371&"s", IF(H371<3600, ROUND(H371/60,2)&"min", IF(H371<86400, ROUND(H371/3600,2)&"h", IF(H371<31536000, ROUND(H371/86400,2)&"d", ROUND(H371/31536000,2)&"y"))))) -> 29s | J371: =LN(2)/H371 -> 0.023901627 | K371: =10*F371*(1-EXP(-J371*600))*6240000000000 -> 0 | L371: =EXP(-J371*30*60)*K371 -> 0 | M371: =G371 -> Ni68 | N371: =0 -> 0
B372: 29057 | C372: 0 | D372: 0 | E372: 0 | F372: =SUM(C372:E372) -> 0 | G372: =VLOOKUP(B372,Nuclides!A:F,5,FALSE) -> Cu57 | H372: =VLOOKUP(B372,Nuclides!A:F,4,FALSE) -> 0.1963 | I372: =IF(H372="STABLE", "STABLE", IF(H372<60, H372&"s", IF(H372<3600, ROUND(H372/60,2)&"min", IF(H372<86400, ROUND(H372/3600,2)&"h", IF(H372<31536000, ROUND(H372/86400,2)&"d", ROUND(H372/31536000,2)&"y"))))) -> 0.1963s | J372: =LN(2)/H372 -> 3.5310605 | K372: =10*F372*(1-EXP(-J372*600))*6240000000000 -> 0 | L372: =EXP(-J372*30*60)*K372 -> 0 | M372: =G372 -> Cu57 | N372: =0 -> 0
B373: 29058 | C373: 0 | D373: 0 | E373: 0 | F373: =SUM(C373:E373) -> 0 | G373: =VLOOKUP(B373,Nuclides!A:F,5,FALSE) -> Cu58 | H373: =VLOOKUP(B373,Nuclides!A:F,4,FALSE) -> 3.204 | I373: =IF(H373="STABLE", "STABLE", IF(H373<60, H373&"s", IF(H373<3600, ROUND(H373/60,2)&"min", IF(H373<86400, ROUND(H373/3600,2)&"h", IF(H373<31536000, ROUND(H373/86400,2)&"d", ROUND(H373/31536000,2)&"y"))))) -> 3.204s | J373: =LN(2)/H373 -> 0.21633807 | K373: =10*F373*(1-EXP(-J373*600))*6240000000000 -> 0 | L373: =EXP(-J373*30*60)*K373 -> 0 | M373: =G373 -> Cu58 | N373: =0 -> 0
B374: 29059 | C374: 0 | D374: 0 | E374: 0 | F374: =SUM(C374:E374) -> 0 | G374: =VLOOKUP(B374,Nuclides!A:F,5,FALSE) -> Cu59 | H374: =VLOOKUP(B374,Nuclides!A:F,4,FALSE) -> 81.5 | I374: =IF(H374="STABLE", "STABLE", IF(H374<60, H374&"s", IF(H374<3600, ROUND(H374/60,2)&"min", IF(H374<86400, ROUND(H374/3600,2)&"h", IF(H374<31536000, ROUND(H374/86400,2)&"d", ROUND(H374/31536000,2)&"y"))))) -> 1.36min | J374: =LN(2)/H374 -> 0.0085048734 | K374: =10*F374*(1-EXP(-J374*600))*6240000000000 -> 0 | L374: =EXP(-J374*30*60)*K374 -> 0 | M374: =G374 -> Cu59 | N374: =0 -> 0
B375: 29060 | C375: 0 | D375: 0 | E375: 0 | F375: =SUM(C375:E375) -> 0 | G375: =VLOOKUP(B375,Nuclides!A:F,5,FALSE) -> Cu60 | H375: =VLOOKUP(B375,Nuclides!A:F,4,FALSE) -> 1422 | I375: =IF(H375="STABLE", "STABLE", IF(H375<60, H375&"s", IF(H375<3600, ROUND(H375/60,2)&"min", IF(H375<86400, ROUND(H375/3600,2)&"h", IF(H375<31536000, ROUND(H375/86400,2)&"d", ROUND(H375/31536000,2)&"y"))))) -> 23.7min | J375: =LN(2)/H375 -> 0.00048744527 | K375: =10*F375*(1-EXP(-J375*600))*6240000000000 -> 0 | L375: =EXP(-J375*30*60)*K375 -> 0 | M375: =G375 -> Cu60 | N375: =0 -> 0
B376: 29061 | C376: 0 | D376: 0 | E376: 0 | F376: =SUM(C376:E376) -> 0 | G376: =VLOOKUP(B376,Nuclides!A:F,5,FALSE) -> Cu61 | H376: =VLOOKUP(B376,Nuclides!A:F,4,FALSE) -> 12020.4 | I376: =IF(H376="STABLE", "STABLE", IF(H376<60, H376&"s", IF(H376<3600, ROUND(H376/60,2)&"min", IF(H376<86400, ROUND(H376/3600,2)&"h", IF(H376<31536000, ROUND(H376/86400,2)&"d", ROUND(H376/31536000,2)&"y"))))) -> 3.34h | J376: =LN(2)/H376 -> 5.7664236e-05 | K376: =10*F376*(1-EXP(-J376*600))*6240000000000 -> 0 | L376: =EXP(-J376*30*60)*K376 -> 0 | M376: =G376 -> Cu61 | N376: =0 -> 0
B377: 29062 | C377: 0 | D377: 0 | E377: 0 | F377: =SUM(C377:E377) -> 0 | G377: =VLOOKUP(B377,Nuclides!A:F,5,FALSE) -> Cu62 | H377: =VLOOKUP(B377,Nuclides!A:F,4,FALSE) -> 580.38 | I377: =IF(H377="STABLE", "STABLE", IF(H377<60, H377&"s", IF(H377<3600, ROUND(H377/60,2)&"min", IF(H377<86400, ROUND(H377/3600,2)&"h", IF(H377<31536000, ROUND(H377/86400,2)&"d", ROUND(H377/31536000,2)&"y"))))) -> 9.67min | J377: =LN(2)/H377 -> 0.0011942989 | K377: =10*F377*(1-EXP(-J377*600))*6240000000000 -> 0 | L377: =EXP(-J377*30*60)*K377 -> 0 | M377: =G377 -> Cu62 | N377: =0 -> 0
B378: 29063 | C378: 0.0004743 | D378: 0 | E378: 0 | F378: =SUM(C378:E378) -> 0.0004743 | G378: =VLOOKUP(B378,Nuclides!A:F,5,FALSE) -> Cu63 | H378: =VLOOKUP(B378,Nuclides!A:F,4,FALSE) -> STABLE | I378: =IF(H378="STABLE", "STABLE", IF(H378<60, H378&"s", IF(H378<3600, ROUND(H378/60,2)&"min", IF(H378<86400, ROUND(H378/3600,2)&"h", IF(H378<31536000, ROUND(H378/86400,2)&"d", ROUND(H378/31536000,2)&"y"))))) -> STABLE | J378: =LN(2)/H378 -> #VALUE! | K378: =10*F378*(1-EXP(-J378*600))*6240000000000 -> #VALUE! | L378: =EXP(-J378*30*60)*K378 -> #VALUE! | M378: =G378 -> Cu63 | N378: =0 -> 0
B379: 29064 | C379: 0.000351 | D379: 0 | E379: 0 | F379: =SUM(C379:E379) -> 0.000351 | G379: =VLOOKUP(B379,Nuclides!A:F,5,FALSE) -> Cu64 | H379: =VLOOKUP(B379,Nuclides!A:F,4,FALSE) -> 45723.6 | I379: =IF(H379="STABLE", "STABLE", IF(H379<60, H379&"s", IF(H379<3600, ROUND(H379/60,2)&"min", IF(H379<86400, ROUND(H379/3600,2)&"h", IF(H379<31536000, ROUND(H379/86400,2)&"d", ROUND(H379/31536000,2)&"y"))))) -> 12.7h | J379: =LN(2)/H379 -> 1.5159506e-05 | K379: =10*F379*(1-EXP(-J379*600))*6240000000000 -> 1.9831446e+08 | L379: =EXP(-J379*30*60)*K379 -> 1.929762e+08 | M379: =G379 -> Cu64 | N379: =L379 -> 1.929762e+08 | O379: 0
B380: 29065 | C380: 0 | D380: 0 | E380: 0 | F380: =SUM(C380:E380) -> 0 | G380: =VLOOKUP(B380,Nuclides!A:F,5,FALSE) -> Cu65 | H380: =VLOOKUP(B380,Nuclides!A:F,4,FALSE) -> STABLE | I380: =IF(H380="STABLE", "STABLE", IF(H380<60, H380&"s", IF(H380<3600, ROUND(H380/60,2)&"min", IF(H380<86400, ROUND(H380/3600,2)&"h", IF(H380<31536000, ROUND(H380/86400,2)&"d", ROUND(H380/31536000,2)&"y"))))) -> STABLE | J380: =LN(2)/H380 -> #VALUE! | K380: =10*F380*(1-EXP(-J380*600))*6240000000000 -> #VALUE! | L380: =EXP(-J380*30*60)*K380 -> #VALUE! | M380: =G380 -> Cu65 | N380: =0 -> 0
B381: 29066 | C381: 0 | D381: 0 | E381: 0 | F381: =SUM(C381:E381) -> 0 | G381: =VLOOKUP(B381,Nuclides!A:F,5,FALSE) -> Cu66 | H381: =VLOOKUP(B381,Nuclides!A:F,4,FALSE) -> 307.2 | I381: =IF(H381="STABLE", "STABLE", IF(H381<60, H381&"s", IF(H381<3600, ROUND(H381/60,2)&"min", IF(H381<86400, ROUND(H381/3600,2)&"h", IF(H381<31536000, ROUND(H381/86400,2)&"d", ROUND(H381/31536000,2)&"y"))))) -> 5.12min | J381: =LN(2)/H381 -> 0.0022563385 | K381: =10*F381*(1-EXP(-J381*600))*6240000000000 -> 0 | L381: =EXP(-J381*30*60)*K381 -> 0 | M381: =G381 -> Cu66 | N381: =0 -> 0
B382: 29067 | C382: 0 | D382: 0 | E382: 0 | F382: =SUM(C382:E382) -> 0 | G382: =VLOOKUP(B382,Nuclides!A:F,5,FALSE) -> Cu67 | H382: =VLOOKUP(B382,Nuclides!A:F,4,FALSE) -> 222588 | I382: =IF(H382="STABLE", "STABLE", IF(H382<60, H382&"s", IF(H382<3600, ROUND(H382/60,2)&"min", IF(H382<86400, ROUND(H382/3600,2)&"h", IF(H382<31536000, ROUND(H382/86400,2)&"d", ROUND(H382/31536000,2)&"y"))))) -> 2.58d | J382: =LN(2)/H382 -> 3.1140366e-06 | K382: =10*F382*(1-EXP(-J382*600))*6240000000000 -> 0 | L382: =EXP(-J382*30*60)*K382 -> 0 | M382: =G382 -> Cu67 | N382: =0 -> 0
B383: 29068 | C383: 0 | D383: 0 | E383: 0 | F383: =SUM(C383:E383) -> 0 | G383: =VLOOKUP(B383,Nuclides!A:F,5,FALSE) -> Cu68 | H383: =VLOOKUP(B383,Nuclides!A:F,4,FALSE) -> 30.9 | I383: =IF(H383="STABLE", "STABLE", IF(H383<60, H383&"s", IF(H383<3600, ROUND(H383/60,2)&"min", IF(H383<86400, ROUND(H383/3600,2)&"h", IF(H383<31536000, ROUND(H383/86400,2)&"d", ROUND(H383/31536000,2)&"y"))))) -> 30.9s | J383: =LN(2)/H383 -> 0.022431948 | K383: =10*F383*(1-EXP(-J383*600))*6240000000000 -> 0 | L383: =EXP(-J383*30*60)*K383 -> 0 | M383: =G383 -> Cu68 | N383: =0 -> 0
B384: 29069 | C384: 0 | D384: 0 | E384: 0 | F384: =SUM(C384:E384) -> 0 | G384: =VLOOKUP(B384,Nuclides!A:F,5,FALSE) -> Cu69 | H384: =VLOOKUP(B384,Nuclides!A:F,4,FALSE) -> 171 | I384: =IF(H384="STABLE", "STABLE", IF(H384<60, H384&"s", IF(H384<3600, ROUND(H384/60,2)&"min", IF(H384<86400, ROUND(H384/3600,2)&"h", IF(H384<31536000, ROUND(H384/86400,2)&"d", ROUND(H384/31536000,2)&"y"))))) -> 2.85min | J384: =LN(2)/H384 -> 0.0040534923 | K384: =10*F384*(1-EXP(-J384*600))*6240000000000 -> 0 | L384: =EXP(-J384*30*60)*K384 -> 0 | M384: =G384 -> Cu69 | N384: =0 -> 0
B385: 29070 | C385: 0 | D385: 0 | E385: 0 | F385: =SUM(C385:E385) -> 0 | G385: =VLOOKUP(B385,Nuclides!A:F,5,FALSE) -> Cu70 | H385: =VLOOKUP(B385,Nuclides!A:F,4,FALSE) -> 44.5 | I385: =IF(H385="STABLE", "STABLE", IF(H385<60, H385&"s", IF(H385<3600, ROUND(H385/60,2)&"min", IF(H385<86400, ROUND(H385/3600,2)&"h", IF(H385<31536000, ROUND(H385/86400,2)&"d", ROUND(H385/31536000,2)&"y"))))) -> 44.5s | J385: =LN(2)/H385 -> 0.015576341 | K385: =10*F385*(1-EXP(-J385*600))*6240000000000 -> 0 | L385: =EXP(-J385*30*60)*K385 -> 0 | M385: =G385 -> Cu70 | N385: =0 -> 0
B386: 29071 | C386: 0 | D386: 0 | E386: 0 | F386: =SUM(C386:E386) -> 0 | G386: =VLOOKUP(B386,Nuclides!A:F,5,FALSE) -> Cu71 | H386: =VLOOKUP(B386,Nuclides!A:F,4,FALSE) -> 19.4 | I386: =IF(H386="STABLE", "STABLE", IF(H386<60, H386&"s", IF(H386<3600, ROUND(H386/60,2)&"min", IF(H386<86400, ROUND(H386/3600,2)&"h", IF(H386<31536000, ROUND(H386/86400,2)&"d", ROUND(H386/31536000,2)&"y"))))) -> 19.4s | J386: =LN(2)/H386 -> 0.035729236 | K386: =10*F386*(1-EXP(-J386*600))*6240000000000 -> 0 | L386: =EXP(-J386*30*60)*K386 -> 0 | M386: =G386 -> Cu71 | N386: =0 -> 0
B387: 29072 | C387: 0 | D387: 0 | E387: 0 | F387: =SUM(C387:E387) -> 0 | G387: =VLOOKUP(B387,Nuclides!A:F,5,FALSE) -> Cu72 | H387: =VLOOKUP(B387,Nuclides!A:F,4,FALSE) -> 6.63 | I387: =IF(H387="STABLE", "STABLE", IF(H387<60, H387&"s", IF(H387<3600, ROUND(H387/60,2)&"min", IF(H387<86400, ROUND(H387/3600,2)&"h", IF(H387<31536000, ROUND(H387/86400,2)&"d", ROUND(H387/31536000,2)&"y"))))) -> 6.63s | J387: =LN(2)/H387 -> 0.10454709 | K387: =10*F387*(1-EXP(-J387*600))*6240000000000 -> 0 | L387: =EXP(-J387*30*60)*K387 -> 0 | M387: =G387 -> Cu72 | N387: =0 -> 0
B388: 29073 | C388: 0 | D388: 0 | E388: 0 | F388: =SUM(C388:E388) -> 0 | G388: =VLOOKUP(B388,Nuclides!A:F,5,FALSE) -> Cu73 | H388: =VLOOKUP(B388,Nuclides!A:F,4,FALSE) -> 4.2 | I388: =IF(H388="STABLE", "STABLE", IF(H388<60, H388&"s", IF(H388<3600, ROUND(H388/60,2)&"min", IF(H388<86400, ROUND(H388/3600,2)&"h", IF(H388<31536000, ROUND(H388/86400,2)&"d", ROUND(H388/31536000,2)&"y"))))) -> 4.2s | J388: =LN(2)/H388 -> 0.16503504 | K388: =10*F388*(1-EXP(-J388*600))*6240000000000 -> 0 | L388: =EXP(-J388*30*60)*K388 -> 0 | M388: =G388 -> Cu73 | N388: =0 -> 0
B389: 30057 | C389: 0 | D389: 0 | E389: 0 | F389: =SUM(C389:E389) -> 0 | G389: =VLOOKUP(B389,Nuclides!A:F,5,FALSE) -> Zn57 | H389: =VLOOKUP(B389,Nuclides!A:F,4,FALSE) -> 0.038 | I389: =IF(H389="STABLE", "STABLE", IF(H389<60, H389&"s", IF(H389<3600, ROUND(H389/60,2)&"min", IF(H389<86400, ROUND(H389/3600,2)&"h", IF(H389<31536000, ROUND(H389/86400,2)&"d", ROUND(H389/31536000,2)&"y"))))) -> 0.038s | J389: =LN(2)/H389 -> 18.240715 | K389: =10*F389*(1-EXP(-J389*600))*6240000000000 -> 0 | L389: =EXP(-J389*30*60)*K389 -> 0 | M389: =G389 -> Zn57 | N389: =0 -> 0
B390: 30058 | C390: 0 | D390: 0 | E390: 0 | F390: =SUM(C390:E390) -> 0 | G390: =VLOOKUP(B390,Nuclides!A:F,5,FALSE) -> Zn58 | H390: =VLOOKUP(B390,Nuclides!A:F,4,FALSE) -> 0.086 | I390: =IF(H390="STABLE", "STABLE", IF(H390<60, H390&"s", IF(H390<3600, ROUND(H390/60,2)&"min", IF(H390<86400, ROUND(H390/3600,2)&"h", IF(H390<31536000, ROUND(H390/86400,2)&"d", ROUND(H390/31536000,2)&"y"))))) -> 0.086s | J390: =LN(2)/H390 -> 8.0598509 | K390: =10*F390*(1-EXP(-J390*600))*6240000000000 -> 0 | L390: =EXP(-J390*30*60)*K390 -> 0 | M390: =G390 -> Zn58 | N390: =0 -> 0
B391: 30059 | C391: 0 | D391: 0 | E391: 0 | F391: =SUM(C391:E391) -> 0 | G391: =VLOOKUP(B391,Nuclides!A:F,5,FALSE) -> Zn59 | H391: =VLOOKUP(B391,Nuclides!A:F,4,FALSE) -> 0.182 | I391: =IF(H391="STABLE", "STABLE", IF(H391<60, H391&"s", IF(H391<3600, ROUND(H391/60,2)&"min", IF(H391<86400, ROUND(H391/3600,2)&"h", IF(H391<31536000, ROUND(H391/86400,2)&"d", ROUND(H391/31536000,2)&"y"))))) -> 0.182s | J391: =LN(2)/H391 -> 3.808501 | K391: =10*F391*(1-EXP(-J391*600))*6240000000000 -> 0 | L391: =EXP(-J391*30*60)*K391 -> 0 | M391: =G391 -> Zn59 | N391: =0 -> 0
... B1538: 73179 | C1538: 0 | D1538: 0 | E1538: 0 | F1538: =SUM(C1538:E1538) -> 0 | G1538: =VLOOKUP(B1538,Nuclides!A:F,5,FALSE) -> Ta179 | H1538: =VLOOKUP(B1538,Nuclides!A:F,4,FALSE) -> 57434832 | I1538: =IF(H1538="STABLE", "STABLE", IF(H1538<60, H1538&"s", IF(H1538<3600, ROUND(H1538/60,2)&"min", IF(H1538<86400, ROUND(H1538/3600,2)&"h", IF(H1538<31536000, ROUND(H1538/86400,2)&"d", ROUND(H1538/31536000,2)&"y"))))) -> 1.82y | J1538: =LN(2)/H1538 -> 1.2068411e-08 | K1538: =10*F1538*(1-EXP(-J1538*600))*6240000000000 -> 0 | L1538: =EXP(-J1538*30*60)*K1538 -> 0 | M1538: =G1538 -> Ta179 | N1538: =0 -> 0
B1539: 73180 | C1539: 0 | D1539: 0 | E1539: 4.5e-06 | F1539: =SUM(C1539:E1539) -> 4.5e-06 | G1539: =VLOOKUP(B1539,Nuclides!A:F,5,FALSE) -> Ta180 | H1539: =VLOOKUP(B1539,Nuclides!A:F,4,FALSE) -> 29354.4 | I1539: =IF(H1539="STABLE", "STABLE", IF(H1539<60, H1539&"s", IF(H1539<3600, ROUND(H1539/60,2)&"min", IF(H1539<86400, ROUND(H1539/3600,2)&"h", IF(H1539<31536000, ROUND(H1539/86400,2)&"d", ROUND(H1539/31536000,2)&"y"))))) -> 8.15h | J1539: =LN(2)/H1539 -> 2.3613059e-05 | K1539: =10*F1539*(1-EXP(-J1539*600))*6240000000000 -> 3950278.7 | L1539: =EXP(-J1539*30*60)*K1539 -> 3785896.1 | M1539: =G1539 -> Ta180 | N1539: =L1539 -> 3785896.1 | O1539: 0
B1540: 73181 | C1540: 0 | D1540: 2.97e-05 | E1540: 0.000123 | F1540: =SUM(C1540:E1540) -> 0.0001527 | G1540: =VLOOKUP(B1540,Nuclides!A:F,5,FALSE) -> Ta181 | H1540: =VLOOKUP(B1540,Nuclides!A:F,4,FALSE) -> STABLE | I1540: =IF(H1540="STABLE", "STABLE", IF(H1540<60, H1540&"s", IF(H1540<3600, ROUND(H1540/60,2)&"min", IF(H1540<86400, ROUND(H1540/3600,2)&"h", IF(H1540<31536000, ROUND(H1540/86400,2)&"d", ROUND(H1540/31536000,2)&"y"))))) -> STABLE | J1540: =LN(2)/H1540 -> #VALUE! | K1540: =10*F1540*(1-EXP(-J1540*600))*6240000000000 -> #VALUE! | L1540: =EXP(-J1540*30*60)*K1540 -> #VALUE! | M1540: =G1540 -> Ta181 | N1540: =0 -> 0
B1541: 73182 | C1541: 0 | D1541: 2e-07 | E1541: 1.34e-05 | F1541: =SUM(C1541:E1541) -> 1.36e-05 | G1541: =VLOOKUP(B1541,Nuclides!A:F,5,FALSE) -> Ta182 | H1541: =VLOOKUP(B1541,Nuclides!A:F,4,FALSE) -> 9913536 | I1541: =IF(H1541="STABLE", "STABLE", IF(H1541<60, H1541&"s", IF(H1541<3600, ROUND(H1541/60,2)&"min", IF(H1541<86400, ROUND(H1541/3600,2)&"h", IF(H1541<31536000, ROUND(H1541/86400,2)&"d", ROUND(H1541/31536000,2)&"y"))))) -> 114.74d | J1541: =LN(2)/H1541 -> 6.9919268e-08 | K1541: =10*F1541*(1-EXP(-J1541*600))*6240000000000 -> 35601.026 | L1541: =EXP(-J1541*30*60)*K1541 -> 35596.546 | M1541: =G1541 -> Ta182 | N1541: =L1541 -> 35596.546 | O1541: 0
B1542: 73183 | C1542: 0 | D1542: 0 | E1542: 0 | F1542: =SUM(C1542:E1542) -> 0 | G1542: =VLOOKUP(B1542,Nuclides!A:F,5,FALSE) -> Ta183 | H1542: =VLOOKUP(B1542,Nuclides!A:F,4,FALSE) -> 440640 | I1542: =IF(H1542="STABLE", "STABLE", IF(H1542<60, H1542&"s", IF(H1542<3600, ROUND(H1542/60,2)&"min", IF(H1542<86400, ROUND(H1542/3600,2)&"h", IF(H1542<31536000, ROUND(H1542/86400,2)&"d", ROUND(H1542/31536000,2)&"y"))))) -> 5.1d | J1542: =LN(2)/H1542 -> 1.5730464e-06 | K1542: =10*F1542*(1-EXP(-J1542*600))*6240000000000 -> 0 | L1542: =EXP(-J1542*30*60)*K1542 -> 0 | M1542: =G1542 -> Ta183 | N1542: =0 -> 0
B1543: 73184 | C1543: 0 | D1543: 0 | E1543: 0 | F1543: =SUM(C1543:E1543) -> 0 | G1543: =VLOOKUP(B1543,Nuclides!A:F,5,FALSE) -> Ta184 | H1543: =VLOOKUP(B1543,Nuclides!A:F,4,FALSE) -> 31320 | I1543: =IF(H1543="STABLE", "STABLE", IF(H1543<60, H1543&"s", IF(H1543<3600, ROUND(H1543/60,2)&"min", IF(H1543<86400, ROUND(H1543/3600,2)&"h", IF(H1543<31536000, ROUND(H1543/86400,2)&"d", ROUND(H1543/31536000,2)&"y"))))) -> 8.7h | J1543: =LN(2)/H1543 -> 2.2131136e-05 | K1543: =10*F1543*(1-EXP(-J1543*600))*6240000000000 -> 0 | L1543: =EXP(-J1543*30*60)*K1543 -> 0 | M1543: =G1543 -> Ta184 | N1543: =0 -> 0
B1544: 73185 | C1544: 0 | D1544: 0 | E1544: 0 | F1544: =SUM(C1544:E1544) -> 0 | G1544: =VLOOKUP(B1544,Nuclides!A:F,5,FALSE) -> Ta185 | H1544: =VLOOKUP(B1544,Nuclides!A:F,4,FALSE) -> 2964 | I1544: =IF(H1544="STABLE", "STABLE", IF(H1544<60, H1544&"s", IF(H1544<3600, ROUND(H1544/60,2)&"min", IF(H1544<86400, ROUND(H1544/3600,2)&"h", IF(H1544<31536000, ROUND(H1544/86400,2)&"d", ROUND(H1544/31536000,2)&"y"))))) -> 49.4min | J1544: =LN(2)/H1544 -> 0.00023385532 | K1544: =10*F1544*(1-EXP(-J1544*600))*6240000000000 -> 0 | L1544: =EXP(-J1544*30*60)*K1544 -> 0 | M1544: =G1544 -> Ta185 | N1544: =0 -> 0
B1545: 73186 | C1545: 0 | D1545: 0 | E1545: 0 | F1545: =SUM(C1545:E1545) -> 0 | G1545: =VLOOKUP(B1545,Nuclides!A:F,5,FALSE) -> Ta186 | H1545: =VLOOKUP(B1545,Nuclides!A:F,4,FALSE) -> 630 | I1545: =IF(H1545="STABLE", "STABLE", IF(H1545<60, H1545&"s", IF(H1545<3600, ROUND(H1545/60,2)&"min", IF(H1545<86400, ROUND(H1545/3600,2)&"h", IF(H1545<31536000, ROUND(H1545/86400,2)&"d", ROUND(H1545/31536000,2)&"y"))))) -> 10.5min | J1545: =LN(2)/H1545 -> 0.0011002336 | K1545: =10*F1545*(1-EXP(-J1545*600))*6240000000000 -> 0 | L1545: =EXP(-J1545*30*60)*K1545 -> 0 | M1545: =G1545 -> Ta186 | N1545: =0 -> 0
B1546: 74158 | C1546: 0 | D1546: 0 | E1546: 0 | F1546: =SUM(C1546:E1546) -> 0 | G1546: =VLOOKUP(B1546,Nuclides!A:F,5,FALSE) -> W158 | H1546: =VLOOKUP(B1546,Nuclides!A:F,4,FALSE) -> 0.00125 | I1546: =IF(H1546="STABLE", "STABLE", IF(H1546<60, H1546&"s", IF(H1546<3600, ROUND(H1546/60,2)&"min", IF(H1546<86400, ROUND(H1546/3600,2)&"h", IF(H1546<31536000, ROUND(H1546/86400,2)&"d", ROUND(H1546/31536000,2)&"y"))))) -> 0.00125s | J1546: =LN(2)/H1546 -> 554.51774 | K1546: =10*F1546*(1-EXP(-J1546*600))*6240000000000 -> 0 | L1546: =EXP(-J1546*30*60)*K1546 -> 0 | M1546: =G1546 -> W158 | N1546: =0 -> 0
B1547: 74159 | C1547: 0 | D1547: 0 | E1547: 0 | F1547: =SUM(C1547:E1547) -> 0 | G1547: =VLOOKUP(B1547,Nuclides!A:F,5,FALSE) -> W159 | H1547: =VLOOKUP(B1547,Nuclides!A:F,4,FALSE) -> 0.0073 | I1547: =IF(H1547="STABLE", "STABLE", IF(H1547<60, H1547&"s", IF(H1547<3600, ROUND(H1547/60,2)&"min", IF(H1547<86400, ROUND(H1547/3600,2)&"h", IF(H1547<31536000, ROUND(H1547/86400,2)&"d", ROUND(H1547/31536000,2)&"y"))))) -> 0.0073s | J1547: =LN(2)/H1547 -> 94.951669 | K1547: =10*F1547*(1-EXP(-J1547*600))*6240000000000 -> 0 | L1547: =EXP(-J1547*30*60)*K1547 -> 0 | M1547: =G1547 -> W159 | N1547: =0 -> 0
B1548: 74160 | C1548: 0 | D1548: 0 | E1548: 0 | F1548: =SUM(C1548:E1548) -> 0 | G1548: =VLOOKUP(B1548,Nuclides!A:F,5,FALSE) -> W160 | H1548: =VLOOKUP(B1548,Nuclides!A:F,4,FALSE) -> 0.091 | I1548: =IF(H1548="STABLE", "STABLE", IF(H1548<60, H1548&"s", IF(H1548<3600, ROUND(H1548/60,2)&"min", IF(H1548<86400, ROUND(H1548/3600,2)&"h", IF(H1548<31536000, ROUND(H1548/86400,2)&"d", ROUND(H1548/31536000,2)&"y"))))) -> 0.091s | J1548: =LN(2)/H1548 -> 7.617002 | K1548: =10*F1548*(1-EXP(-J1548*600))*6240000000000 -> 0 | L1548: =EXP(-J1548*30*60)*K1548 -> 0 | M1548: =G1548 -> W160 | N1548: =0 -> 0
B1549: 74161 | C1549: 0 | D1549: 0 | E1549: 0 | F1549: =SUM(C1549:E1549) -> 0 | G1549: =VLOOKUP(B1549,Nuclides!A:F,5,FALSE) -> W161 | H1549: =VLOOKUP(B1549,Nuclides!A:F,4,FALSE) -> 0.409 | I1549: =IF(H1549="STABLE", "STABLE", IF(H1549<60, H1549&"s", IF(H1549<3600, ROUND(H1549/60,2)&"min", IF(H1549<86400, ROUND(H1549/3600,2)&"h", IF(H1549<31536000, ROUND(H1549/86400,2)&"d", ROUND(H1549/31536000,2)&"y"))))) -> 0.409s | J1549: =LN(2)/H1549 -> 1.6947364 | K1549: =10*F1549*(1-EXP(-J1549*600))*6240000000000 -> 0 | L1549: =EXP(-J1549*30*60)*K1549 -> 0 | M1549: =G1549 -> W161 | N1549: =0 -> 0
B1550: 74162 | C1550: 0 | D1550: 0 | E1550: 0 | F1550: =SUM(C1550:E1550) -> 0 | G1550: =VLOOKUP(B1550,Nuclides!A:F,5,FALSE) -> W162 | H1550: =VLOOKUP(B1550,Nuclides!A:F,4,FALSE) -> 1.36 | I1550: =IF(H1550="STABLE", "STABLE", IF(H1550<60, H1550&"s", IF(H1550<3600, ROUND(H1550/60,2)&"min", IF(H1550<86400, ROUND(H1550/3600,2)&"h", IF(H1550<31536000, ROUND(H1550/86400,2)&"d", ROUND(H1550/31536000,2)&"y"))))) -> 1.36s | J1550: =LN(2)/H1550 -> 0.50966704 | K1550: =10*F1550*(1-EXP(-J1550*600))*6240000000000 -> 0 | L1550: =EXP(-J1550*30*60)*K1550 -> 0 | M1550: =G1550 -> W162 | N1550: =0 -> 0
B1551: 74163 | C1551: 0 | D1551: 0 | E1551: 0 | F1551: =SUM(C1551:E1551) -> 0 | G1551: =VLOOKUP(B1551,Nuclides!A:F,5,FALSE) -> W163 | H1551: =VLOOKUP(B1551,Nuclides!A:F,4,FALSE) -> 2.67 | I1551: =IF(H1551="STABLE", "STABLE", IF(H1551<60, H1551&"s", IF(H1551<3600, ROUND(H1551/60,2)&"min", IF(H1551<86400, ROUND(H1551/3600,2)&"h", IF(H1551<31536000, ROUND(H1551/86400,2)&"d", ROUND(H1551/31536000,2)&"y"))))) -> 2.67s | J1551: =LN(2)/H1551 -> 0.25960569 | K1551: =10*F1551*(1-EXP(-J1551*600))*6240000000000 -> 0 | L1551: =EXP(-J1551*30*60)*K1551 -> 0 | M1551: =G1551 -> W163 | N1551: =0 -> 0
B1552: 74164 | C1552: 0 | D1552: 0 | E1552: 0 | F1552: =SUM(C1552:E1552) -> 0 | G1552: =VLOOKUP(B1552,Nuclides!A:F,5,FALSE) -> W164 | H1552: =VLOOKUP(B1552,Nuclides!A:F,4,FALSE) -> 6.3 | I1552: =IF(H1552="STABLE", "STABLE", IF(H1552<60, H1552&"s", IF(H1552<3600, ROUND(H1552/60,2)&"min", IF(H1552<86400, ROUND(H1552/3600,2)&"h", IF(H1552<31536000, ROUND(H1552/86400,2)&"d", ROUND(H1552/31536000,2)&"y"))))) -> 6.3s | J1552: =LN(2)/H1552 -> 0.11002336 | K1552: =10*F1552*(1-EXP(-J1552*600))*6240000000000 -> 0 | L1552: =EXP(-J1552*30*60)*K1552 -> 0 | M1552: =G1552 -> W164 | N1552: =0 -> 0
B1553: 74165 | C1553: 0 | D1553: 0 | E1553: 0 | F1553: =SUM(C1553:E1553) -> 0 | G1553: =VLOOKUP(B1553,Nuclides!A:F,5,FALSE) -> W165 | H1553: =VLOOKUP(B1553,Nuclides!A:F,4,FALSE) -> 5.1 | I1553: =IF(H1553="STABLE", "STABLE", IF(H1553<60, H1553&"s", IF(H1553<3600, ROUND(H1553/60,2)&"min", IF(H1553<86400, ROUND(H1553/3600,2)&"h", IF(H1553<31536000, ROUND(H1553/86400,2)&"d", ROUND(H1553/31536000,2)&"y"))))) -> 5.1s | J1553: =LN(2)/H1553 -> 0.13591121 | K1553: =10*F1553*(1-EXP(-J1553*600))*6240000000000 -> 0 | L1553: =EXP(-J1553*30*60)*K1553 -> 0 | M1553: =G1553 -> W165 | N1553: =0 -> 0
... B1568: 74180 | C1568: 0 | D1568: 7.87e-05 | E1568: 0.0005037 | F1568: =SUM(C1568:E1568) -> 0.0005824 | G1568: =VLOOKUP(B1568,Nuclides!A:F,5,FALSE) -> W180 | H1568: =VLOOKUP(B1568,Nuclides!A:F,4,FALSE) -> 2.0828016e+25 | I1568: =IF(H1568="STABLE", "STABLE", IF(H1568<60, H1568&"s", IF(H1568<3600, ROUND(H1568/60,2)&"min", IF(H1568<86400, ROUND(H1568/3600,2)&"h", IF(H1568<31536000, ROUND(H1568/86400,2)&"d", ROUND(H1568/31536000,2)&"y"))))) -> 660452054794521000y | J1568: =LN(2)/H1568 -> 3.3279559e-26 | K1568: =10*F1568*(1-EXP(-J1568*600))*6240000000000 -> 0 | L1568: =EXP(-J1568*30*60)*K1568 -> 0 | M1568: =G1568 -> W180 | N1568: =0 -> 0
B1569: 74181 | C1569: 0 | D1569: 4.6e-06 | E1569: 0.0002207 | F1569: =SUM(C1569:E1569) -> 0.0002253 | G1569: =VLOOKUP(B1569,Nuclides!A:F,5,FALSE) -> W181 | H1569: =VLOOKUP(B1569,Nuclides!A:F,4,FALSE) -> 10471680 | I1569: =IF(H1569="STABLE", "STABLE", IF(H1569<60, H1569&"s", IF(H1569<3600, ROUND(H1569/60,2)&"min", IF(H1569<86400, ROUND(H1569/3600,2)&"h", IF(H1569<31536000, ROUND(H1569/86400,2)&"d", ROUND(H1569/31536000,2)&"y"))))) -> 121.2d | J1569: =LN(2)/H1569 -> 6.6192548e-08 | K1569: =10*F1569*(1-EXP(-J1569*600))*6240000000000 -> 558338.41 | L1569: =EXP(-J1569*30*60)*K1569 -> 558271.89 | M1569: =G1569 -> W181 | N1569: =L1569 -> 558271.89 | O1569: 0
B1570: 74182 | C1570: 0 | D1570: 0 | E1570: 0 | F1570: =SUM(C1570:E1570) -> 0 | G1570: =VLOOKUP(B1570,Nuclides!A:F,5,FALSE) -> W182 | H1570: =VLOOKUP(B1570,Nuclides!A:F,4,FALSE) -> STABLE | I1570: =IF(H1570="STABLE", "STABLE", IF(H1570<60, H1570&"s", IF(H1570<3600, ROUND(H1570/60,2)&"min", IF(H1570<86400, ROUND(H1570/3600,2)&"h", IF(H1570<31536000, ROUND(H1570/86400,2)&"d", ROUND(H1570/31536000,2)&"y"))))) -> STABLE | J1570: =LN(2)/H1570 -> #VALUE! | K1570: =10*F1570*(1-EXP(-J1570*600))*6240000000000 -> #VALUE! | L1570: =EXP(-J1570*30*60)*K1570 -> #VALUE! | M1570: =G1570 -> W182 | N1570: =0 -> 0
B1571: 74183 | C1571: 0 | D1571: 0 | E1571: 0 | F1571: =SUM(C1571:E1571) -> 0 | G1571: =VLOOKUP(B1571,Nuclides!A:F,5,FALSE) -> W183 | H1571: =VLOOKUP(B1571,Nuclides!A:F,4,FALSE) -> 2.1143592e+28 | I1571: =IF(H1571="STABLE", "STABLE", IF(H1571<60, H1571&"s", IF(H1571<3600, ROUND(H1571/60,2)&"min", IF(H1571<86400, ROUND(H1571/3600,2)&"h", IF(H1571<31536000, ROUND(H1571/86400,2)&"d", ROUND(H1571/31536000,2)&"y"))))) -> 6.70458904109589E+20y | J1571: =LN(2)/H1571 -> 3.2782849e-29 | K1571: =10*F1571*(1-EXP(-J1571*600))*6240000000000 -> 0 | L1571: =EXP(-J1571*30*60)*K1571 -> 0 | M1571: =G1571 -> W183 | N1571: =0 -> 0
B1572: 74184 | C1572: 0 | D1572: 0 | E1572: 0 | F1572: =SUM(C1572:E1572) -> 0 | G1572: =VLOOKUP(B1572,Nuclides!A:F,5,FALSE) -> W184 | H1572: =VLOOKUP(B1572,Nuclides!A:F,4,FALSE) -> STABLE | I1572: =IF(H1572="STABLE", "STABLE", IF(H1572<60, H1572&"s", IF(H1572<3600, ROUND(H1572/60,2)&"min", IF(H1572<86400, ROUND(H1572/3600,2)&"h", IF(H1572<31536000, ROUND(H1572/86400,2)&"d", ROUND(H1572/31536000,2)&"y"))))) -> STABLE | J1572: =LN(2)/H1572 -> #VALUE! | K1572: =10*F1572*(1-EXP(-J1572*600))*6240000000000 -> #VALUE! | L1572: =EXP(-J1572*30*60)*K1572 -> #VALUE! | M1572: =G1572 -> W184 | N1572: =0 -> 0
B1573: 74185 | C1573: 0 | D1573: 0 | E1573: 0 | F1573: =SUM(C1573:E1573) -> 0 | G1573: =VLOOKUP(B1573,Nuclides!A:F,5,FALSE) -> W185 | H1573: =VLOOKUP(B1573,Nuclides!A:F,4,FALSE) -> 6488640 | I1573: =IF(H1573="STABLE", "STABLE", IF(H1573<60, H1573&"s", IF(H1573<3600, ROUND(H1573/60,2)&"min", IF(H1573<86400, ROUND(H1573/3600,2)&"h", IF(H1573<31536000, ROUND(H1573/86400,2)&"d", ROUND(H1573/31536000,2)&"y"))))) -> 75.1d | J1573: =LN(2)/H1573 -> 1.0682472e-07 | K1573: =10*F1573*(1-EXP(-J1573*600))*6240000000000 -> 0 | L1573: =EXP(-J1573*30*60)*K1573 -> 0 | M1573: =G1573 -> W185 | N1573: =0 -> 0
B1574: 74186 | C1574: 0 | D1574: 0 | E1574: 0 | F1574: =SUM(C1574:E1574) -> 0 | G1574: =VLOOKUP(B1574,Nuclides!A:F,5,FALSE) -> W186 | H1574: =VLOOKUP(B1574,Nuclides!A:F,4,FALSE) -> 7.258248e+26 | I1574: =IF(H1574="STABLE", "STABLE", IF(H1574<60, H1574&"s", IF(H1574<3600, ROUND(H1574/60,2)&"min", IF(H1574<86400, ROUND(H1574/3600,2)&"h", IF(H1574<31536000, ROUND(H1574/86400,2)&"d", ROUND(H1574/31536000,2)&"y"))))) -> 23015753424657500000y | J1574: =LN(2)/H1574 -> 9.5497864e-28 | K1574: =10*F1574*(1-EXP(-J1574*600))*6240000000000 -> 0 | L1574: =EXP(-J1574*30*60)*K1574 -> 0 | M1574: =G1574 -> W186 | N1574: =0 -> 0
B1575: 74187 | C1575: 0 | D1575: 0 | E1575: 0 | F1575: =SUM(C1575:E1575) -> 0 | G1575: =VLOOKUP(B1575,Nuclides!A:F,5,FALSE) -> W187 | H1575: =VLOOKUP(B1575,Nuclides!A:F,4,FALSE) -> 86400 | I1575: =IF(H1575="STABLE", "STABLE", IF(H1575<60, H1575&"s", IF(H1575<3600, ROUND(H1575/60,2)&"min", IF(H1575<86400, ROUND(H1575/3600,2)&"h", IF(H1575<31536000, ROUND(H1575/86400,2)&"d", ROUND(H1575/31536000,2)&"y"))))) -> 1d | J1575: =LN(2)/H1575 -> 8.0225368e-06 | K1575: =10*F1575*(1-EXP(-J1575*600))*6240000000000 -> 0 | L1575: =EXP(-J1575*30*60)*K1575 -> 0 | M1575: =G1575 -> W187 | N1575: =0 -> 0
B1576: 74188 | C1576: 0 | D1576: 0 | E1576: 0 | F1576: =SUM(C1576:E1576) -> 0 | G1576: =VLOOKUP(B1576,Nuclides!A:F,5,FALSE) -> W188 | H1576: =VLOOKUP(B1576,Nuclides!A:F,4,FALSE) -> 6028992 | I1576: =IF(H1576="STABLE", "STABLE", IF(H1576<60, H1576&"s", IF(H1576<3600, ROUND(H1576/60,2)&"min", IF(H1576<86400, ROUND(H1576/3600,2)&"h", IF(H1576<31536000, ROUND(H1576/86400,2)&"d", ROUND(H1576/31536000,2)&"y"))))) -> 69.78d | J1576: =LN(2)/H1576 -> 1.14969e-07 | K1576: =10*F1576*(1-EXP(-J1576*600))*6240000000000 -> 0 | L1576: =EXP(-J1576*30*60)*K1576 -> 0 | M1576: =G1576 -> W188 | N1576: =0 -> 0
B1577: 74189 | C1577: 0 | D1577: 0 | E1577: 0 | F1577: =SUM(C1577:E1577) -> 0 | G1577: =VLOOKUP(B1577,Nuclides!A:F,5,FALSE) -> W189 | H1577: =VLOOKUP(B1577,Nuclides!A:F,4,FALSE) -> 642 | I1577: =IF(H1577="STABLE", "STABLE", IF(H1577<60, H1577&"s", IF(H1577<3600, ROUND(H1577/60,2)&"min", IF(H1577<86400, ROUND(H1577/3600,2)&"h", IF(H1577<31536000, ROUND(H1577/86400,2)&"d", ROUND(H1577/31536000,2)&"y"))))) -> 10.7min | J1577: =LN(2)/H1577 -> 0.0010796685 | K1577: =10*F1577*(1-EXP(-J1577*600))*6240000000000 -> 0 | L1577: =EXP(-J1577*30*60)*K1577 -> 0 | M1577: =G1577 -> W189 | N1577: =0 -> 0
B1578: 74190 | C1578: 0 | D1578: 0 | E1578: 0 | F1578: =SUM(C1578:E1578) -> 0 | G1578: =VLOOKUP(B1578,Nuclides!A:F,5,FALSE) -> W190 | H1578: =VLOOKUP(B1578,Nuclides!A:F,4,FALSE) -> 1800 | I1578: =IF(H1578="STABLE", "STABLE", IF(H1578<60, H1578&"s", IF(H1578<3600, ROUND(H1578/60,2)&"min", IF(H1578<86400, ROUND(H1578/3600,2)&"h", IF(H1578<31536000, ROUND(H1578/86400,2)&"d", ROUND(H1578/31536000,2)&"y"))))) -> 30min | J1578: =LN(2)/H1578 -> 0.00038508177 | K1578: =10*F1578*(1-EXP(-J1578*600))*6240000000000 -> 0 | L1578: =EXP(-J1578*30*60)*K1578 -> 0 | M1578: =G1578 -> W190 | N1578: =0 -> 0
B1579: 75161 | C1579: 0 | D1579: 0 | E1579: 0 | F1579: =SUM(C1579:E1579) -> 0 | G1579: =VLOOKUP(B1579,Nuclides!A:F,5,FALSE) -> Re161 | H1579: =VLOOKUP(B1579,Nuclides!A:F,4,FALSE) -> 0.00044 | I1579: =IF(H1579="STABLE", "STABLE", IF(H1579<60, H1579&"s", IF(H1579<3600, ROUND(H1579/60,2)&"min", IF(H1579<86400, ROUND(H1579/3600,2)&"h", IF(H1579<31536000, ROUND(H1579/86400,2)&"d", ROUND(H1579/31536000,2)&"y"))))) -> 0.00044s | J1579: =LN(2)/H1579 -> 1575.3345 | K1579: =10*F1579*(1-EXP(-J1579*600))*6240000000000 -> 0 | L1579: =EXP(-J1579*30*60)*K1579 -> 0 | M1579: =G1579 -> Re161 | N1579: =0 -> 0
B1580: 75162 | C1580: 0 | D1580: 0 | E1580: 0 | F1580: =SUM(C1580:E1580) -> 0 | G1580: =VLOOKUP(B1580,Nuclides!A:F,5,FALSE) -> Re162 | H1580: =VLOOKUP(B1580,Nuclides!A:F,4,FALSE) -> 0.107 | I1580: =IF(H1580="STABLE", "STABLE", IF(H1580<60, H1580&"s", IF(H1580<3600, ROUND(H1580/60,2)&"min", IF(H1580<86400, ROUND(H1580/3600,2)&"h", IF(H1580<31536000, ROUND(H1580/86400,2)&"d", ROUND(H1580/31536000,2)&"y"))))) -> 0.107s | J1580: =LN(2)/H1580 -> 6.478011 | K1580: =10*F1580*(1-EXP(-J1580*600))*6240000000000 -> 0 | L1580: =EXP(-J1580*30*60)*K1580 -> 0 | M1580: =G1580 -> Re162 | N1580: =0 -> 0
B1581: 75163 | C1581: 0 | D1581: 0 | E1581: 0 | F1581: =SUM(C1581:E1581) -> 0 | G1581: =VLOOKUP(B1581,Nuclides!A:F,5,FALSE) -> Re163 | H1581: =VLOOKUP(B1581,Nuclides!A:F,4,FALSE) -> 0.39 | I1581: =IF(H1581="STABLE", "STABLE", IF(H1581<60, H1581&"s", IF(H1581<3600, ROUND(H1581/60,2)&"min", IF(H1581<86400, ROUND(H1581/3600,2)&"h", IF(H1581<31536000, ROUND(H1581/86400,2)&"d", ROUND(H1581/31536000,2)&"y"))))) -> 0.39s | J1581: =LN(2)/H1581 -> 1.7773005 | K1581: =10*F1581*(1-EXP(-J1581*600))*6240000000000 -> 0 | L1581: =EXP(-J1581*30*60)*K1581 -> 0 | M1581: =G1581 -> Re163 | N1581: =0 -> 0
... B1771: 80206 | C1771: 0 | D1771: 0 | E1771: 0 | F1771: =SUM(C1771:E1771) -> 0 | G1771: =VLOOKUP(B1771,Nuclides!A:F,5,FALSE) -> Hg206 | H1771: =VLOOKUP(B1771,Nuclides!A:F,4,FALSE) -> 499.2 | I1771: =IF(H1771="STABLE", "STABLE", IF(H1771<60, H1771&"s", IF(H1771<3600, ROUND(H1771/60,2)&"min", IF(H1771<86400, ROUND(H1771/3600,2)&"h", IF(H1771<31536000, ROUND(H1771/86400,2)&"d", ROUND(H1771/31536000,2)&"y"))))) -> 8.32min | J1771: =LN(2)/H1771 -> 0.001388516 | K1771: =10*F1771*(1-EXP(-J1771*600))*6240000000000 -> 0 | L1771: =EXP(-J1771*30*60)*K1771 -> 0 | M1771: =G1771 -> Hg206 | N1771: =0 -> 0

Sheet Cu-Y
G1: Nuclides | H1: T1/2 | I1: T1/2 | J1: λ | K1: 10μA*10min | L1: cool-30min | M1: Nuclides
C4: 1 | D4: 2 | E4: 3
B5: 1001 | C5: 0 | D5: 0 | E5: =0 -> 0 | F5: =SUM(C5:E5) -> 0 | G5: =VLOOKUP(B5,Nuclides!A:F,5,FALSE) -> H1 | H5: =VLOOKUP(B5,Nuclides!A:F,4,FALSE) -> 613.9 | I5: =IF(H5="STABLE", "STABLE", IF(H5<60, H5&"s", IF(H5<3600, ROUND(H5/60,2)&"min", IF(H5<86400, ROUND(H5/3600,2)&"h", IF(H5<31536000, ROUND(H5/86400,2)&"d", ROUND(H5/31536000,2)&"y"))))) -> 10.23min | J5: =LN(2)/H5 -> 0.0011290881 | K5: =10*F5*(1-EXP(-J5*600))*6240000000000 -> 0 | L5: =EXP(-J5*30*60)*K5 -> 0 | M5: =G5 -> H1 | N5: =L5 -> 0 | O5: 0
B6: 1002 | C6: 0 | D6: 0 | E6: =0 -> 0 | F6: =SUM(C6:E6) -> 0 | G6: =VLOOKUP(B6,Nuclides!A:F,5,FALSE) -> H2 | H6: =VLOOKUP(B6,Nuclides!A:F,4,FALSE) -> STABLE | I6: =IF(H6="STABLE", "STABLE", IF(H6<60, H6&"s", IF(H6<3600, ROUND(H6/60,2)&"min", IF(H6<86400, ROUND(H6/3600,2)&"h", IF(H6<31536000, ROUND(H6/86400,2)&"d", ROUND(H6/31536000,2)&"y"))))) -> STABLE | J6: =LN(2)/H6 -> #VALUE! | K6: =10*F6*(1-EXP(-J6*600))*6240000000000 -> #VALUE! | L6: =EXP(-J6*30*60)*K6 -> #VALUE! | M6: =G6 -> H2 | N6: =L6 -> #VALUE! | O6: 1
B7: 1003 | C7: 0 | D7: 0 | E7: =0 -> 0 | F7: =SUM(C7:E7) -> 0 | G7: =VLOOKUP(B7,Nuclides!A:F,5,FALSE) -> H3 | H7: =VLOOKUP(B7,Nuclides!A:F,4,FALSE) -> 388789632 | I7: =IF(H7="STABLE", "STABLE", IF(H7<60, H7&"s", IF(H7<3600, ROUND(H7/60,2)&"min", IF(H7<86400, ROUND(H7/3600,2)&"h", IF(H7<31536000, ROUND(H7/86400,2)&"d", ROUND(H7/31536000,2)&"y"))))) -> 12.33y | J7: =LN(2)/H7 -> 1.7828335e-09 | K7: =10*F7*(1-EXP(-J7*600))*6240000000000 -> 0 | L7: =EXP(-J7*30*60)*K7 -> 0 | M7: =G7 -> H3 | N7: =L7 -> 0 | O7: 2
B8: 2003 | C8: 0 | D8: 0 | E8: =0 -> 0 | F8: =SUM(C8:E8) -> 0 | G8: =VLOOKUP(B8,Nuclides!A:F,5,FALSE) -> He3 | H8: =VLOOKUP(B8,Nuclides!A:F,4,FALSE) -> STABLE | I8: =IF(H8="STABLE", "STABLE", IF(H8<60, H8&"s", IF(H8<3600, ROUND(H8/60,2)&"min", IF(H8<86400, ROUND(H8/3600,2)&"h", IF(H8<31536000, ROUND(H8/86400,2)&"d", ROUND(H8/31536000,2)&"y"))))) -> STABLE | J8: =LN(2)/H8 -> #VALUE! | K8: =10*F8*(1-EXP(-J8*600))*6240000000000 -> #VALUE! | L8: =EXP(-J8*30*60)*K8 -> #VALUE! | M8: =G8 -> He3 | N8: =L8 -> #VALUE! | O8: 3
B9: 2004 | C9: 0 | D9: 0 | E9: =0 -> 0 | F9: =SUM(C9:E9) -> 0 | G9: =VLOOKUP(B9,Nuclides!A:F,5,FALSE) -> He4 | H9: =VLOOKUP(B9,Nuclides!A:F,4,FALSE) -> STABLE | I9: =IF(H9="STABLE", "STABLE", IF(H9<60, H9&"s", IF(H9<3600, ROUND(H9/60,2)&"min", IF(H9<86400, ROUND(H9/3600,2)&"h", IF(H9<31536000, ROUND(H9/86400,2)&"d", ROUND(H9/31536000,2)&"y"))))) -> STABLE | J9: =LN(2)/H9 -> #VALUE! | K9: =10*F9*(1-EXP(-J9*600))*6240000000000 -> #VALUE! | L9: =EXP(-J9*30*60)*K9 -> #VALUE! | M9: =G9 -> He4 | N9: =L9 -> #VALUE! | O9: 4
B10: 2005 | C10: 0 | D10: 0 | E10: =0 -> 0 | F10: =SUM(C10:E10) -> 0 | G10: =VLOOKUP(B10,Nuclides!A:F,5,FALSE) -> He5 | H10: =VLOOKUP(B10,Nuclides!A:F,4,FALSE) -> 7.595e-22 | I10: =IF(H10="STABLE", "STABLE", IF(H10<60, H10&"s", IF(H10<3600, ROUND(H10/60,2)&"min", IF(H10<86400, ROUND(H10/3600,2)&"h", IF(H10<31536000, ROUND(H10/86400,2)&"d", ROUND(H10/31536000,2)&"y"))))) -> 7.595E-22s | J10: =LN(2)/H10 -> 9.1263618e+20 | K10: =10*F10*(1-EXP(-J10*600))*6240000000000 -> 0 | L10: =EXP(-J10*30*60)*K10 -> 0 | M10: =G10 -> He5 | N10: =L10 -> 0 | O10: 5
B11: 2006 | C11: 0 | D11: 0 | E11: =0 -> 0 | F11: =SUM(C11:E11) -> 0 | G11: =VLOOKUP(B11,Nuclides!A:F,5,FALSE) -> He6 | H11: =VLOOKUP(B11,Nuclides!A:F,4,FALSE) -> 0.8067 | I11: =IF(H11="STABLE", "STABLE", IF(H11<60, H11&"s", IF(H11<3600, ROUND(H11/60,2)&"min", IF(H11<86400, ROUND(H11/3600,2)&"h", IF(H11<31536000, ROUND(H11/86400,2)&"d", ROUND(H11/31536000,2)&"y"))))) -> 0.8067s | J11: =LN(2)/H11 -> 0.85923786 | K11: =10*F11*(1-EXP(-J11*600))*6240000000000 -> 0 | L11: =EXP(-J11*30*60)*K11 -> 0 | M11: =G11 -> He6 | N11: =L11 -> 0 | O11: 6
B12: 2007 | C12: 0 | D12: 0 | E12: =0 -> 0 | F12: =SUM(C12:E12) -> 0 | G12: =VLOOKUP(B12,Nuclides!A:F,5,FALSE) -> He7 | H12: =VLOOKUP(B12,Nuclides!A:F,4,FALSE) -> 3.038e-21 | I12: =IF(H12="STABLE", "STABLE", IF(H12<60, H12&"s", IF(H12<3600, ROUND(H12/60,2)&"min", IF(H12<86400, ROUND(H12/3600,2)&"h", IF(H12<31536000, ROUND(H12/86400,2)&"d", ROUND(H12/31536000,2)&"y"))))) -> 3.038E-21s | J12: =LN(2)/H12 -> 2.2815905e+20 | K12: =10*F12*(1-EXP(-J12*600))*6240000000000 -> 0 | L12: =EXP(-J12*30*60)*K12 -> 0 | M12: =G12 -> He7 | N12: =L12 -> 0 | O12: 7
B13: 2008 | C13: 0 | D13: 0 | E13: =0 -> 0 | F13: =SUM(C13:E13) -> 0 | G13: =VLOOKUP(B13,Nuclides!A:F,5,FALSE) -> He8 | H13: =VLOOKUP(B13,Nuclides!A:F,4,FALSE) -> 0.1191 | I13: =IF(H13="STABLE", "STABLE", IF(H13<60, H13&"s", IF(H13<3600, ROUND(H13/60,2)&"min", IF(H13<86400, ROUND(H13/3600,2)&"h", IF(H13<31536000, ROUND(H13/86400,2)&"d", ROUND(H13/31536000,2)&"y"))))) -> 0.1191s | J13: =LN(2)/H13 -> 5.8198756 | K13: =10*F13*(1-EXP(-J13*600))*6240000000000 -> 0 | L13: =EXP(-J13*30*60)*K13 -> 0 | M13: =G13 -> He8 | N13: =L13 -> 0 | O13: 8
B14: 3005 | C14: 0 | D14: 0 | E14: =0 -> 0 | F14: =SUM(C14:E14) -> 0 | G14: =VLOOKUP(B14,Nuclides!A:F,5,FALSE) -> Li5 | H14: =VLOOKUP(B14,Nuclides!A:F,4,FALSE) -> 3.038e-22 | I14: =IF(H14="STABLE", "STABLE", IF(H14<60, H14&"s", IF(H14<3600, ROUND(H14/60,2)&"min", IF(H14<86400, ROUND(H14/3600,2)&"h", IF(H14<31536000, ROUND(H14/86400,2)&"d", ROUND(H14/31536000,2)&"y"))))) -> 3.038E-22s | J14: =LN(2)/H14 -> 2.2815905e+21 | K14: =10*F14*(1-EXP(-J14*600))*6240000000000 -> 0 | L14: =EXP(-J14*30*60)*K14 -> 0 | M14: =G14 -> Li5 | N14: =L14 -> 0 | O14: 9
B15: 3006 | C15: 0 | D15: 0 | E15: =0 -> 0 | F15: =SUM(C15:E15) -> 0 | G15: =VLOOKUP(B15,Nuclides!A:F,5,FALSE) -> Li6 | H15: =VLOOKUP(B15,Nuclides!A:F,4,FALSE) -> STABLE | I15: =IF(H15="STABLE", "STABLE", IF(H15<60, H15&"s", IF(H15<3600, ROUND(H15/60,2)&"min", IF(H15<86400, ROUND(H15/3600,2)&"h", IF(H15<31536000, ROUND(H15/86400,2)&"d", ROUND(H15/31536000,2)&"y"))))) -> STABLE | J15: =LN(2)/H15 -> #VALUE! | K15: =10*F15*(1-EXP(-J15*600))*6240000000000 -> #VALUE! | L15: =EXP(-J15*30*60)*K15 -> #VALUE! | M15: =G15 -> Li6 | N15: =L15 -> #VALUE! | O15: 10
B16: 3007 | C16: 0 | D16: 0 | E16: =0 -> 0 | F16: =SUM(C16:E16) -> 0 | G16: =VLOOKUP(B16,Nuclides!A:F,5,FALSE) -> Li7 | H16: =VLOOKUP(B16,Nuclides!A:F,4,FALSE) -> STABLE | I16: =IF(H16="STABLE", "STABLE", IF(H16<60, H16&"s", IF(H16<3600, ROUND(H16/60,2)&"min", IF(H16<86400, ROUND(H16/3600,2)&"h", IF(H16<31536000, ROUND(H16/86400,2)&"d", ROUND(H16/31536000,2)&"y"))))) -> STABLE | J16: =LN(2)/H16 -> #VALUE! | K16: =10*F16*(1-EXP(-J16*600))*6240000000000 -> #VALUE! | L16: =EXP(-J16*30*60)*K16 -> #VALUE! | M16: =G16 -> Li7 | N16: =L16 -> #VALUE! | O16: 11
... B1772: 80206 | C1772: 0 | D1772: 0 | E1772: =0 -> 0 | F1772: =SUM(C1772:E1772) -> 0 | G1772: =VLOOKUP(B1772,Nuclides!A:F,5,FALSE) -> Hg206 | H1772: =VLOOKUP(B1772,Nuclides!A:F,4,FALSE) -> 499.2 | I1772: =IF(H1772="STABLE", "STABLE", IF(H1772<60, H1772&"s", IF(H1772<3600, ROUND(H1772/60,2)&"min", IF(H1772<86400, ROUND(H1772/3600,2)&"h", IF(H1772<31536000, ROUND(H1772/86400,2)&"d", ROUND(H1772/31536000,2)&"y"))))) -> 8.32min | J1772: =LN(2)/H1772 -> 0.001388516 | K1772: =10*F1772*(1-EXP(-J1772*600))*6240000000000 -> 0 | L1772: =EXP(-J1772*30*60)*K1772 -> 0 | M1772: =G1772 -> Hg206 | N1772: =L1772 -> 0 | O1772: 1767

Sheet Nb-Y
G1: Nuclides | H1: T1/2 | I1: T1/2 | J1: λ | K1: 10μA*10min | L1: cool-30min | M1: Nuclides
C4: 1 | D4: 2
B5: 1001 | C5: 0 | D5: 0 | E5: =0 -> 0 | F5: =SUM(C5:E5) -> 0 | G5: =VLOOKUP(B5,Nuclides!A:F,5,FALSE) -> H1 | H5: =VLOOKUP(B5,Nuclides!A:F,4,FALSE) -> 613.9 | I5: =IF(H5="STABLE", "STABLE", IF(H5<60, H5&"s", IF(H5<3600, ROUND(H5/60,2)&"min", IF(H5<86400, ROUND(H5/3600,2)&"h", IF(H5<31536000, ROUND(H5/86400,2)&"d", ROUND(H5/31536000,2)&"y"))))) -> 10.23min | J5: =LN(2)/H5 -> 0.0011290881 | K5: =10*F5*(1-EXP(-J5*600))*6240000000000 -> 0 | L5: =EXP(-J5*30*60)*K5 -> 0 | M5: =G5 -> H1 | N5: =L5 -> 0 | O5: 0
B6: 1002 | C6: 0 | D6: 0 | E6: =0 -> 0 | F6: =SUM(C6:E6) -> 0 | G6: =VLOOKUP(B6,Nuclides!A:F,5,FALSE) -> H2 | H6: =VLOOKUP(B6,Nuclides!A:F,4,FALSE) -> STABLE | I6: =IF(H6="STABLE", "STABLE", IF(H6<60, H6&"s", IF(H6<3600, ROUND(H6/60,2)&"min", IF(H6<86400, ROUND(H6/3600,2)&"h", IF(H6<31536000, ROUND(H6/86400,2)&"d", ROUND(H6/31536000,2)&"y"))))) -> STABLE | J6: =LN(2)/H6 -> #VALUE! | K6: =10*F6*(1-EXP(-J6*600))*6240000000000 -> #VALUE! | L6: =EXP(-J6*30*60)*K6 -> #VALUE! | M6: =G6 -> H2 | N6: =L6 -> #VALUE! | O6: 1
B7: 1003 | C7: 0 | D7: 0 | E7: =0 -> 0 | F7: =SUM(C7:E7) -> 0 | G7: =VLOOKUP(B7,Nuclides!A:F,5,FALSE) -> H3 | H7: =VLOOKUP(B7,Nuclides!A:F,4,FALSE) -> 388789632 | I7: =IF(H7="STABLE", "STABLE", IF(H7<60, H7&"s", IF(H7<3600, ROUND(H7/60,2)&"min", IF(H7<86400, ROUND(H7/3600,2)&"h", IF(H7<31536000, ROUND(H7/86400,2)&"d", ROUND(H7/31536000,2)&"y"))))) -> 12.33y | J7: =LN(2)/H7 -> 1.7828335e-09 | K7: =10*F7*(1-EXP(-J7*600))*6240000000000 -> 0 | L7: =EXP(-J7*30*60)*K7 -> 0 | M7: =G7 -> H3 | N7: =L7 -> 0 | O7: 2
B8: 2003 | C8: 0 | D8: 0 | E8: =0 -> 0 | F8: =SUM(C8:E8) -> 0 | G8: =VLOOKUP(B8,Nuclides!A:F,5,FALSE) -> He3 | H8: =VLOOKUP(B8,Nuclides!A:F,4,FALSE) -> STABLE | I8: =IF(H8="STABLE", "STABLE", IF(H8<60, H8&"s", IF(H8<3600, ROUND(H8/60,2)&"min", IF(H8<86400, ROUND(H8/3600,2)&"h", IF(H8<31536000, ROUND(H8/86400,2)&"d", ROUND(H8/31536000,2)&"y"))))) -> STABLE | J8: =LN(2)/H8 -> #VALUE! | K8: =10*F8*(1-EXP(-J8*600))*6240000000000 -> #VALUE! | L8: =EXP(-J8*30*60)*K8 -> #VALUE! | M8: =G8 -> He3 | N8: =L8 -> #VALUE! | O8: 3
B9: 2004 | C9: 0 | D9: 0 | E9: =0 -> 0 | F9: =SUM(C9:E9) -> 0 | G9: =VLOOKUP(B9,Nuclides!A:F,5,FALSE) -> He4 | H9: =VLOOKUP(B9,Nuclides!A:F,4,FALSE) -> STABLE | I9: =IF(H9="STABLE", "STABLE", IF(H9<60, H9&"s", IF(H9<3600, ROUND(H9/60,2)&"min", IF(H9<86400, ROUND(H9/3600,2)&"h", IF(H9<31536000, ROUND(H9/86400,2)&"d", ROUND(H9/31536000,2)&"y"))))) -> STABLE | J9: =LN(2)/H9 -> #VALUE! | K9: =10*F9*(1-EXP(-J9*600))*6240000000000 -> #VALUE! | L9: =EXP(-J9*30*60)*K9 -> #VALUE! | M9: =G9 -> He4 | N9: =L9 -> #VALUE! | O9: 4
B10: 2005 | C10: 0 | D10: 0 | E10: =0 -> 0 | F10: =SUM(C10:E10) -> 0 | G10: =VLOOKUP(B10,Nuclides!A:F,5,FALSE) -> He5 | H10: =VLOOKUP(B10,Nuclides!A:F,4,FALSE) -> 7.595e-22 | I10: =IF(H10="STABLE", "STABLE", IF(H10<60, H10&"s", IF(H10<3600, ROUND(H10/60,2)&"min", IF(H10<86400, ROUND(H10/3600,2)&"h", IF(H10<31536000, ROUND(H10/86400,2)&"d", ROUND(H10/31536000,2)&"y"))))) -> 7.595E-22s | J10: =LN(2)/H10 -> 9.1263618e+20 | K10: =10*F10*(1-EXP(-J10*600))*6240000000000 -> 0 | L10: =EXP(-J10*30*60)*K10 -> 0 | M10: =G10 -> He5 | N10: =L10 -> 0 | O10: 5
B11: 2006 | C11: 0 | D11: 0 | E11: =0 -> 0 | F11: =SUM(C11:E11) -> 0 | G11: =VLOOKUP(B11,Nuclides!A:F,5,FALSE) -> He6 | H11: =VLOOKUP(B11,Nuclides!A:F,4,FALSE) -> 0.8067 | I11: =IF(H11="STABLE", "STABLE", IF(H11<60, H11&"s", IF(H11<3600, ROUND(H11/60,2)&"min", IF(H11<86400, ROUND(H11/3600,2)&"h", IF(H11<31536000, ROUND(H11/86400,2)&"d", ROUND(H11/31536000,2)&"y"))))) -> 0.8067s | J11: =LN(2)/H11 -> 0.85923786 | K11: =10*F11*(1-EXP(-J11*600))*6240000000000 -> 0 | L11: =EXP(-J11*30*60)*K11 -> 0 | M11: =G11 -> He6 | N11: =L11 -> 0 | O11: 6
B12: 2007 | C12: 0 | D12: 0 | E12: =0 -> 0 | F12: =SUM(C12:E12) -> 0 | G12: =VLOOKUP(B12,Nuclides!A:F,5,FALSE) -> He7 | H12: =VLOOKUP(B12,Nuclides!A:F,4,FALSE) -> 3.038e-21 | I12: =IF(H12="STABLE", "STABLE", IF(H12<60, H12&"s", IF(H12<3600, ROUND(H12/60,2)&"min", IF(H12<86400, ROUND(H12/3600,2)&"h", IF(H12<31536000, ROUND(H12/86400,2)&"d", ROUND(H12/31536000,2)&"y"))))) -> 3.038E-21s | J12: =LN(2)/H12 -> 2.2815905e+20 | K12: =10*F12*(1-EXP(-J12*600))*6240000000000 -> 0 | L12: =EXP(-J12*30*60)*K12 -> 0 | M12: =G12 -> He7 | N12: =L12 -> 0 | O12: 7
B13: 2008 | C13: 0 | D13: 0 | E13: =0 -> 0 | F13: =SUM(C13:E13) -> 0 | G13: =VLOOKUP(B13,Nuclides!A:F,5,FALSE) -> He8 | H13: =VLOOKUP(B13,Nuclides!A:F,4,FALSE) -> 0.1191 | I13: =IF(H13="STABLE", "STABLE", IF(H13<60, H13&"s", IF(H13<3600, ROUND(H13/60,2)&"min", IF(H13<86400, ROUND(H13/3600,2)&"h", IF(H13<31536000, ROUND(H13/86400,2)&"d", ROUND(H13/31536000,2)&"y"))))) -> 0.1191s | J13: =LN(2)/H13 -> 5.8198756 | K13: =10*F13*(1-EXP(-J13*600))*6240000000000 -> 0 | L13: =EXP(-J13*30*60)*K13 -> 0 | M13: =G13 -> He8 | N13: =L13 -> 0 | O13: 8
B14: 3005 | C14: 0 | D14: 0 | E14: =0 -> 0 | F14: =SUM(C14:E14) -> 0 | G14: =VLOOKUP(B14,Nuclides!A:F,5,FALSE) -> Li5 | H14: =VLOOKUP(B14,Nuclides!A:F,4,FALSE) -> 3.038e-22 | I14: =IF(H14="STABLE", "STABLE", IF(H14<60, H14&"s", IF(H14<3600, ROUND(H14/60,2)&"min", IF(H14<86400, ROUND(H14/3600,2)&"h", IF(H14<31536000, ROUND(H14/86400,2)&"d", ROUND(H14/31536000,2)&"y"))))) -> 3.038E-22s | J14: =LN(2)/H14 -> 2.2815905e+21 | K14: =10*F14*(1-EXP(-J14*600))*6240000000000 -> 0 | L14: =EXP(-J14*30*60)*K14 -> 0 | M14: =G14 -> Li5 | N14: =L14 -> 0 | O14: 9
B15: 3006 | C15: 0 | D15: 0 | E15: =0 -> 0 | F15: =SUM(C15:E15) -> 0 | G15: =VLOOKUP(B15,Nuclides!A:F,5,FALSE) -> Li6 | H15: =VLOOKUP(B15,Nuclides!A:F,4,FALSE) -> STABLE | I15: =IF(H15="STABLE", "STABLE", IF(H15<60, H15&"s", IF(H15<3600, ROUND(H15/60,2)&"min", IF(H15<86400, ROUND(H15/3600,2)&"h", IF(H15<31536000, ROUND(H15/86400,2)&"d", ROUND(H15/31536000,2)&"y"))))) -> STABLE | J15: =LN(2)/H15 -> #VALUE! | K15: =10*F15*(1-EXP(-J15*600))*6240000000000 -> #VALUE! | L15: =EXP(-J15*30*60)*K15 -> #VALUE! | M15: =G15 -> Li6 | N15: =L15 -> #VALUE! | O15: 10
B16: 3007 | C16: 0 | D16: 0 | E16: =0 -> 0 | F16: =SUM(C16:E16) -> 0 | G16: =VLOOKUP(B16,Nuclides!A:F,5,FALSE) -> Li7 | H16: =VLOOKUP(B16,Nuclides!A:F,4,FALSE) -> STABLE | I16: =IF(H16="STABLE", "STABLE", IF(H16<60, H16&"s", IF(H16<3600, ROUND(H16/60,2)&"min", IF(H16<86400, ROUND(H16/3600,2)&"h", IF(H16<31536000, ROUND(H16/86400,2)&"d", ROUND(H16/31536000,2)&"y"))))) -> STABLE | J16: =LN(2)/H16 -> #VALUE! | K16: =10*F16*(1-EXP(-J16*600))*6240000000000 -> #VALUE! | L16: =EXP(-J16*30*60)*K16 -> #VALUE! | M16: =G16 -> Li7 | N16: =L16 -> #VALUE! | O16: 11
... B612: 39087 | C612: 0 | D612: 0 | E612: =0 -> 0 | F612: =SUM(C612:E612) -> 0 | G612: =VLOOKUP(B612,Nuclides!A:F,5,FALSE) -> Y87 | H612: =VLOOKUP(B612,Nuclides!A:F,4,FALSE) -> 287280 | I612: =IF(H612="STABLE", "STABLE", IF(H612<60, H612&"s", IF(H612<3600, ROUND(H612/60,2)&"min", IF(H612<86400, ROUND(H612/3600,2)&"h", IF(H612<31536000, ROUND(H612/86400,2)&"d", ROUND(H612/31536000,2)&"y"))))) -> 3.33d | J612: =LN(2)/H612 -> 2.412793e-06 | K612: =10*F612*(1-EXP(-J612*600))*6240000000000 -> 0 | L612: =EXP(-J612*30*60)*K612 -> 0 | M612: =G612 -> Y87 | N612: =L612 -> 0 | O612: 607
B613: 39088 | C613: 1e-07 | D613: 0 | E613: =0 -> 0 | F613: =SUM(C613:E613) -> 1e-07 | G613: =VLOOKUP(B613,Nuclides!A:F,5,FALSE) -> Y88 | H613: =VLOOKUP(B613,Nuclides!A:F,4,FALSE) -> 9212486.4 | I613: =IF(H613="STABLE", "STABLE", IF(H613<60, H613&"s", IF(H613<3600, ROUND(H613/60,2)&"min", IF(H613<86400, ROUND(H613/3600,2)&"h", IF(H613<31536000, ROUND(H613/86400,2)&"d", ROUND(H613/31536000,2)&"y"))))) -> 106.63d | J613: =LN(2)/H613 -> 7.5239968e-08 | K613: =10*F613*(1-EXP(-J613*600))*6240000000000 -> 281.69208 | L613: =EXP(-J613*30*60)*K613 -> 281.65393 | M613: =G613 -> Y88 | N613: =L613 -> 281.65393 | O613: =0 -> 0
B614: 39089 | C614: 0.001766 | D614: 0 | E614: =0 -> 0 | F614: =SUM(C614:E614) -> 0.001766 | G614: =VLOOKUP(B614,Nuclides!A:F,5,FALSE) -> Y89 | H614: =VLOOKUP(B614,Nuclides!A:F,4,FALSE) -> STABLE | I614: =IF(H614="STABLE", "STABLE", IF(H614<60, H614&"s", IF(H614<3600, ROUND(H614/60,2)&"min", IF(H614<86400, ROUND(H614/3600,2)&"h", IF(H614<31536000, ROUND(H614/86400,2)&"d", ROUND(H614/31536000,2)&"y"))))) -> STABLE | J614: =LN(2)/H614 -> #VALUE! | K614: =10*F614*(1-EXP(-J614*600))*6240000000000 -> #VALUE! | L614: =EXP(-J614*30*60)*K614 -> #VALUE! | M614: =G614 -> Y89 | N614: =L614 -> #VALUE! | O614: 609
B615: 39090 | C615: 0 | D615: 0 | E615: =0 -> 0 | F615: =SUM(C615:E615) -> 0 | G615: =VLOOKUP(B615,Nuclides!A:F,5,FALSE) -> Y90 | H615: =VLOOKUP(B615,Nuclides!A:F,4,FALSE) -> 230590.8 | I615: =IF(H615="STABLE", "STABLE", IF(H615<60, H615&"s", IF(H615<3600, ROUND(H615/60,2)&"min", IF(H615<86400, ROUND(H615/3600,2)&"h", IF(H615<31536000, ROUND(H615/86400,2)&"d", ROUND(H615/31536000,2)&"y"))))) -> 2.67d | J615: =LN(2)/H615 -> 3.005962e-06 | K615: =10*F615*(1-EXP(-J615*600))*6240000000000 -> 0 | L615: =EXP(-J615*30*60)*K615 -> 0 | M615: =G615 -> Y90 | N615: =L615 -> 0 | O615: 610
B616: 39091 | C616: 0 | D616: 0 | E616: =0 -> 0 | F616: =SUM(C616:E616) -> 0 | G616: =VLOOKUP(B616,Nuclides!A:F,5,FALSE) -> Y91 | H616: =VLOOKUP(B616,Nuclides!A:F,4,FALSE) -> 5055264 | I616: =IF(H616="STABLE", "STABLE", IF(H616<60, H616&"s", IF(H616<3600, ROUND(H616/60,2)&"min", IF(H616<86400, ROUND(H616/3600,2)&"h", IF(H616<31536000, ROUND(H616/86400,2)&"d", ROUND(H616/31536000,2)&"y"))))) -> 58.51d | J616: =LN(2)/H616 -> 1.3711394e-07 | K616: =10*F616*(1-EXP(-J616*600))*6240000000000 -> 0 | L616: =EXP(-J616*30*60)*K616 -> 0 | M616: =G616 -> Y91 | N616: =L616 -> 0 | O616: 611
B617: 39092 | C617: 0 | D617: 0 | E617: =0 -> 0 | F617: =SUM(C617:E617) -> 0 | G617: =VLOOKUP(B617,Nuclides!A:F,5,FALSE) -> Y92 | H617: =VLOOKUP(B617,Nuclides!A:F,4,FALSE) -> 12744 | I617: =IF(H617="STABLE", "STABLE", IF(H617<60, H617&"s", IF(H617<3600, ROUND(H617/60,2)&"min", IF(H617<86400, ROUND(H617/3600,2)&"h", IF(H617<31536000, ROUND(H617/86400,2)&"d", ROUND(H617/31536000,2)&"y"))))) -> 3.54h | J617: =LN(2)/H617 -> 5.439008e-05 | K617: =10*F617*(1-EXP(-J617*600))*6240000000000 -> 0 | L617: =EXP(-J617*30*60)*K617 -> 0 | M617: =G617 -> Y92 | N617: =L617 -> 0 | O617: 612
B618: 39093 | C618: 0 | D618: 0 | E618: =0 -> 0 | F618: =SUM(C618:E618) -> 0 | G618: =VLOOKUP(B618,Nuclides!A:F,5,FALSE) -> Y93 | H618: =VLOOKUP(B618,Nuclides!A:F,4,FALSE) -> 36648 | I618: =IF(H618="STABLE", "STABLE", IF(H618<60, H618&"s", IF(H618<3600, ROUND(H618/60,2)&"min", IF(H618<86400, ROUND(H618/3600,2)&"h", IF(H618<31536000, ROUND(H618/86400,2)&"d", ROUND(H618/31536000,2)&"y"))))) -> 10.18h | J618: =LN(2)/H618 -> 1.8913643e-05 | K618: =10*F618*(1-EXP(-J618*600))*6240000000000 -> 0 | L618: =EXP(-J618*30*60)*K618 -> 0 | M618: =G618 -> Y93 | N618: =L618 -> 0 | O618: 613
B619: 39094 | C619: 0 | D619: 0 | E619: =0 -> 0 | F619: =SUM(C619:E619) -> 0 | G619: =VLOOKUP(B619,Nuclides!A:F,5,FALSE) -> Y94 | H619: =VLOOKUP(B619,Nuclides!A:F,4,FALSE) -> 1122 | I619: =IF(H619="STABLE", "STABLE", IF(H619<60, H619&"s", IF(H619<3600, ROUND(H619/60,2)&"min", IF(H619<86400, ROUND(H619/3600,2)&"h", IF(H619<31536000, ROUND(H619/86400,2)&"d", ROUND(H619/31536000,2)&"y"))))) -> 18.7min | J619: =LN(2)/H619 -> 0.00061777824 | K619: =10*F619*(1-EXP(-J619*600))*6240000000000 -> 0 | L619: =EXP(-J619*30*60)*K619 -> 0 | M619: =G619 -> Y94 | N619: =L619 -> 0 | O619: 614
B620: 39095 | C620: 0 | D620: 0 | E620: =0 -> 0 | F620: =SUM(C620:E620) -> 0 | G620: =VLOOKUP(B620,Nuclides!A:F,5,FALSE) -> Y95 | H620: =VLOOKUP(B620,Nuclides!A:F,4,FALSE) -> 618 | I620: =IF(H620="STABLE", "STABLE", IF(H620<60, H620&"s", IF(H620<3600, ROUND(H620/60,2)&"min", IF(H620<86400, ROUND(H620/3600,2)&"h", IF(H620<31536000, ROUND(H620/86400,2)&"d", ROUND(H620/31536000,2)&"y"))))) -> 10.3min | J620: =LN(2)/H620 -> 0.0011215974 | K620: =10*F620*(1-EXP(-J620*600))*6240000000000 -> 0 | L620: =EXP(-J620*30*60)*K620 -> 0 | M620: =G620 -> Y95 | N620: =L620 -> 0 | O620: 615
B621: 39096 | C621: 0 | D621: 0 | E621: =0 -> 0 | F621: =SUM(C621:E621) -> 0 | G621: =VLOOKUP(B621,Nuclides!A:F,5,FALSE) -> Y96 | H621: =VLOOKUP(B621,Nuclides!A:F,4,FALSE) -> 5.34 | I621: =IF(H621="STABLE", "STABLE", IF(H621<60, H621&"s", IF(H621<3600, ROUND(H621/60,2)&"min", IF(H621<86400, ROUND(H621/3600,2)&"h", IF(H621<31536000, ROUND(H621/86400,2)&"d", ROUND(H621/31536000,2)&"y"))))) -> 5.34s | J621: =LN(2)/H621 -> 0.12980284 | K621: =10*F621*(1-EXP(-J621*600))*6240000000000 -> 0 | L621: =EXP(-J621*30*60)*K621 -> 0 | M621: =G621 -> Y96 | N621: =L621 -> 0 | O621: 616
B622: 39097 | C622: 0 | D622: 0 | E622: =0 -> 0 | F622: =SUM(C622:E622) -> 0 | G622: =VLOOKUP(B622,Nuclides!A:F,5,FALSE) -> Y97 | H622: =VLOOKUP(B622,Nuclides!A:F,4,FALSE) -> 3.75 | I622: =IF(H622="STABLE", "STABLE", IF(H622<60, H622&"s", IF(H622<3600, ROUND(H622/60,2)&"min", IF(H622<86400, ROUND(H622/3600,2)&"h", IF(H622<31536000, ROUND(H622/86400,2)&"d", ROUND(H622/31536000,2)&"y"))))) -> 3.75s | J622: =LN(2)/H622 -> 0.18483925 | K622: =10*F622*(1-EXP(-J622*600))*6240000000000 -> 0 | L622: =EXP(-J622*30*60)*K622 -> 0 | M622: =G622 -> Y97 | N622: =L622 -> 0 | O622: 617
B623: 39098 | C623: 0 | D623: 0 | E623: =0 -> 0 | F623: =SUM(C623:E623) -> 0 | G623: =VLOOKUP(B623,Nuclides!A:F,5,FALSE) -> Y98 | H623: =VLOOKUP(B623,Nuclides!A:F,4,FALSE) -> 0.548 | I623: =IF(H623="STABLE", "STABLE", IF(H623<60, H623&"s", IF(H623<3600, ROUND(H623/60,2)&"min", IF(H623<86400, ROUND(H623/3600,2)&"h", IF(H623<31536000, ROUND(H623/86400,2)&"d", ROUND(H623/31536000,2)&"y"))))) -> 0.548s | J623: =LN(2)/H623 -> 1.2648671 | K623: =10*F623*(1-EXP(-J623*600))*6240000000000 -> 0 | L623: =EXP(-J623*30*60)*K623 -> 0 | M623: =G623 -> Y98 | N623: =L623 -> 0 | O623: 618
B624: 39099 | C624: 0 | D624: 0 | E624: =0 -> 0 | F624: =SUM(C624:E624) -> 0 | G624: =VLOOKUP(B624,Nuclides!A:F,5,FALSE) -> Y99 | H624: =VLOOKUP(B624,Nuclides!A:F,4,FALSE) -> 1.484 | I624: =IF(H624="STABLE", "STABLE", IF(H624<60, H624&"s", IF(H624<3600, ROUND(H624/60,2)&"min", IF(H624<86400, ROUND(H624/3600,2)&"h", IF(H624<31536000, ROUND(H624/86400,2)&"d", ROUND(H624/31536000,2)&"y"))))) -> 1.484s | J624: =LN(2)/H624 -> 0.46708031 | K624: =10*F624*(1-EXP(-J624*600))*6240000000000 -> 0 | L624: =EXP(-J624*30*60)*K624 -> 0 | M624: =G624 -> Y99 | N624: =L624 -> 0 | O624: 619
B625: 39100 | C625: 0 | D625: 0 | E625: =0 -> 0 | F625: =SUM(C625:E625) -> 0 | G625: =VLOOKUP(B625,Nuclides!A:F,5,FALSE) -> Y100 | H625: =VLOOKUP(B625,Nuclides!A:F,4,FALSE) -> 0.735 | I625: =IF(H625="STABLE", "STABLE", IF(H625<60, H625&"s", IF(H625<3600, ROUND(H625/60,2)&"min", IF(H625<86400, ROUND(H625/3600,2)&"h", IF(H625<31536000, ROUND(H625/86400,2)&"d", ROUND(H625/31536000,2)&"y"))))) -> 0.735s | J625: =LN(2)/H625 -> 0.94305739 | K625: =10*F625*(1-EXP(-J625*600))*6240000000000 -> 0 | L625: =EXP(-J625*30*60)*K625 -> 0 | M625: =G625 -> Y100 | N625: =L625 -> 0 | O625: 620
... B634: 40087 | C634: 0 | D634: 0 | E634: =0 -> 0 | F634: =SUM(C634:E634) -> 0 | G634: =VLOOKUP(B634,Nuclides!A:F,5,FALSE) -> Zr87 | H634: =VLOOKUP(B634,Nuclides!A:F,4,FALSE) -> 6048 | I634: =IF(H634="STABLE", "STABLE", IF(H634<60, H634&"s", IF(H634<3600, ROUND(H634/60,2)&"min", IF(H634<86400, ROUND(H634/3600,2)&"h", IF(H634<31536000, ROUND(H634/86400,2)&"d", ROUND(H634/31536000,2)&"y"))))) -> 1.68h | J634: =LN(2)/H634 -> 0.00011460767 | K634: =10*F634*(1-EXP(-J634*600))*6240000000000 -> 0 | L634: =EXP(-J634*30*60)*K634 -> 0 | M634: =G634 -> Zr87 | N634: =L634 -> 0 | O634: 629
B635: 40088 | C635: 1e-07 | D635: 0 | E635: =0 -> 0 | F635: =SUM(C635:E635) -> 1e-07 | G635: =VLOOKUP(B635,Nuclides!A:F,5,FALSE) -> Zr88 | H635: =VLOOKUP(B635,Nuclides!A:F,4,FALSE) -> 7205760 | I635: =IF(H635="STABLE", "STABLE", IF(H635<60, H635&"s", IF(H635<3600, ROUND(H635/60,2)&"min", IF(H635<86400, ROUND(H635/3600,2)&"h", IF(H635<31536000, ROUND(H635/86400,2)&"d", ROUND(H635/31536000,2)&"y"))))) -> 83.4d | J635: =LN(2)/H635 -> 9.6193487e-08 | K635: =10*F635*(1-EXP(-J635*600))*6240000000000 -> 360.13802 | L635: =EXP(-J635*30*60)*K635 -> 360.07567 | M635: =G635 -> Zr88 | N635: =L635 -> 360.07567 | O635: =0 -> 0
B636: 40089 | C636: 0.0024663 | D636: 0 | E636: =0 -> 0 | F636: =SUM(C636:E636) -> 0.0024663 | G636: =VLOOKUP(B636,Nuclides!A:F,5,FALSE) -> Zr89 | H636: =VLOOKUP(B636,Nuclides!A:F,4,FALSE) -> 282276 | I636: =IF(H636="STABLE", "STABLE", IF(H636<60, H636&"s", IF(H636<3600, ROUND(H636/60,2)&"min", IF(H636<86400, ROUND(H636/3600,2)&"h", IF(H636<31536000, ROUND(H636/86400,2)&"d", ROUND(H636/31536000,2)&"y"))))) -> 3.27d | J636: =LN(2)/H636 -> 2.4555654e-06 | K636: =10*F636*(1-EXP(-J636*600))*6240000000000 -> 2.2657571e+08 | L636: =EXP(-J636*30*60)*K636 -> 2.2557646e+08 | M636: =G636 -> Zr89 | N636: =L636 -> 2.2557646e+08 | O636: =0 -> 0
B637: 40090 | C637: 0.0001016 | D637: 0 | E637: =0 -> 0 | F637: =SUM(C637:E637) -> 0.0001016 | G637: =VLOOKUP(B637,Nuclides!A:F,5,FALSE) -> Zr90 | H637: =VLOOKUP(B637,Nuclides!A:F,4,FALSE) -> STABLE | I637: =IF(H637="STABLE", "STABLE", IF(H637<60, H637&"s", IF(H637<3600, ROUND(H637/60,2)&"min", IF(H637<86400, ROUND(H637/3600,2)&"h", IF(H637<31536000, ROUND(H637/86400,2)&"d", ROUND(H637/31536000,2)&"y"))))) -> STABLE | J637: =LN(2)/H637 -> #VALUE! | K637: =10*F637*(1-EXP(-J637*600))*6240000000000 -> #VALUE! | L637: =EXP(-J637*30*60)*K637 -> #VALUE! | M637: =G637 -> Zr90 | N637: =L637 -> #VALUE! | O637: 632
B638: 40091 | C638: 0 | D638: 0 | E638: =0 -> 0 | F638: =SUM(C638:E638) -> 0 | G638: =VLOOKUP(B638,Nuclides!A:F,5,FALSE) -> Zr91 | H638: =VLOOKUP(B638,Nuclides!A:F,4,FALSE) -> STABLE | I638: =IF(H638="STABLE", "STABLE", IF(H638<60, H638&"s", IF(H638<3600, ROUND(H638/60,2)&"min", IF(H638<86400, ROUND(H638/3600,2)&"h", IF(H638<31536000, ROUND(H638/86400,2)&"d", ROUND(H638/31536000,2)&"y"))))) -> STABLE | J638: =LN(2)/H638 -> #VALUE! | K638: =10*F638*(1-EXP(-J638*600))*6240000000000 -> #VALUE! | L638: =EXP(-J638*30*60)*K638 -> #VALUE! | M638: =G638 -> Zr91 | N638: =L638 -> #VALUE! | O638: 633
B639: 40092 | C639: 0 | D639: 0 | E639: =0 -> 0 | F639: =SUM(C639:E639) -> 0 | G639: =VLOOKUP(B639,Nuclides!A:F,5,FALSE) -> Zr92 | H639: =VLOOKUP(B639,Nuclides!A:F,4,FALSE) -> STABLE | I639: =IF(H639="STABLE", "STABLE", IF(H639<60, H639&"s", IF(H639<3600, ROUND(H639/60,2)&"min", IF(H639<86400, ROUND(H639/3600,2)&"h", IF(H639<31536000, ROUND(H639/86400,2)&"d", ROUND(H639/31536000,2)&"y"))))) -> STABLE | J639: =LN(2)/H639 -> #VALUE! | K639: =10*F639*(1-EXP(-J639*600))*6240000000000 -> #VALUE! | L639: =EXP(-J639*30*60)*K639 -> #VALUE! | M639: =G639 -> Zr92 | N639: =L639 -> #VALUE! | O639: 634
B640: 40093 | C640: 0 | D640: 0 | E640: =0 -> 0 | F640: =SUM(C640:E640) -> 0 | G640: =VLOOKUP(B640,Nuclides!A:F,5,FALSE) -> Zr93 | H640: =VLOOKUP(B640,Nuclides!A:F,4,FALSE) -> 50807736000000 | I640: =IF(H640="STABLE", "STABLE", IF(H640<60, H640&"s", IF(H640<3600, ROUND(H640/60,2)&"min", IF(H640<86400, ROUND(H640/3600,2)&"h", IF(H640<31536000, ROUND(H640/86400,2)&"d", ROUND(H640/31536000,2)&"y"))))) -> 1611102.74y | J640: =LN(2)/H640 -> 1.3642552e-14 | K640: =10*F640*(1-EXP(-J640*600))*6240000000000 -> 0 | L640: =EXP(-J640*30*60)*K640 -> 0 | M640: =G640 -> Zr93 | N640: =L640 -> 0 | O640: 635
B641: 40094 | C641: 0 | D641: 0 | E641: =0 -> 0 | F641: =SUM(C641:E641) -> 0 | G641: =VLOOKUP(B641,Nuclides!A:F,5,FALSE) -> Zr94 | H641: =VLOOKUP(B641,Nuclides!A:F,4,FALSE) -> STABLE | I641: =IF(H641="STABLE", "STABLE", IF(H641<60, H641&"s", IF(H641<3600, ROUND(H641/60,2)&"min", IF(H641<86400, ROUND(H641/3600,2)&"h", IF(H641<31536000, ROUND(H641/86400,2)&"d", ROUND(H641/31536000,2)&"y"))))) -> STABLE | J641: =LN(2)/H641 -> #VALUE! | K641: =10*F641*(1-EXP(-J641*600))*6240000000000 -> #VALUE! | L641: =EXP(-J641*30*60)*K641 -> #VALUE! | M641: =G641 -> Zr94 | N641: =L641 -> #VALUE! | O641: 636
B642: 40095 | C642: 0 | D642: 0 | E642: =0 -> 0 | F642: =SUM(C642:E642) -> 0 | G642: =VLOOKUP(B642,Nuclides!A:F,5,FALSE) -> Zr95 | H642: =VLOOKUP(B642,Nuclides!A:F,4,FALSE) -> 5532364.8 | I642: =IF(H642="STABLE", "STABLE", IF(H642<60, H642&"s", IF(H642<3600, ROUND(H642/60,2)&"min", IF(H642<86400, ROUND(H642/3600,2)&"h", IF(H642<31536000, ROUND(H642/86400,2)&"d", ROUND(H642/31536000,2)&"y"))))) -> 64.03d | J642: =LN(2)/H642 -> 1.2528949e-07 | K642: =10*F642*(1-EXP(-J642*600))*6240000000000 -> 0 | L642: =EXP(-J642*30*60)*K642 -> 0 | M642: =G642 -> Zr95 | N642: =L642 -> 0 | O642: 637
B643: 40096 | C643: 0 | D643: 0 | E643: =0 -> 0 | F643: =SUM(C643:E643) -> 0 | G643: =VLOOKUP(B643,Nuclides!A:F,5,FALSE) -> Zr96 | H643: =VLOOKUP(B643,Nuclides!A:F,4,FALSE) -> 7.416036e+26 | I643: =IF(H643="STABLE", "STABLE", IF(H643<60, H643&"s", IF(H643<3600, ROUND(H643/60,2)&"min", IF(H643<86400, ROUND(H643/3600,2)&"h", IF(H643<31536000, ROUND(H643/86400,2)&"d", ROUND(H643/31536000,2)&"y"))))) -> 23516095890411000000y | J643: =LN(2)/H643 -> 9.3465995e-28 | K643: =10*F643*(1-EXP(-J643*600))*6240000000000 -> 0 | L643: =EXP(-J643*30*60)*K643 -> 0 | M643: =G643 -> Zr96 | N643: =L643 -> 0 | O643: 638
B644: 40097 | C644: 0 | D644: 0 | E644: =0 -> 0 | F644: =SUM(C644:E644) -> 0 | G644: =VLOOKUP(B644,Nuclides!A:F,5,FALSE) -> Zr97 | H644: =VLOOKUP(B644,Nuclides!A:F,4,FALSE) -> 60296.4 | I644: =IF(H644="STABLE", "STABLE", IF(H644<60, H644&"s", IF(H644<3600, ROUND(H644/60,2)&"min", IF(H644<86400, ROUND(H644/3600,2)&"h", IF(H644<31536000, ROUND(H644/86400,2)&"d", ROUND(H644/31536000,2)&"y"))))) -> 16.75h | J644: =LN(2)/H644 -> 1.1495664e-05 | K644: =10*F644*(1-EXP(-J644*600))*6240000000000 -> 0 | L644: =EXP(-J644*30*60)*K644 -> 0 | M644: =G644 -> Zr97 | N644: =L644 -> 0 | O644: 639
B645: 40098 | C645: 0 | D645: 0 | E645: =0 -> 0 | F645: =SUM(C645:E645) -> 0 | G645: =VLOOKUP(B645,Nuclides!A:F,5,FALSE) -> Zr98 | H645: =VLOOKUP(B645,Nuclides!A:F,4,FALSE) -> 30.7 | I645: =IF(H645="STABLE", "STABLE", IF(H645<60, H645&"s", IF(H645<3600, ROUND(H645/60,2)&"min", IF(H645<86400, ROUND(H645/3600,2)&"h", IF(H645<31536000, ROUND(H645/86400,2)&"d", ROUND(H645/31536000,2)&"y"))))) -> 30.7s | J645: =LN(2)/H645 -> 0.022578084 | K645: =10*F645*(1-EXP(-J645*600))*6240000000000 -> 0 | L645: =EXP(-J645*30*60)*K645 -> 0 | M645: =G645 -> Zr98 | N645: =L645 -> 0 | O645: 640
B646: 40099 | C646: 0 | D646: 0 | E646: =0 -> 0 | F646: =SUM(C646:E646) -> 0 | G646: =VLOOKUP(B646,Nuclides!A:F,5,FALSE) -> Zr99 | H646: =VLOOKUP(B646,Nuclides!A:F,4,FALSE) -> 2.1 | I646: =IF(H646="STABLE", "STABLE", IF(H646<60, H646&"s", IF(H646<3600, ROUND(H646/60,2)&"min", IF(H646<86400, ROUND(H646/3600,2)&"h", IF(H646<31536000, ROUND(H646/86400,2)&"d", ROUND(H646/31536000,2)&"y"))))) -> 2.1s | J646: =LN(2)/H646 -> 0.33007009 | K646: =10*F646*(1-EXP(-J646*600))*6240000000000 -> 0 | L646: =EXP(-J646*30*60)*K646 -> 0 | M646: =G646 -> Zr99 | N646: =L646 -> 0 | O646: 641
B647: 40100 | C647: 0 | D647: 0 | E647: =0 -> 0 | F647: =SUM(C647:E647) -> 0 | G647: =VLOOKUP(B647,Nuclides!A:F,5,FALSE) -> Zr100 | H647: =VLOOKUP(B647,Nuclides!A:F,4,FALSE) -> 7.1 | I647: =IF(H647="STABLE", "STABLE", IF(H647<60, H647&"s", IF(H647<3600, ROUND(H647/60,2)&"min", IF(H647<86400, ROUND(H647/3600,2)&"h", IF(H647<31536000, ROUND(H647/86400,2)&"d", ROUND(H647/31536000,2)&"y"))))) -> 7.1s | J647: =LN(2)/H647 -> 0.097626363 | K647: =10*F647*(1-EXP(-J647*600))*6240000000000 -> 0 | L647: =EXP(-J647*30*60)*K647 -> 0 | M647: =G647 -> Zr100 | N647: =L647 -> 0 | O647: 642
B648: 40101 | C648: 0 | D648: 0 | E648: =0 -> 0 | F648: =SUM(C648:E648) -> 0 | G648: =VLOOKUP(B648,Nuclides!A:F,5,FALSE) -> Zr101 | H648: =VLOOKUP(B648,Nuclides!A:F,4,FALSE) -> 2.3 | I648: =IF(H648="STABLE", "STABLE", IF(H648<60, H648&"s", IF(H648<3600, ROUND(H648/60,2)&"min", IF(H648<86400, ROUND(H648/3600,2)&"h", IF(H648<31536000, ROUND(H648/86400,2)&"d", ROUND(H648/31536000,2)&"y"))))) -> 2.3s | J648: =LN(2)/H648 -> 0.30136834 | K648: =10*F648*(1-EXP(-J648*600))*6240000000000 -> 0 | L648: =EXP(-J648*30*60)*K648 -> 0 | M648: =G648 -> Zr101 | N648: =L648 -> 0 | O648: 643
... B678: 42092 | C678: 0 | D678: 1.1e-06 | E678: =0 -> 0 | F678: =SUM(C678:E678) -> 1.1e-06 | G678: =VLOOKUP(B678,Nuclides!A:F,5,FALSE) -> Mo92 | H678: =VLOOKUP(B678,Nuclides!A:F,4,FALSE) -> STABLE | I678: =IF(H678="STABLE", "STABLE", IF(H678<60, H678&"s", IF(H678<3600, ROUND(H678/60,2)&"min", IF(H678<86400, ROUND(H678/3600,2)&"h", IF(H678<31536000, ROUND(H678/86400,2)&"d", ROUND(H678/31536000,2)&"y"))))) -> STABLE | J678: =LN(2)/H678 -> #VALUE! | K678: =10*F678*(1-EXP(-J678*600))*6240000000000 -> #VALUE! | L678: =EXP(-J678*30*60)*K678 -> #VALUE! | M678: =G678 -> Mo92 | N678: =L678 -> #VALUE! | O678: 673
B679: 42093 | C679: 0 | D679: 6.5e-06 | E679: =0 -> 0 | F679: =SUM(C679:E679) -> 6.5e-06 | G679: =VLOOKUP(B679,Nuclides!A:F,5,FALSE) -> Mo93 | H679: =VLOOKUP(B679,Nuclides!A:F,4,FALSE) -> 126230400000 | I679: =IF(H679="STABLE", "STABLE", IF(H679<60, H679&"s", IF(H679<3600, ROUND(H679/60,2)&"min", IF(H679<86400, ROUND(H679/3600,2)&"h", IF(H679<31536000, ROUND(H679/86400,2)&"d", ROUND(H679/31536000,2)&"y"))))) -> 4002.74y | J679: =LN(2)/H679 -> 5.4911272e-12 | K679: =10*F679*(1-EXP(-J679*600))*6240000000000 -> 1.3363207 | L679: =EXP(-J679*30*60)*K679 -> 1.3363207 | M679: =G679 -> Mo93 | N679: =L679 -> 1.3363207 | O679: =0 -> 0
B680: 42094 | C680: 0 | D680: 0 | E680: =0 -> 0 | F680: =SUM(C680:E680) -> 0 | G680: =VLOOKUP(B680,Nuclides!A:F,5,FALSE) -> Mo94 | H680: =VLOOKUP(B680,Nuclides!A:F,4,FALSE) -> STABLE | I680: =IF(H680="STABLE", "STABLE", IF(H680<60, H680&"s", IF(H680<3600, ROUND(H680/60,2)&"min", IF(H680<86400, ROUND(H680/3600,2)&"h", IF(H680<31536000, ROUND(H680/86400,2)&"d", ROUND(H680/31536000,2)&"y"))))) -> STABLE | J680: =LN(2)/H680 -> #VALUE! | K680: =10*F680*(1-EXP(-J680*600))*6240000000000 -> #VALUE! | L680: =EXP(-J680*30*60)*K680 -> #VALUE! | M680: =G680 -> Mo94 | N680: =L680 -> #VALUE! | O680: 675
B681: 42095 | C681: 0 | D681: 0 | E681: =0 -> 0 | F681: =SUM(C681:E681) -> 0 | G681: =VLOOKUP(B681,Nuclides!A:F,5,FALSE) -> Mo95 | H681: =VLOOKUP(B681,Nuclides!A:F,4,FALSE) -> STABLE | I681: =IF(H681="STABLE", "STABLE", IF(H681<60, H681&"s", IF(H681<3600, ROUND(H681/60,2)&"min", IF(H681<86400, ROUND(H681/3600,2)&"h", IF(H681<31536000, ROUND(H681/86400,2)&"d", ROUND(H681/31536000,2)&"y"))))) -> STABLE | J681: =LN(2)/H681 -> #VALUE! | K681: =10*F681*(1-EXP(-J681*600))*6240000000000 -> #VALUE! | L681: =EXP(-J681*30*60)*K681 -> #VALUE! | M681: =G681 -> Mo95 | N681: =L681 -> #VALUE! | O681: 676
B682: 42096 | C682: 0 | D682: 0 | E682: =0 -> 0 | F682: =SUM(C682:E682) -> 0 | G682: =VLOOKUP(B682,Nuclides!A:F,5,FALSE) -> Mo96 | H682: =VLOOKUP(B682,Nuclides!A:F,4,FALSE) -> STABLE | I682: =IF(H682="STABLE", "STABLE", IF(H682<60, H682&"s", IF(H682<3600, ROUND(H682/60,2)&"min", IF(H682<86400, ROUND(H682/3600,2)&"h", IF(H682<31536000, ROUND(H682/86400,2)&"d", ROUND(H682/31536000,2)&"y"))))) -> STABLE | J682: =LN(2)/H682 -> #VALUE! | K682: =10*F682*(1-EXP(-J682*600))*6240000000000 -> #VALUE! | L682: =EXP(-J682*30*60)*K682 -> #VALUE! | M682: =G682 -> Mo96 | N682: =L682 -> #VALUE! | O682: 677
B683: 42097 | C683: 0 | D683: 0 | E683: =0 -> 0 | F683: =SUM(C683:E683) -> 0 | G683: =VLOOKUP(B683,Nuclides!A:F,5,FALSE) -> Mo97 | H683: =VLOOKUP(B683,Nuclides!A:F,4,FALSE) -> STABLE | I683: =IF(H683="STABLE", "STABLE", IF(H683<60, H683&"s", IF(H683<3600, ROUND(H683/60,2)&"min", IF(H683<86400, ROUND(H683/3600,2)&"h", IF(H683<31536000, ROUND(H683/86400,2)&"d", ROUND(H683/31536000,2)&"y"))))) -> STABLE | J683: =LN(2)/H683 -> #VALUE! | K683: =10*F683*(1-EXP(-J683*600))*6240000000000 -> #VALUE! | L683: =EXP(-J683*30*60)*K683 -> #VALUE! | M683: =G683 -> Mo97 | N683: =L683 -> #VALUE! | O683: 678
B684: 42098 | C684: 0 | D684: 0 | E684: =0 -> 0 | F684: =SUM(C684:E684) -> 0 | G684: =VLOOKUP(B684,Nuclides!A:F,5,FALSE) -> Mo98 | H684: =VLOOKUP(B684,Nuclides!A:F,4,FALSE) -> STABLE | I684: =IF(H684="STABLE", "STABLE", IF(H684<60, H684&"s", IF(H684<3600, ROUND(H684/60,2)&"min", IF(H684<86400, ROUND(H684/3600,2)&"h", IF(H684<31536000, ROUND(H684/86400,2)&"d", ROUND(H684/31536000,2)&"y"))))) -> STABLE | J684: =LN(2)/H684 -> #VALUE! | K684: =10*F684*(1-EXP(-J684*600))*6240000000000 -> #VALUE! | L684: =EXP(-J684*30*60)*K684 -> #VALUE! | M684: =G684 -> Mo98 | N684: =L684 -> #VALUE! | O684: 679
B685: 42099 | C685: 0 | D685: 0 | E685: =0 -> 0 | F685: =SUM(C685:E685) -> 0 | G685: =VLOOKUP(B685,Nuclides!A:F,5,FALSE) -> Mo99 | H685: =VLOOKUP(B685,Nuclides!A:F,4,FALSE) -> 237513.6 | I685: =IF(H685="STABLE", "STABLE", IF(H685<60, H685&"s", IF(H685<3600, ROUND(H685/60,2)&"min", IF(H685<86400, ROUND(H685/3600,2)&"h", IF(H685<31536000, ROUND(H685/86400,2)&"d", ROUND(H685/31536000,2)&"y"))))) -> 2.75d | J685: =LN(2)/H685 -> 2.9183473e-06 | K685: =10*F685*(1-EXP(-J685*600))*6240000000000 -> 0 | L685: =EXP(-J685*30*60)*K685 -> 0 | M685: =G685 -> Mo99 | N685: =L685 -> 0 | O685: 680
B686: 42100 | C686: 0 | D686: 0 | E686: =0 -> 0 | F686: =SUM(C686:E686) -> 0 | G686: =VLOOKUP(B686,Nuclides!A:F,5,FALSE) -> Mo100 | H686: =VLOOKUP(B686,Nuclides!A:F,4,FALSE) -> 2.3037048e+26 | I686: =IF(H686="STABLE", "STABLE", IF(H686<60, H686&"s", IF(H686<3600, ROUND(H686/60,2)&"min", IF(H686<86400, ROUND(H686/3600,2)&"h", IF(H686<31536000, ROUND(H686/86400,2)&"d", ROUND(H686/31536000,2)&"y"))))) -> 7305000000000000000y | J686: =LN(2)/H686 -> 3.0088368e-27 | K686: =10*F686*(1-EXP(-J686*600))*6240000000000 -> 0 | L686: =EXP(-J686*30*60)*K686 -> 0 | M686: =G686 -> Mo100 | N686: =L686 -> 0 | O686: 681
B687: 42101 | C687: 0 | D687: 0 | E687: =0 -> 0 | F687: =SUM(C687:E687) -> 0 | G687: =VLOOKUP(B687,Nuclides!A:F,5,FALSE) -> Mo101 | H687: =VLOOKUP(B687,Nuclides!A:F,4,FALSE) -> 876.6 | I687: =IF(H687="STABLE", "STABLE", IF(H687<60, H687&"s", IF(H687<3600, ROUND(H687/60,2)&"min", IF(H687<86400, ROUND(H687/3600,2)&"h", IF(H687<31536000, ROUND(H687/86400,2)&"d", ROUND(H687/31536000,2)&"y"))))) -> 14.61min | J687: =LN(2)/H687 -> 0.00079072231 | K687: =10*F687*(1-EXP(-J687*600))*6240000000000 -> 0 | L687: =EXP(-J687*30*60)*K687 -> 0 | M687: =G687 -> Mo101 | N687: =L687 -> 0 | O687: 682
B688: 42102 | C688: 0 | D688: 0 | E688: =0 -> 0 | F688: =SUM(C688:E688) -> 0 | G688: =VLOOKUP(B688,Nuclides!A:F,5,FALSE) -> Mo102 | H688: =VLOOKUP(B688,Nuclides!A:F,4,FALSE) -> 678 | I688: =IF(H688="STABLE", "STABLE", IF(H688<60, H688&"s", IF(H688<3600, ROUND(H688/60,2)&"min", IF(H688<86400, ROUND(H688/3600,2)&"h", IF(H688<31536000, ROUND(H688/86400,2)&"d", ROUND(H688/31536000,2)&"y"))))) -> 11.3min | J688: =LN(2)/H688 -> 0.001022341 | K688: =10*F688*(1-EXP(-J688*600))*6240000000000 -> 0 | L688: =EXP(-J688*30*60)*K688 -> 0 | M688: =G688 -> Mo102 | N688: =L688 -> 0 | O688: 683
B689: 42103 | C689: 0 | D689: 0 | E689: =0 -> 0 | F689: =SUM(C689:E689) -> 0 | G689: =VLOOKUP(B689,Nuclides!A:F,5,FALSE) -> Mo103 | H689: =VLOOKUP(B689,Nuclides!A:F,4,FALSE) -> 67.5 | I689: =IF(H689="STABLE", "STABLE", IF(H689<60, H689&"s", IF(H689<3600, ROUND(H689/60,2)&"min", IF(H689<86400, ROUND(H689/3600,2)&"h", IF(H689<31536000, ROUND(H689/86400,2)&"d", ROUND(H689/31536000,2)&"y"))))) -> 1.13min | J689: =LN(2)/H689 -> 0.010268847 | K689: =10*F689*(1-EXP(-J689*600))*6240000000000 -> 0 | L689: =EXP(-J689*30*60)*K689 -> 0 | M689: =G689 -> Mo103 | N689: =L689 -> 0 | O689: 684
B690: 42104 | C690: 0 | D690: 0 | E690: =0 -> 0 | F690: =SUM(C690:E690) -> 0 | G690: =VLOOKUP(B690,Nuclides!A:F,5,FALSE) -> Mo104 | H690: =VLOOKUP(B690,Nuclides!A:F,4,FALSE) -> 60 | I690: =IF(H690="STABLE", "STABLE", IF(H690<60, H690&"s", IF(H690<3600, ROUND(H690/60,2)&"min", IF(H690<86400, ROUND(H690/3600,2)&"h", IF(H690<31536000, ROUND(H690/86400,2)&"d", ROUND(H690/31536000,2)&"y"))))) -> 1min | J690: =LN(2)/H690 -> 0.011552453 | K690: =10*F690*(1-EXP(-J690*600))*6240000000000 -> 0 | L690: =EXP(-J690*30*60)*K690 -> 0 | M690: =G690 -> Mo104 | N690: =L690 -> 0 | O690: 685
B691: 42105 | C691: 0 | D691: 0 | E691: =0 -> 0 | F691: =SUM(C691:E691) -> 0 | G691: =VLOOKUP(B691,Nuclides!A:F,5,FALSE) -> Mo105 | H691: =VLOOKUP(B691,Nuclides!A:F,4,FALSE) -> 35.6 | I691: =IF(H691="STABLE", "STABLE", IF(H691<60, H691&"s", IF(H691<3600, ROUND(H691/60,2)&"min", IF(H691<86400, ROUND(H691/3600,2)&"h", IF(H691<31536000, ROUND(H691/86400,2)&"d", ROUND(H691/31536000,2)&"y"))))) -> 35.6s | J691: =LN(2)/H691 -> 0.019470426 | K691: =10*F691*(1-EXP(-J691*600))*6240000000000 -> 0 | L691: =EXP(-J691*30*60)*K691 -> 0 | M691: =G691 -> Mo105 | N691: =L691 -> 0 | O691: 686
... B1772: 80206 | C1772: 0 | D1772: 0 | E1772: =0 -> 0 | F1772: =SUM(C1772:E1772) -> 0 | G1772: =VLOOKUP(B1772,Nuclides!A:F,5,FALSE) -> Hg206 | H1772: =VLOOKUP(B1772,Nuclides!A:F,4,FALSE) -> 499.2 | I1772: =IF(H1772="STABLE", "STABLE", IF(H1772<60, H1772&"s", IF(H1772<3600, ROUND(H1772/60,2)&"min", IF(H1772<86400, ROUND(H1772/3600,2)&"h", IF(H1772<31536000, ROUND(H1772/86400,2)&"d", ROUND(H1772/31536000,2)&"y"))))) -> 8.32min | J1772: =LN(2)/H1772 -> 0.001388516 | K1772: =10*F1772*(1-EXP(-J1772*600))*6240000000000 -> 0 | L1772: =EXP(-J1772*30*60)*K1772 -> 0 | M1772: =G1772 -> Hg206 | N1772: =L1772 -> 0 | O1772: 1767

Sheet Y
G1: Nuclides | H1: T1/2 | I1: T1/2 | J1: λ | K1: 10μA*10min | L1: cool-30min | M1: Nuclides
B4: 1001 | C4: 0 | D4: 0 | E4: =0 -> 0 | F4: =SUM(C4:E4) -> 0 | G4: =VLOOKUP(B4,Nuclides!A:F,5,FALSE) -> H1 | H4: =VLOOKUP(B4,Nuclides!A:F,4,FALSE) -> 613.9 | I4: =IF(H4="STABLE", "STABLE", IF(H4<60, H4&"s", IF(H4<3600, ROUND(H4/60,2)&"min", IF(H4<86400, ROUND(H4/3600,2)&"h", IF(H4<31536000, ROUND(H4/86400,2)&"d", ROUND(H4/31536000,2)&"y"))))) -> 10.23min | J4: =LN(2)/H4 -> 0.0011290881 | K4: =10*F4*(1-EXP(-J4*600))*6240000000000 -> 0 | L4: =EXP(-J4*30*60)*K4 -> 0 | M4: =G4 -> H1 | N4: =L4 -> 0 | O4: =0 -> 0
B5: 1002 | C5: 0 | D5: 0 | E5: =0 -> 0 | F5: =SUM(C5:E5) -> 0 | G5: =VLOOKUP(B5,Nuclides!A:F,5,FALSE) -> H2 | H5: =VLOOKUP(B5,Nuclides!A:F,4,FALSE) -> STABLE | I5: =IF(H5="STABLE", "STABLE", IF(H5<60, H5&"s", IF(H5<3600, ROUND(H5/60,2)&"min", IF(H5<86400, ROUND(H5/3600,2)&"h", IF(H5<31536000, ROUND(H5/86400,2)&"d", ROUND(H5/31536000,2)&"y"))))) -> STABLE | J5: =LN(2)/H5 -> #VALUE! | K5: =10*F5*(1-EXP(-J5*600))*6240000000000 -> #VALUE! | L5: =EXP(-J5*30*60)*K5 -> #VALUE! | M5: =G5 -> H2 | N5: =L5 -> #VALUE! | O5: =0 -> 0
B6: 1003 | C6: 0 | D6: 0 | E6: =0 -> 0 | F6: =SUM(C6:E6) -> 0 | G6: =VLOOKUP(B6,Nuclides!A:F,5,FALSE) -> H3 | H6: =VLOOKUP(B6,Nuclides!A:F,4,FALSE) -> 388789632 | I6: =IF(H6="STABLE", "STABLE", IF(H6<60, H6&"s", IF(H6<3600, ROUND(H6/60,2)&"min", IF(H6<86400, ROUND(H6/3600,2)&"h", IF(H6<31536000, ROUND(H6/86400,2)&"d", ROUND(H6/31536000,2)&"y"))))) -> 12.33y | J6: =LN(2)/H6 -> 1.7828335e-09 | K6: =10*F6*(1-EXP(-J6*600))*6240000000000 -> 0 | L6: =EXP(-J6*30*60)*K6 -> 0 | M6: =G6 -> H3 | N6: =L6 -> 0 | O6: =0 -> 0
B7: 2003 | C7: 0 | D7: 0 | E7: =0 -> 0 | F7: =SUM(C7:E7) -> 0 | G7: =VLOOKUP(B7,Nuclides!A:F,5,FALSE) -> He3 | H7: =VLOOKUP(B7,Nuclides!A:F,4,FALSE) -> STABLE | I7: =IF(H7="STABLE", "STABLE", IF(H7<60, H7&"s", IF(H7<3600, ROUND(H7/60,2)&"min", IF(H7<86400, ROUND(H7/3600,2)&"h", IF(H7<31536000, ROUND(H7/86400,2)&"d", ROUND(H7/31536000,2)&"y"))))) -> STABLE | J7: =LN(2)/H7 -> #VALUE! | K7: =10*F7*(1-EXP(-J7*600))*6240000000000 -> #VALUE! | L7: =EXP(-J7*30*60)*K7 -> #VALUE! | M7: =G7 -> He3 | N7: =L7 -> #VALUE! | O7: =0 -> 0
B8: 2004 | C8: 0 | D8: 0 | E8: =0 -> 0 | F8: =SUM(C8:E8) -> 0 | G8: =VLOOKUP(B8,Nuclides!A:F,5,FALSE) -> He4 | H8: =VLOOKUP(B8,Nuclides!A:F,4,FALSE) -> STABLE | I8: =IF(H8="STABLE", "STABLE", IF(H8<60, H8&"s", IF(H8<3600, ROUND(H8/60,2)&"min", IF(H8<86400, ROUND(H8/3600,2)&"h", IF(H8<31536000, ROUND(H8/86400,2)&"d", ROUND(H8/31536000,2)&"y"))))) -> STABLE | J8: =LN(2)/H8 -> #VALUE! | K8: =10*F8*(1-EXP(-J8*600))*6240000000000 -> #VALUE! | L8: =EXP(-J8*30*60)*K8 -> #VALUE! | M8: =G8 -> He4 | N8: =L8 -> #VALUE! | O8: =0 -> 0
B9: 2005 | C9: 0 | D9: 0 | E9: =0 -> 0 | F9: =SUM(C9:E9) -> 0 | G9: =VLOOKUP(B9,Nuclides!A:F,5,FALSE) -> He5 | H9: =VLOOKUP(B9,Nuclides!A:F,4,FALSE) -> 7.595e-22 | I9: =IF(H9="STABLE", "STABLE", IF(H9<60, H9&"s", IF(H9<3600, ROUND(H9/60,2)&"min", IF(H9<86400, ROUND(H9/3600,2)&"h", IF(H9<31536000, ROUND(H9/86400,2)&"d", ROUND(H9/31536000,2)&"y"))))) -> 7.595E-22s | J9: =LN(2)/H9 -> 9.1263618e+20 | K9: =10*F9*(1-EXP(-J9*600))*6240000000000 -> 0 | L9: =EXP(-J9*30*60)*K9 -> 0 | M9: =G9 -> He5 | N9: =L9 -> 0 | O9: =0 -> 0
B10: 2006 | C10: 0 | D10: 0 | E10: =0 -> 0 | F10: =SUM(C10:E10) -> 0 | G10: =VLOOKUP(B10,Nuclides!A:F,5,FALSE) -> He6 | H10: =VLOOKUP(B10,Nuclides!A:F,4,FALSE) -> 0.8067 | I10: =IF(H10="STABLE", "STABLE", IF(H10<60, H10&"s", IF(H10<3600, ROUND(H10/60,2)&"min", IF(H10<86400, ROUND(H10/3600,2)&"h", IF(H10<31536000, ROUND(H10/86400,2)&"d", ROUND(H10/31536000,2)&"y"))))) -> 0.8067s | J10: =LN(2)/H10 -> 0.85923786 | K10: =10*F10*(1-EXP(-J10*600))*6240000000000 -> 0 | L10: =EXP(-J10*30*60)*K10 -> 0 | M10: =G10 -> He6 | N10: =L10 -> 0 | O10: =0 -> 0
B11: 2007 | C11: 0 | D11: 0 | E11: =0 -> 0 | F11: =SUM(C11:E11) -> 0 | G11: =VLOOKUP(B11,Nuclides!A:F,5,FALSE) -> He7 | H11: =VLOOKUP(B11,Nuclides!A:F,4,FALSE) -> 3.038e-21 | I11: =IF(H11="STABLE", "STABLE", IF(H11<60, H11&"s", IF(H11<3600, ROUND(H11/60,2)&"min", IF(H11<86400, ROUND(H11/3600,2)&"h", IF(H11<31536000, ROUND(H11/86400,2)&"d", ROUND(H11/31536000,2)&"y"))))) -> 3.038E-21s | J11: =LN(2)/H11 -> 2.2815905e+20 | K11: =10*F11*(1-EXP(-J11*600))*6240000000000 -> 0 | L11: =EXP(-J11*30*60)*K11 -> 0 | M11: =G11 -> He7 | N11: =L11 -> 0 | O11: =0 -> 0
B12: 2008 | C12: 0 | D12: 0 | E12: =0 -> 0 | F12: =SUM(C12:E12) -> 0 | G12: =VLOOKUP(B12,Nuclides!A:F,5,FALSE) -> He8 | H12: =VLOOKUP(B12,Nuclides!A:F,4,FALSE) -> 0.1191 | I12: =IF(H12="STABLE", "STABLE", IF(H12<60, H12&"s", IF(H12<3600, ROUND(H12/60,2)&"min", IF(H12<86400, ROUND(H12/3600,2)&"h", IF(H12<31536000, ROUND(H12/86400,2)&"d", ROUND(H12/31536000,2)&"y"))))) -> 0.1191s | J12: =LN(2)/H12 -> 5.8198756 | K12: =10*F12*(1-EXP(-J12*600))*6240000000000 -> 0 | L12: =EXP(-J12*30*60)*K12 -> 0 | M12: =G12 -> He8 | N12: =L12 -> 0 | O12: =0 -> 0
B13: 3005 | C13: 0 | D13: 0 | E13: =0 -> 0 | F13: =SUM(C13:E13) -> 0 | G13: =VLOOKUP(B13,Nuclides!A:F,5,FALSE) -> Li5 | H13: =VLOOKUP(B13,Nuclides!A:F,4,FALSE) -> 3.038e-22 | I13: =IF(H13="STABLE", "STABLE", IF(H13<60, H13&"s", IF(H13<3600, ROUND(H13/60,2)&"min", IF(H13<86400, ROUND(H13/3600,2)&"h", IF(H13<31536000, ROUND(H13/86400,2)&"d", ROUND(H13/31536000,2)&"y"))))) -> 3.038E-22s | J13: =LN(2)/H13 -> 2.2815905e+21 | K13: =10*F13*(1-EXP(-J13*600))*6240000000000 -> 0 | L13: =EXP(-J13*30*60)*K13 -> 0 | M13: =G13 -> Li5 | N13: =L13 -> 0 | O13: =0 -> 0
B14: 3006 | C14: 0 | D14: 0 | E14: =0 -> 0 | F14: =SUM(C14:E14) -> 0 | G14: =VLOOKUP(B14,Nuclides!A:F,5,FALSE) -> Li6 | H14: =VLOOKUP(B14,Nuclides!A:F,4,FALSE) -> STABLE | I14: =IF(H14="STABLE", "STABLE", IF(H14<60, H14&"s", IF(H14<3600, ROUND(H14/60,2)&"min", IF(H14<86400, ROUND(H14/3600,2)&"h", IF(H14<31536000, ROUND(H14/86400,2)&"d", ROUND(H14/31536000,2)&"y"))))) -> STABLE | J14: =LN(2)/H14 -> #VALUE! | K14: =10*F14*(1-EXP(-J14*600))*6240000000000 -> #VALUE! | L14: =EXP(-J14*30*60)*K14 -> #VALUE! | M14: =G14 -> Li6 | N14: =L14 -> #VALUE! | O14: =0 -> 0
B15: 3007 | C15: 0 | D15: 0 | E15: =0 -> 0 | F15: =SUM(C15:E15) -> 0 | G15: =VLOOKUP(B15,Nuclides!A:F,5,FALSE) -> Li7 | H15: =VLOOKUP(B15,Nuclides!A:F,4,FALSE) -> STABLE | I15: =IF(H15="STABLE", "STABLE", IF(H15<60, H15&"s", IF(H15<3600, ROUND(H15/60,2)&"min", IF(H15<86400, ROUND(H15/3600,2)&"h", IF(H15<31536000, ROUND(H15/86400,2)&"d", ROUND(H15/31536000,2)&"y"))))) -> STABLE | J15: =LN(2)/H15 -> #VALUE! | K15: =10*F15*(1-EXP(-J15*600))*6240000000000 -> #VALUE! | L15: =EXP(-J15*30*60)*K15 -> #VALUE! | M15: =G15 -> Li7 | N15: =L15 -> #VALUE! | O15: =0 -> 0
... B1771: 80206 | C1771: 0 | D1771: 0 | E1771: =0 -> 0 | F1771: =SUM(C1771:E1771) -> 0 | G1771: =VLOOKUP(B1771,Nuclides!A:F,5,FALSE) -> Hg206 | H1771: =VLOOKUP(B1771,Nuclides!A:F,4,FALSE) -> 499.2 | I1771: =IF(H1771="STABLE", "STABLE", IF(H1771<60, H1771&"s", IF(H1771<3600, ROUND(H1771/60,2)&"min", IF(H1771<86400, ROUND(H1771/3600,2)&"h", IF(H1771<31536000, ROUND(H1771/86400,2)&"d", ROUND(H1771/31536000,2)&"y"))))) -> 8.32min | J1771: =LN(2)/H1771 -> 0.001388516 | K1771: =10*F1771*(1-EXP(-J1771*600))*6240000000000 -> 0 | L1771: =EXP(-J1771*30*60)*K1771 -> 0 | M1771: =G1771 -> Hg206 | N1771: =L1771 -> 0 | O1771: =0 -> 0
